Product_ID,Product_Name,Category,Subcategory,Estimated_Total_Units_Sold_in_2025,Estimated_Revenue_in_2025_USD,Price_From_EUR,Price_To_EUR,WarehouseName,WarehouseCode,WarehouseGLN,WarehouseAddress,IsSameDayAvailable,IsNextDayAvailable,IsNormalDeliveryAvailable,Country_Of_Origin,CO2_Footprint_kg,Packaging_Type,Repairability_Score,Estimated_Lifespan_Years,Material_Recyclable_Pct,Eco_Label,Carbon_Neutral_Certified,Packaging_Score,Material_Type_Score,Warehouse_Infra_Score,Sub_Score_1,Transport_Score,Logistics_Plausibility_Score,Seller_Honesty_Score,Sub_Score_2,Final_Sustainability_Score,Confidence_Level,Missing_Data_Gaps,Claim_Risk_Flag,Claim_Risk_Reason,Recommended_Delivery_Date,Delivery_Improvement_Percent,Greener_Alternative_Product_ID,Bol_Certified,Eco_Label_Scope,Price_Sustainability_Score,Alternative_Price_Delta_EUR,Alt_Price_Saving_EUR,Alt_CO2_Saving_Kg,Alt_Greener_Pct,Make_Score,Last_Score
PROD-2025-0001,Loaded Tea At-Home Beverage Pack,Food & Beverage,Beverages,1651289,4953867.0,2.76,3.68,Bol - BFC Site 2,BFC2,8714252028102,"Mechie Trommelenweg 1, 5145 ND Waalwijk",TRUE,TRUE,TRUE,Netherlands,5.58,Recyclable Cardboard,1,,,,FALSE,70.0,49.0,55.0,58.5,50.0,100.0,TRUE,67.5,24.7,High,Material_Recyclable_Pct,FALSE,,Next day,,,FALSE,,50.0,,,,,0.0,0.0
PROD-2025-0002,Protein Coffee On-The-Go Energy Drink,Food & Beverage,Beverages,1466551,4399653.0,2.76,3.68,Bol - BFC Site 2,BFC2,8714252028102,"Mechie Trommelenweg 1, 5145 ND Waalwijk",FALSE,TRUE,TRUE,UK,,Plastic,,0.3,,,FALSE,25.0,49.0,55.0,42.7,0.0,100.0,TRUE,35.0,40.9,Medium,CO2_Footprint_kg; Material_Recyclable_Pct,FALSE,,Next day,,,FALSE,,100.0,,,,,0.0,100.0
PROD-2025-0003,Whitening Strips 7-Day Treatment,Beauty & Skincare,Personal Care,953072,10483792.0,10.12,14.72,Bol - Ingram Micro,INGRAM,8712423020603,"Veerweg 16, 5145 NS Waalwijk",FALSE,TRUE,TRUE,France,,Minimal Packaging,2,0.3,,,,80.0,52.5,30.0,54.2,59.1,100.0,TRUE,73.4,44.4,Medium,CO2_Footprint_kg; Material_Recyclable_Pct,FALSE,,Standard,,,FALSE,,99.2,,,,,49.4,10.0
PROD-2025-0004,5-1 Full Body Shaver,Beauty & Skincare,Personal Care Gadgets,509346,22920570.0,41.4,62.56,Bol - BFC Site 1,BFC1,8714252028140,"Mechie Trommelenweg 1, 5145 ND Waalwijk",TRUE,TRUE,TRUE,USA,5.87,Plastic,1,0.5,25,,FALSE,25.0,25.0,85.0,46.0,38.7,100.0,TRUE,60.2,46.8,High,None,FALSE,,Next day,,PROD-2025-0830,FALSE,,82.0,79.58,0.0,1.2,28,67.4,10.6
PROD-2025-0005,Newborn Training Pants Baby Shorts,Baby,Organic Baby Clothing,835510,12532650.0,13.8,20.24,Bol - BFC Site 2,BFC2,8714252028102,"Mechie Trommelenweg 1, 5145 ND Waalwijk",TRUE,TRUE,TRUE,USA,,Minimal Packaging,1,,45,,FALSE,80.0,45.0,55.0,60.8,24.3,100.0,TRUE,50.8,40.3,Medium,CO2_Footprint_kg,FALSE,,Standard,,PROD-2025-0552,FALSE,,98.2,71.76,0.0,,64,50.0,0.0
PROD-2025-0006,Vintage Crochet Set,Fashion,Womenswear,194058,6792030.0,32.2,47.84,Bol - BFC Site 2,BFC2,8714252028102,"Mechie Trommelenweg 1, 5145 ND Waalwijk",TRUE,TRUE,TRUE,,28.33,Plastic,3,,70,,FALSE,25.0,70.0,55.0,49.0,20.3,70.0,TRUE,37.7,37.0,High,Country_Of_Origin,FALSE,,Today,,PROD-2025-0635,TRUE,,85.1,-19.78,19.78,,39,36.7,25.0
PROD-2025-0007,Kids Sonic Clean Auto-Toothbrush,Baby,Baby Safety Gear,251080,6277000.0,23.0,34.96,Bol - BFC Site 1,BFC1,8714252028140,"Mechie Trommelenweg 1, 5145 ND Waalwijk",TRUE,TRUE,TRUE,China,18.68,Plastic,1,1.5,39,,FALSE,25.0,39.0,85.0,50.2,0.0,100.0,TRUE,35.0,34.1,High,None,FALSE,,Next day,,PROD-2025-0464,FALSE,,88.6,29.9,0.0,13.0,104,39.8,9.4
PROD-2025-0008,Automated Toilet Bowl Cleaner,Home & Garden,Eco-friendly Cleaning,341482,4097784.0,11.04,16.56,Bol - Ingram Micro,INGRAM,8712423020603,"Veerweg 16, 5145 NS Waalwijk",FALSE,TRUE,TRUE,Germany,30.22,Minimal Packaging,3,,74,,FALSE,80.0,74.0,30.0,60.7,51.4,100.0,TRUE,68.4,62.9,High,None,FALSE,,Next day,,PROD-2025-0052,TRUE,,100.0,37.72,0.0,,11,89.2,25.0
PROD-2025-0009,Quick Release Belt,Fashion,Accessories,554123,11082460.0,18.4,27.6,Bol - BFC Site 2,BFC2,8714252028102,"Mechie Trommelenweg 1, 5145 ND Waalwijk",TRUE,TRUE,TRUE,Portugal,14.25,Mixed Plastic+Cardboard,,4.3,73,Energy Star,FALSE,45.0,73.0,55.0,56.9,82.4,100.0,TRUE,88.6,69.9,High,None,FALSE,,Today,,,TRUE,Energy efficiency,99.0,,,,,61.7,83.0
PROD-2025-0010,Healing Tool Tuning Fork Set,Fitness,Recovery Tools,129966,7148130.0,50.6,75.44,Bol - BFC Site 2,BFC2,8714252028102,"Mechie Trommelenweg 1, 5145 ND Waalwijk",FALSE,TRUE,TRUE,,74.34,Plastic,5,7.7,,,FALSE,25.0,53.0,55.0,43.9,6.5,70.0,TRUE,28.8,39.0,Medium,Material_Recyclable_Pct; Country_Of_Origin,FALSE,,Next day,,PROD-2025-0556,FALSE,,56.2,-8.28,8.28,19.2,28,30.4,52.4
PROD-2025-0011,Rotator Burn Machine,Fitness,Home Gym Equipment,554994,47174490.0,78.2,117.76,Bol - BFC Site 2,BFC2,8714252028102,"Mechie Trommelenweg 1, 5145 ND Waalwijk",TRUE,TRUE,TRUE,,26.75,Minimal Packaging,,,32,,FALSE,80.0,32.0,55.0,56.9,6.5,70.0,TRUE,28.8,58.8,Medium,Country_Of_Origin; Repairability/Lifespan,FALSE,,Standard,,PROD-2025-0513,FALSE,,54.0,-41.86,41.86,8.6,14,79.4,50.0
PROD-2025-0012,Electric Cordless Rotary Tool Kit,Home & Garden,Kitchen Gadgets,157359,6294360.0,36.8,55.2,Bol - BFC Site 2,BFC2,8714252028102,"Mechie Trommelenweg 1, 5145 ND Waalwijk",FALSE,TRUE,TRUE,,77.32,Minimal Packaging,,14.7,,,,80.0,47.5,55.0,61.5,39.2,70.0,TRUE,50.0,64.8,Medium,Material_Recyclable_Pct; Country_Of_Origin,FALSE,,Next day,,,FALSE,,91.3,,,,,68.9,71.2
PROD-2025-0013,Portable Air Cooling Fan,Electronics,Portable Audio,451274,13538220.0,27.6,41.4,Bol - Ingram Micro,INGRAM,8712423020603,"Veerweg 16, 5145 NS Waalwijk",FALSE,TRUE,TRUE,,220.5,,9,2.4,6,,FALSE,45.0,6.0,30.0,28.0,35.8,50.0,TRUE,40.8,31.8,Medium,Packaging_Type; Country_Of_Origin,FALSE,,Standard,,PROD-2025-0488,FALSE,,72.1,-2.76,2.76,139.4,73,16.2,52.0
PROD-2025-0014,Labubu Collectible Art Toy,Fashion,Accessories,1951773,48794325.0,23.0,34.96,Bol - BFC Site 2,BFC2,8714252028102,"Mechie Trommelenweg 1, 5145 ND Waalwijk",TRUE,TRUE,TRUE,Bangladesh,49.31,Biodegradable,4,3.9,67,,FALSE,90.0,67.0,55.0,70.8,20.3,100.0,TRUE,48.2,37.2,High,None,FALSE,,Standard,,PROD-2025-0009,TRUE,,93.1,-5.98,5.98,35.1,88,0.0,48.9
PROD-2025-0015,Korean Glass Skin Serum,Beauty & Skincare,Korean Skincare,2489696,44814528.0,16.56,24.84,Bol - BFC Site 2,BFC2,8714252028102,"Mechie Trommelenweg 1, 5145 ND Waalwijk",FALSE,TRUE,TRUE,,7.79,Recyclable Cardboard,1,0.3,,,FALSE,70.0,52.5,55.0,59.5,38.7,70.0,TRUE,49.7,39.4,Medium,Material_Recyclable_Pct; Country_Of_Origin,FALSE,,Standard,,PROD-2025-0311,FALSE,,94.3,87.86,0.0,7.2,109,46.1,3.8
PROD-2025-0016,Heatless Hair Curler Set,Beauty & Skincare,Hair Care Tools,2765107,33181284.0,11.04,16.56,Bol - BFC Site 2,BFC2,8714252028102,"Mechie Trommelenweg 1, 5145 ND Waalwijk",TRUE,TRUE,TRUE,,8.7,Plastic,3,,,,FALSE,25.0,52.5,55.0,43.8,38.7,70.0,TRUE,49.7,38.8,Medium,Material_Recyclable_Pct; Country_Of_Origin,FALSE,,Next day,,PROD-2025-0241,FALSE,,95.9,46.92,0.0,4.5,78,40.4,25.0
PROD-2025-0017,Linen Breathable Bedsheet Set,Home & Garden,Home Office Decor,363291,23613915.0,59.8,90.16,Bol - BFC Site 1,BFC1,8714252028140,"Mechie Trommelenweg 1, 5145 ND Waalwijk",FALSE,FALSE,TRUE,China,,Foam + Plastic,3,,,,FALSE,10.0,47.5,85.0,47.5,0.0,100.0,TRUE,35.0,40.9,Medium,CO2_Footprint_kg; Material_Recyclable_Pct,FALSE,,Standard,,PROD-2025-0690,FALSE,,56.7,-0.92,0.92,,43,50.0,25.0
PROD-2025-0018,Smart Pet Feeder with Camera,Pet,Smart Pet Feeders,695025,83403000.0,110.4,165.6,Bol - BFC Site 2,BFC2,8714252028102,"Mechie Trommelenweg 1, 5145 ND Waalwijk",TRUE,TRUE,TRUE,China,18.84,,,,39,,FALSE,45.0,39.0,55.0,46.7,0.0,80.0,TRUE,28.0,29.3,Medium,Packaging_Type; Repairability/Lifespan,FALSE,,Today,,PROD-2025-0641,FALSE,,2.9,-77.28,77.28,17.5,135,2.7,50.0
PROD-2025-0019,Biodegradable Bamboo Toothbrush 10-Pack,Eco-Friendly,Zero-waste Kits,412771,6191565.0,13.8,20.24,Bol - BFC Site 2,BFC2,8714252028102,"Mechie Trommelenweg 1, 5145 ND Waalwijk",FALSE,TRUE,TRUE,USA,,Minimal Packaging,,,,EU Ecolabel,FALSE,80.0,70.0,55.0,68.2,0.0,100.0,FALSE,35.0,52.0,Low,CO2_Footprint_kg; Material_Recyclable_Pct; Repairability/Lifespan,TRUE,"Carries an eco label, but scores below the category average on our independent check.",Standard,,PROD-2025-0731,FALSE,Lifecycle (broad environmental),98.9,58.42,0.0,,74,49.2,50.0
PROD-2025-0020,Digital Planner 2025 Pro Edition,Digital Goods,Digital Planners,268352,5098688.0,17.48,25.76,Bol - BFC Site 2,BFC2,8714252028102,"Mechie Trommelenweg 1, 5145 ND Waalwijk",FALSE,FALSE,FALSE,,0.0,Digital - No Packaging,,,,,,100.0,49.0,55.0,69.0,100.0,70.0,TRUE,89.5,90.7,Medium,Material_Recyclable_Pct; Country_Of_Origin; Repairability/Lifespan,FALSE,,Standard,,,FALSE,,100.0,,,,,100.0,100.0
PROD-2025-0021,Pro Activewear Mat,Fitness,Activewear,75967,9647809.0,106.72,126.96,Bol - BFC Site 1,BFC1,8714252028140,"Mechie Trommelenweg 1, 5145 ND Waalwijk",TRUE,TRUE,TRUE,USA,8.97,Foam + Plastic,3,4.9,,,FALSE,10.0,51.5,85.0,48.7,63.6,100.0,TRUE,76.3,63.6,High,Material_Recyclable_Pct,FALSE,,Today,,PROD-2025-0145,FALSE,,50.4,-69.92,69.92,,39,96.1,25.3
PROD-2025-0022,Smart Smart Home Devices Watch,Electronics,Smart Home Devices,29164,3718410.0,87.4,147.2,Bol - Ingram Micro,INGRAM,8712423020603,"Veerweg 16, 5145 NS Waalwijk",FALSE,TRUE,TRUE,Taiwan,205.53,Recyclable Cardboard,5,5.3,36,,FALSE,70.0,36.0,30.0,45.8,0.0,100.0,TRUE,35.0,36.9,High,None,FALSE,,Next day,,PROD-2025-0638,FALSE,,9.0,-5.98,5.98,161.8,102,25.0,45.7
PROD-2025-0023,Eco Eco-friendly Cleaning Blender,Home & Garden,Eco-friendly Cleaning,31900,3285700.0,72.68,116.84,Bol - BFC XL 2,BFCXL2,8714252028164,"Rietgraaf 10, 6678 PJ Oosterhout",FALSE,TRUE,TRUE,Netherlands,161.12,Recyclable Cardboard,,,40,,FALSE,70.0,40.0,100.0,71.5,81.1,100.0,TRUE,87.7,51.8,High,Repairability/Lifespan,FALSE,,Standard,,PROD-2025-0052,FALSE,,57.7,-43.24,43.24,108.4,35,23.0,50.8
PROD-2025-0024,Sustainable Yoga Gear Scale,Fitness,Yoga Gear,49152,1253376.0,11.04,35.88,Bol - BFC XL 2,BFCXL2,8714252028164,"Rietgraaf 10, 6678 PJ Oosterhout",FALSE,TRUE,TRUE,China,98.44,,5,5.8,70,,FALSE,45.0,70.0,100.0,71.8,6.5,80.0,TRUE,32.3,33.8,High,Packaging_Type,FALSE,,Next day,,PROD-2025-0233,TRUE,,92.0,27.6,0.0,83.6,130,1.0,42.7
PROD-2025-0025,Wireless Smart Fitness Trackers Roller,Fitness,Smart Fitness Trackers,19631,1187675.5,26.68,84.64,Bol - Ingram Micro,INGRAM,8712423020603,"Veerweg 16, 5145 NS Waalwijk",FALSE,TRUE,TRUE,USA,75.02,Plastic,5,9.0,,,FALSE,25.0,38.5,30.0,30.8,63.6,100.0,TRUE,76.3,44.3,High,Material_Recyclable_Pct,FALSE,,Standard,,PROD-2025-0064,FALSE,,71.5,2.76,0.0,59.7,60,28.4,61.0
PROD-2025-0026,Sustainable Interactive Pet Toys Shampoo,Pet,Interactive Pet Toys,282199,29066497.0,80.04,109.48,Bol - BFC Site 2,BFC2,8714252028102,"Mechie Trommelenweg 1, 5145 ND Waalwijk",FALSE,TRUE,TRUE,China,4.31,Plastic,3,,,,FALSE,25.0,44.0,55.0,41.2,0.0,100.0,TRUE,35.0,50.1,High,Material_Recyclable_Pct,FALSE,,Next day,,PROD-2025-0370,FALSE,,51.5,-28.52,28.52,2.0,26,80.8,25.0
PROD-2025-0027,Sustainable Kitchen Gadgets Blender,Home & Garden,Kitchen Gadgets,177772,23732562.0,101.2,144.44,Bol - BFC Site 2,BFC2,8714252028102,"Mechie Trommelenweg 1, 5145 ND Waalwijk",FALSE,FALSE,TRUE,China,,Mixed Plastic+Cardboard,,16.3,33,Energy Star,,45.0,33.0,55.0,44.9,0.0,100.0,TRUE,35.0,56.0,High,CO2_Footprint_kg,FALSE,,Standard,,PROD-2025-0781,TRUE,Energy efficiency,41.3,-46.46,46.46,,12,50.0,88.1
PROD-2025-0028,Portable Solar Powered Gadgets Utensils,Eco-Friendly,Solar Powered Gadgets,81687,10415092.5,92.92,141.68,Bol - BFC XL 2,BFCXL2,8714252028133,"Rietgraaf 10, 6678 PJ Oosterhout",FALSE,FALSE,TRUE,USA,15.98,Recyclable Cardboard,3,3.8,84,,FALSE,70.0,84.0,100.0,84.7,0.0,100.0,FALSE,35.0,54.3,High,None,TRUE,"Carries an eco label, but scores below the category average on our independent check.",Standard,,PROD-2025-0112,FALSE,,37.6,-10.12,10.12,3.7,15,63.1,23.1
PROD-2025-0029,Smart Smart Home Devices Speaker,Electronics,Smart Home Devices,16198,2470195.0,129.72,150.88,Bol - Ingram Micro,INGRAM,8712423020603,"Veerweg 16, 5145 NS Waalwijk",FALSE,FALSE,TRUE,China,224.49,Biodegradable,9,5.6,,,FALSE,90.0,44.5,30.0,55.3,35.8,100.0,TRUE,58.3,45.5,High,Material_Recyclable_Pct,FALSE,,Standard,,PROD-2025-0638,FALSE,,10.8,-28.98,28.98,180.8,64,12.5,74.0
PROD-2025-0030,Pro Pet Apparel Bowl,Pet,Pet Apparel,37403,1963657.5,34.04,62.56,Bol - BFC Site 1,BFC1,8714252028140,"Mechie Trommelenweg 1, 5145 ND Waalwijk",FALSE,TRUE,TRUE,,14.56,Plastic,1,,,,,25.0,44.0,85.0,51.7,40.5,70.0,TRUE,50.9,31.6,Medium,Material_Recyclable_Pct; Country_Of_Origin,FALSE,,Next day,,PROD-2025-0165,FALSE,,62.1,-13.34,13.34,7.4,106,31.5,0.0
PROD-2025-0031,Flex Stock Media Bundle,Digital Goods,Stock Media,61941,8578828.5,105.8,149.04,Bol - BFC Site 1,BFC1,8714252028140,"Mechie Trommelenweg 1, 5145 ND Waalwijk",FALSE,FALSE,FALSE,USA,0.0,Digital - No Packaging,,,,,,100.0,49.0,85.0,79.5,100.0,100.0,TRUE,100.0,94.9,Medium,Material_Recyclable_Pct; Repairability/Lifespan,FALSE,,Standard,,,FALSE,,31.9,,,,,100.0,100.0
PROD-2025-0032,Smart Organic Baby Clothing Bib,Baby,Organic Baby Clothing,98315,15287982.5,106.72,179.4,Bol - BFC Site 1,BFC1,8714252028140,"Mechie Trommelenweg 1, 5145 ND Waalwijk",FALSE,FALSE,TRUE,USA,12.65,,4,4.8,,,FALSE,45.0,55.5,85.0,62.1,24.3,80.0,TRUE,43.8,62.8,High,Packaging_Type; Material_Recyclable_Pct,FALSE,,Standard,,,FALSE,,36.0,,,,,68.2,67.3
PROD-2025-0033,Ultra Phone Accessories Hub,Electronics,Phone Accessories,47671,4933948.5,74.52,115.92,Bol - Ingram Micro,INGRAM,8712423020603,"Veerweg 16, 5145 NS Waalwijk",FALSE,TRUE,TRUE,South Korea,53.79,Recyclable Cardboard,3,6.7,15,Energy Star,TRUE,70.0,15.0,30.0,39.5,25.9,100.0,FALSE,51.9,57.2,High,None,TRUE,"Eco claim, but only 15% recyclable material.",Standard,,,FALSE,Energy efficiency,48.6,,,,,82.5,42.5
PROD-2025-0034,Swift Wearable Tech Watch,Electronics,Wearable Tech,44064,3767472.0,42.32,115.0,Bol - Ingram Micro,INGRAM,8712423020603,"Veerweg 16, 5145 NS Waalwijk",FALSE,TRUE,TRUE,China,210.5,Recyclable Cardboard,,10.0,,,FALSE,70.0,43.5,30.0,48.0,35.8,100.0,TRUE,58.3,53.6,High,Material_Recyclable_Pct,FALSE,,Next day,,PROD-2025-0713,FALSE,,56.8,-21.16,21.16,180.6,42,22.5,100.0
PROD-2025-0035,Eco Portable Audio Adapter,Electronics,Portable Audio,29256,4008072.0,94.76,157.32,Bol - BFC XL,BFCXL,8714252028195,"Divisiedok 1, 3439 JM Nieuwegein",FALSE,TRUE,TRUE,,,Mixed Plastic+Cardboard,,8.1,,,,45.0,43.5,100.0,63.8,35.8,70.0,TRUE,47.8,59.6,Low,CO2_Footprint_kg; Material_Recyclable_Pct; Country_Of_Origin,FALSE,,Standard,,PROD-2025-0944,FALSE,,33.3,-91.54,91.54,,10,50.0,76.0
PROD-2025-0036,Smart Recovery Tools Mat,Fitness,Recovery Tools,404116,55363892.0,87.4,164.68,Bol - BFC XL 2,BFCXL2,8714252028164,"Rietgraaf 10, 6678 PJ Oosterhout",FALSE,TRUE,TRUE,,69.35,Plastic,3,10.5,,,FALSE,25.0,53.0,100.0,59.6,6.5,70.0,TRUE,28.8,45.4,Medium,Material_Recyclable_Pct; Country_Of_Origin,FALSE,,Next day,,PROD-2025-0783,FALSE,,19.7,-24.84,24.84,57.3,50,36.3,54.0
PROD-2025-0037,Aura Recovery Tools Mat,Fitness,Recovery Tools,97895,12677402.5,115.0,123.28,Bol - BFC XL 2,BFCXL2,8714252028164,"Rietgraaf 10, 6678 PJ Oosterhout",FALSE,TRUE,TRUE,USA,,Recyclable Cardboard,6,,63,,FALSE,70.0,63.0,100.0,78.4,63.6,100.0,TRUE,76.3,64.2,Medium,CO2_Footprint_kg,FALSE,,Standard,,,FALSE,,49.6,,,,,50.0,62.5
PROD-2025-0038,Portable Personal Care Gadgets Brush,Beauty & Skincare,Personal Care Gadgets,60497,5686718.0,60.72,112.24,Bol - BFC Site 1,BFC1,8714252028140,"Mechie Trommelenweg 1, 5145 ND Waalwijk",FALSE,TRUE,TRUE,South Korea,4.39,Minimal Packaging,,0.6,53,,FALSE,80.0,53.0,85.0,73.6,0.0,100.0,TRUE,35.0,58.8,High,None,FALSE,,Next day,,,TRUE,,73.0,,,,,79.8,28.8
PROD-2025-0039,Aura Smart Pet Feeders Shampoo,Pet,Smart Pet Feeders,82737,9969808.5,79.12,142.6,Bol - BFC Site 2,BFC2,8714252028102,"Mechie Trommelenweg 1, 5145 ND Waalwijk",FALSE,TRUE,TRUE,USA,11.56,Recyclable Cardboard,,3.2,,,FALSE,70.0,44.0,55.0,57.0,40.5,100.0,TRUE,61.4,55.5,High,Material_Recyclable_Pct,FALSE,,Standard,,PROD-2025-0641,FALSE,,48.5,-50.14,50.14,10.2,24,52.1,55.4
PROD-2025-0040,Sustainable Pet Apparel Collar,Pet,Pet Apparel,62382,5832717.0,71.76,100.28,Bol - Ingram Micro,INGRAM,8712423020603,"Veerweg 16, 5145 NS Waalwijk",FALSE,TRUE,TRUE,,8.01,Plastic,5,,39,,FALSE,25.0,39.0,30.0,30.9,40.5,70.0,TRUE,50.9,50.4,High,Country_Of_Origin,FALSE,,Next day,,PROD-2025-0165,FALSE,,56.3,-51.06,51.06,0.9,29,64.4,50.0
PROD-2025-0041,Luxe SaaS Subscriptions Guide,Digital Goods,SaaS Subscriptions,37169,3177949.5,44.16,113.16,Bol - BFC Site 1,BFC1,8714252028140,"Mechie Trommelenweg 1, 5145 ND Waalwijk",FALSE,FALSE,FALSE,UK,0.0,Digital - No Packaging,,,,FSC Certified,,100.0,49.0,85.0,79.5,100.0,100.0,TRUE,100.0,94.9,High,Material_Recyclable_Pct; Repairability/Lifespan,FALSE,,Standard,,,TRUE,Sustainable forestry,71.7,,,,,100.0,100.0
PROD-2025-0042,Zen Smart Fitness Trackers Band,Fitness,Smart Fitness Trackers,94598,10689574.0,69.0,138.92,Bol - BFC XL,BFCXL,8714252028195,"Divisiedok 1, 3439 JM Nieuwegein",FALSE,FALSE,TRUE,USA,84.1,Plastic,,4.1,,,FALSE,25.0,38.5,100.0,55.3,63.6,100.0,TRUE,76.3,34.9,High,Material_Recyclable_Pct,FALSE,,Standard,,PROD-2025-0064,FALSE,,15.3,-45.54,45.54,68.8,104,19.6,11.0
PROD-2025-0043,Pure Kitchen Gadgets Blender,Home & Garden,Kitchen Gadgets,71723,10866034.5,135.24,143.52,Bol - BFC XL,BFCXL,8714252028195,"Divisiedok 1, 3439 JM Nieuwegein",FALSE,TRUE,TRUE,,,Plastic,4,12.2,56,,FALSE,25.0,56.0,100.0,60.5,39.2,70.0,TRUE,50.0,51.2,Medium,CO2_Footprint_kg; Country_Of_Origin,FALSE,,Standard,,PROD-2025-0781,FALSE,,22.1,-63.02,63.02,,23,50.0,44.2
PROD-2025-0044,Swift Smart Home Devices Earbuds,Electronics,Smart Home Devices,20249,1660418.0,70.84,80.04,Bol - Ingram Micro,INGRAM,8712423020603,"Veerweg 16, 5145 NS Waalwijk",FALSE,FALSE,TRUE,,,Plastic,7,,62,,FALSE,25.0,62.0,30.0,37.8,35.8,70.0,TRUE,47.8,52.9,Medium,CO2_Footprint_kg; Country_Of_Origin,FALSE,,Standard,,PROD-2025-0255,FALSE,,58.6,-4.6,4.6,,39,50.0,75.0
PROD-2025-0045,Glow Solar Powered Gadgets Bottle,Eco-Friendly,Solar Powered Gadgets,96162,9135390.0,81.88,92.92,Bol - BFC Site 2,BFC2,8714252028102,"Mechie Trommelenweg 1, 5145 ND Waalwijk",TRUE,TRUE,TRUE,Netherlands,11.32,,,3.3,,Cradle to Cradle,,70.0,70.0,55.0,64.8,64.7,80.0,TRUE,70.1,59.1,High,Packaging_Type; Material_Recyclable_Pct,FALSE,,Today,,PROD-2025-0803,TRUE,Material circularity,60.2,-46.0,46.0,,19,81.5,15.4
PROD-2025-0046,Ultra Smart Home Devices Power Bank,Electronics,Smart Home Devices,53545,3293017.5,31.28,81.88,Bol - Ingram Micro,INGRAM,8712423020603,"Veerweg 16, 5145 NS Waalwijk",FALSE,FALSE,TRUE,,,Biodegradable,9,5.4,24,,,90.0,24.0,30.0,49.2,35.8,70.0,TRUE,47.8,54.8,Medium,CO2_Footprint_kg; Country_Of_Origin,FALSE,,Standard,,PROD-2025-0315,FALSE,,75.7,-16.1,16.1,,26,50.0,71.3
PROD-2025-0047,Ergonomic Charging Solutions Adapter,Electronics,Charging Solutions,84244,7413472.0,54.28,107.64,Bol - Ingram Micro,INGRAM,8712423020603,"Veerweg 16, 5145 NS Waalwijk",FALSE,FALSE,TRUE,China,,Mixed Plastic+Cardboard,7,5.5,60,,,45.0,60.0,30.0,44.2,35.8,100.0,TRUE,58.3,52.3,Medium,CO2_Footprint_kg,FALSE,,Standard,,PROD-2025-0450,FALSE,,52.3,-2.76,2.76,,19,50.0,60.2
PROD-2025-0048,Organic Korean Skincare Oil,Beauty & Skincare,Korean Skincare,67435,12711497.5,128.8,218.04,Bol - BFC Site 1,BFC1,8714252028140,"Mechie Trommelenweg 1, 5145 ND Waalwijk",FALSE,FALSE,TRUE,France,12.41,Biodegradable,,1.0,,,FALSE,90.0,52.5,85.0,77.0,59.1,100.0,TRUE,73.4,50.2,High,Material_Recyclable_Pct,FALSE,,Standard,,PROD-2025-0311,FALSE,,13.1,-64.86,64.86,11.8,64,18.0,54.5
PROD-2025-0049,Vital Recovery Tools Mat,Fitness,Recovery Tools,33535,4678132.5,82.8,173.88,Bol - BFC XL,BFCXL,8714252028195,"Divisiedok 1, 3439 JM Nieuwegein",FALSE,TRUE,TRUE,,,Mixed Plastic+Cardboard,6,8.0,45,,,45.0,45.0,100.0,64.2,6.5,70.0,TRUE,28.8,53.3,Medium,CO2_Footprint_kg; Country_Of_Origin,FALSE,,Standard,,PROD-2025-0783,FALSE,,30.7,-27.14,27.14,,28,50.0,61.7
PROD-2025-0050,Pure Smart Baby Monitors Monitor,Baby,Smart Baby Monitors,46247,7584508.0,132.48,169.28,Bol - BFC Site 2,BFC2,8714252028102,"Mechie Trommelenweg 1, 5145 ND Waalwijk",FALSE,FALSE,TRUE,,14.94,,5,3.5,31,,,45.0,31.0,55.0,44.3,48.6,50.0,TRUE,49.1,53.3,Medium,Packaging_Type; Country_Of_Origin,FALSE,,Standard,,PROD-2025-0352,FALSE,,21.1,-99.36,99.36,7.5,22,58.0,58.3
PROD-2025-0051,Vital Stock Media Template,Digital Goods,Stock Media,55282,4616047.0,69.0,84.64,Bol - BFC Site 1,BFC1,8714252028140,"Mechie Trommelenweg 1, 5145 ND Waalwijk",FALSE,FALSE,FALSE,USA,0.0,Digital - No Packaging,,,,,,100.0,49.0,85.0,79.5,100.0,100.0,TRUE,100.0,94.9,Medium,Material_Recyclable_Pct; Repairability/Lifespan,FALSE,,Standard,,,FALSE,,75.2,,,,,100.0,100.0
PROD-2025-0052,Minimalist Eco-friendly Cleaning Desk,Home & Garden,Eco-friendly Cleaning,44944,2516864.0,16.56,86.48,Bol - BFC XL,BFCXL,8714252028195,"Divisiedok 1, 3439 JM Nieuwegein",FALSE,FALSE,TRUE,China,52.69,Recyclable Cardboard,7,12.5,70,,FALSE,70.0,70.0,100.0,80.5,0.0,100.0,TRUE,35.0,69.7,High,None,FALSE,,Standard,,,TRUE,,88.5,,,,,81.1,63.8
PROD-2025-0053,Ultra Charging Solutions Case,Electronics,Charging Solutions,25594,1522843.0,27.6,81.88,Bol - Ingram Micro,INGRAM,8712423020603,"Veerweg 16, 5145 NS Waalwijk",FALSE,TRUE,TRUE,South Korea,,,9,9.5,5,,FALSE,45.0,5.0,30.0,27.8,25.9,80.0,TRUE,44.9,55.0,Medium,CO2_Footprint_kg; Packaging_Type,FALSE,,Standard,,PROD-2025-0619,FALSE,,79.3,-12.42,12.42,,10,50.0,95.3
PROD-2025-0054,Zen Organic Pet Food Treats,Pet,Organic Pet Food,37430,7036840.0,135.24,210.68,Bol - BFC XL 2,BFCXL2,8714252028133,"Rietgraaf 10, 6678 PJ Oosterhout",FALSE,TRUE,TRUE,China,11.33,Plastic,,3.3,,EU Ecolabel,FALSE,25.0,44.0,100.0,57.0,0.0,100.0,FALSE,35.0,53.8,High,Material_Recyclable_Pct,TRUE,"Eco claim, but packaged in Plastic.",Next day,,PROD-2025-0242,FALSE,Lifecycle (broad environmental),12.6,-57.96,57.96,10.2,29,54.8,60.7
PROD-2025-0055,Vital Online Courses Course,Digital Goods,Online Courses,36816,4638816.0,111.32,120.52,Bol - BFC Site 2,BFC2,8714252028102,"Mechie Trommelenweg 1, 5145 ND Waalwijk",FALSE,FALSE,FALSE,Netherlands,0.0,Digital - No Packaging,,,,,,100.0,49.0,55.0,69.0,100.0,100.0,TRUE,100.0,92.2,Medium,Material_Recyclable_Pct; Repairability/Lifespan,FALSE,,Standard,,,FALSE,,36.3,,,,,100.0,100.0
PROD-2025-0056,Organic Phone Accessories Stand,Electronics,Phone Accessories,42481,3759568.5,42.32,120.52,Bol - Ingram Micro,INGRAM,8712423020603,"Veerweg 16, 5145 NS Waalwijk",TRUE,TRUE,TRUE,China,220.43,Mixed Plastic+Cardboard,8,,24,,FALSE,45.0,24.0,30.0,33.4,35.8,100.0,TRUE,58.3,45.1,High,None,FALSE,,Standard,,PROD-2025-0538,FALSE,,45.9,-23.92,23.92,196.3,63,17.5,87.5
PROD-2025-0057,Pro Personal Care Gadgets Brush,Beauty & Skincare,Personal Care Gadgets,40925,2680587.5,57.04,63.48,Bol - BFC Site 2,BFC2,8714252028102,"Mechie Trommelenweg 1, 5145 ND Waalwijk",FALSE,TRUE,TRUE,Germany,14.34,Minimal Packaging,1,0.6,41,,FALSE,80.0,41.0,55.0,59.5,86.0,100.0,TRUE,90.9,33.3,High,None,FALSE,,Standard,,PROD-2025-0830,FALSE,,61.5,71.3,0.0,9.7,80,3.4,14.4
PROD-2025-0058,Wireless Accessories Belt,Fashion,Accessories,25083,2069347.5,42.32,109.48,Bol - BFC Site 2,BFC2,8714252028102,"Mechie Trommelenweg 1, 5145 ND Waalwijk",FALSE,TRUE,TRUE,Portugal,,Plastic,2,,,FSC Certified,,25.0,49.5,55.0,42.9,82.4,100.0,FALSE,88.6,44.6,Medium,CO2_Footprint_kg; Material_Recyclable_Pct,TRUE,"Eco claim, but packaged in Plastic.",Next day,,PROD-2025-0009,FALSE,Sustainable forestry,64.4,-52.9,52.9,,57,50.0,12.5
PROD-2025-0059,Organic Eco-friendly Diapers Bottle,Baby,Eco-friendly Diapers,31692,3723810.0,85.56,130.64,Bol - BFC Site 2,BFC2,8714252028102,"Mechie Trommelenweg 1, 5145 ND Waalwijk",FALSE,FALSE,TRUE,China,,Mixed Plastic+Cardboard,4,3.7,,,FALSE,45.0,55.5,55.0,51.6,0.0,100.0,TRUE,35.0,49.0,Medium,CO2_Footprint_kg; Material_Recyclable_Pct,FALSE,,Standard,,PROD-2025-0190,FALSE,,36.8,-78.66,78.66,,28,50.0,53.5
PROD-2025-0060,Glow Recovery Tools Tracker,Fitness,Recovery Tools,19606,1725328.0,61.64,100.28,Bol - BFC XL,BFCXL,8714252028195,"Divisiedok 1, 3439 JM Nieuwegein",FALSE,TRUE,TRUE,China,50.9,Mixed Plastic+Cardboard,5,,55,,FALSE,45.0,55.0,100.0,67.2,6.5,100.0,TRUE,39.3,54.8,High,None,FALSE,,Next day,,PROD-2025-0783,TRUE,,65.7,20.24,0.0,38.9,24,55.9,50.0
PROD-2025-0061,Aura Wearable Tech Adapter,Electronics,Wearable Tech,56878,4351167.0,68.08,72.68,Bol - BFC Site 2,BFC2,8714252028102,"Mechie Trommelenweg 1, 5145 ND Waalwijk",TRUE,TRUE,TRUE,China,82.26,Mixed Plastic+Cardboard,8,,,,FALSE,45.0,43.5,55.0,48.0,35.8,100.0,TRUE,58.3,67.6,High,Material_Recyclable_Pct,FALSE,,Next day,,PROD-2025-0713,FALSE,,73.9,-12.88,12.88,52.4,13,71.2,87.5
PROD-2025-0062,Portable Solar Powered Gadgets Wrap,Eco-Friendly,Solar Powered Gadgets,78092,12065214.0,123.28,161.0,Bol - Ingram Micro,INGRAM,8712423020603,"Veerweg 16, 5145 NS Waalwijk",FALSE,TRUE,TRUE,Netherlands,36.48,Plastic,,9.0,,Fair Trade,,25.0,70.0,30.0,40.2,64.7,100.0,FALSE,77.1,50.1,High,Material_Recyclable_Pct,TRUE,"Eco claim, but packaged in Plastic.",Next day,,PROD-2025-0112,FALSE,Social / ethical (not environmental),14.0,-34.96,34.96,24.2,25,16.9,90.4
PROD-2025-0063,Luxe Portable Audio Watch,Electronics,Portable Audio,82876,13591664.0,128.8,172.96,Bol - BFC XL,BFCXL,8714252028195,"Divisiedok 1, 3439 JM Nieuwegein",FALSE,FALSE,TRUE,Taiwan,125.06,,4,7.8,76,,TRUE,45.0,76.0,100.0,73.5,0.0,80.0,TRUE,28.0,57.2,High,Packaging_Type,FALSE,,Standard,,PROD-2025-0944,TRUE,,18.0,-116.38,116.38,13.7,14,61.2,52.8
PROD-2025-0064,Pure Smart Fitness Trackers Bench,Fitness,Smart Fitness Trackers,32937,2091499.5,22.08,94.76,Bol - BFC XL,BFCXL,8714252028195,"Divisiedok 1, 3439 JM Nieuwegein",FALSE,FALSE,TRUE,Taiwan,15.29,Recyclable Cardboard,7,,13,,FALSE,70.0,13.0,100.0,63.4,0.0,100.0,TRUE,35.0,71.1,High,None,FALSE,,Standard,,,FALSE,,87.6,,,,,89.2,75.0
PROD-2025-0065,Minimalist Womenswear Bag,Fashion,Womenswear,26233,3672620.0,126.04,131.56,Bol - BFC Site 1,BFC1,8714252028140,"Mechie Trommelenweg 1, 5145 ND Waalwijk",TRUE,TRUE,TRUE,,8.46,Mixed Plastic+Cardboard,3,4.0,58,,FALSE,45.0,58.0,85.0,62.9,20.3,70.0,TRUE,37.7,63.1,High,Country_Of_Origin,FALSE,,Standard,,PROD-2025-0984,TRUE,,46.5,-15.18,15.18,1.2,22,86.7,45.5
PROD-2025-0066,Zen Yoga Gear Scale,Fitness,Yoga Gear,26351,2463818.5,69.0,103.04,Bol - BFC XL 2,BFCXL2,8714252028164,"Rietgraaf 10, 6678 PJ Oosterhout",FALSE,FALSE,TRUE,USA,,Plastic,5,11.8,,,,25.0,52.0,100.0,59.4,63.6,100.0,TRUE,76.3,62.4,Medium,CO2_Footprint_kg; Material_Recyclable_Pct,FALSE,,Standard,,PROD-2025-0233,FALSE,,68.6,-34.96,34.96,,24,50.0,74.4
PROD-2025-0067,Smart Home Office Decor Organizer,Home & Garden,Home Office Decor,66996,9982404.0,99.36,174.8,Bol - BFC Site 1,BFC1,8714252028140,"Mechie Trommelenweg 1, 5145 ND Waalwijk",FALSE,TRUE,TRUE,Germany,14.06,Plastic,,6.0,31,,FALSE,25.0,31.0,85.0,47.8,51.4,100.0,TRUE,68.4,58.9,High,None,FALSE,,Standard,,,FALSE,,34.6,,,,,98.6,8.5
PROD-2025-0068,Wireless Smart Fitness Trackers Gloves,Fitness,Smart Fitness Trackers,37192,5578800.0,107.64,168.36,Bol - BFC XL 2,BFCXL2,8714252028164,"Rietgraaf 10, 6678 PJ Oosterhout",FALSE,TRUE,TRUE,Germany,80.86,,4,,35,EU Ecolabel,FALSE,45.0,35.0,100.0,61.2,87.9,80.0,FALSE,85.1,45.7,High,Packaging_Type,TRUE,"Carries an eco label, but scores below the category average on our independent check.",Next day,,PROD-2025-0064,FALSE,Lifecycle (broad environmental),13.1,-79.58,79.58,65.6,56,23.5,37.5
PROD-2025-0069,Eco Educational Toys Carrier,Baby,Educational Toys,54176,8072224.0,113.16,161.0,Bol - BFC Site 1,BFC1,8714252028140,"Mechie Trommelenweg 1, 5145 ND Waalwijk",FALSE,TRUE,TRUE,Germany,14.66,Mixed Plastic+Cardboard,6,2.8,12,,FALSE,45.0,12.0,85.0,49.1,48.6,100.0,TRUE,66.6,56.4,High,None,FALSE,,Standard,,,FALSE,,29.8,,,,,59.1,53.7
PROD-2025-0070,Wireless Menswear Hoodie,Fashion,Menswear,57418,9043335.0,110.4,179.4,Bol - BFC Site 2,BFC2,8714252028102,"Mechie Trommelenweg 1, 5145 ND Waalwijk",FALSE,FALSE,TRUE,Bangladesh,,Mixed Plastic+Cardboard,4,3.1,60,,FALSE,45.0,60.0,55.0,53.0,20.3,100.0,TRUE,48.2,47.1,Medium,CO2_Footprint_kg,FALSE,,Standard,,PROD-2025-0156,FALSE,,14.9,-57.04,57.04,,40,50.0,36.7
PROD-2025-0071,Swift Womenswear Jacket,Fashion,Womenswear,32693,6064551.5,138.0,203.32,Bol - BFC Site 2,BFC2,8714252028102,"Mechie Trommelenweg 1, 5145 ND Waalwijk",FALSE,FALSE,TRUE,,13.74,Mixed Plastic+Cardboard,1,,,,FALSE,45.0,49.5,55.0,49.8,20.3,70.0,TRUE,37.7,42.6,Medium,Material_Recyclable_Pct; Country_Of_Origin,FALSE,,Standard,,PROD-2025-0984,FALSE,,3.0,-57.04,57.04,6.5,81,70.0,0.0
PROD-2025-0072,Ergonomic Charging Solutions Power Bank,Electronics,Charging Solutions,50368,4810144.0,70.84,104.88,Bol - Ingram Micro,INGRAM,8712423020603,"Veerweg 16, 5145 NS Waalwijk",FALSE,TRUE,TRUE,South Korea,45.58,,7,,,,FALSE,45.0,43.5,30.0,39.3,25.9,80.0,TRUE,44.9,65.9,High,Packaging_Type; Material_Recyclable_Pct,FALSE,,Next day,,PROD-2025-0695,FALSE,,63.1,75.44,0.0,2.1,16,87.5,75.0
PROD-2025-0073,Smart Phone Accessories Power Bank,Electronics,Phone Accessories,90489,9682323.0,69.0,127.88,Bol - BFC Site 2,BFC2,8714252028102,"Mechie Trommelenweg 1, 5145 ND Waalwijk",FALSE,FALSE,TRUE,China,64.99,Plastic,,4.9,78,,FALSE,25.0,78.0,55.0,51.4,35.8,100.0,TRUE,58.3,56.2,High,None,FALSE,,Standard,,PROD-2025-0538,TRUE,,46.8,-40.94,40.94,40.9,31,75.0,33.3
PROD-2025-0074,Eco Stock Media Asset,Digital Goods,Stock Media,38385,3205147.5,72.68,80.96,Bol - BFC Site 2,BFC2,8714252028102,"Mechie Trommelenweg 1, 5145 ND Waalwijk",FALSE,FALSE,FALSE,Netherlands,0.0,Digital - No Packaging,,,,,,100.0,49.0,55.0,69.0,100.0,100.0,TRUE,100.0,92.2,Medium,Material_Recyclable_Pct; Repairability/Lifespan,FALSE,,Standard,,,FALSE,,70.8,,,,,100.0,100.0
PROD-2025-0075,Flex Smart Fitness Trackers Mat,Fitness,Smart Fitness Trackers,61756,9850082.0,105.8,187.68,Bol - BFC XL,BFCXL,8714252028195,"Divisiedok 1, 3439 JM Nieuwegein",FALSE,TRUE,TRUE,Taiwan,38.35,Recyclable Cardboard,3,,8,,FALSE,70.0,8.0,100.0,61.9,0.0,100.0,TRUE,35.0,50.3,High,None,FALSE,,Standard,,PROD-2025-0064,FALSE,,16.1,-88.32,88.32,23.1,41,66.7,25.0
PROD-2025-0076,Minimalist Sustainable Apparel Jacket,Fashion,Sustainable Apparel,21905,3658135.0,132.48,174.8,Bol - BFC Site 2,BFC2,8714252028102,"Mechie Trommelenweg 1, 5145 ND Waalwijk",FALSE,TRUE,TRUE,Portugal,44.52,Biodegradable,,,,,FALSE,90.0,49.5,55.0,65.6,82.4,100.0,TRUE,88.6,45.7,Medium,Material_Recyclable_Pct; Repairability/Lifespan,FALSE,,Next day,,PROD-2025-0810,FALSE,,10.9,-109.94,109.94,31.1,44,6.7,54.7
PROD-2025-0077,Ergonomic Recovery Tools Dumbbell,Fitness,Recovery Tools,91811,6472675.5,36.8,92.92,Bol - BFC Site 2,BFC2,8714252028102,"Mechie Trommelenweg 1, 5145 ND Waalwijk",FALSE,TRUE,TRUE,,61.35,Plastic,,3.5,,,FALSE,25.0,53.0,55.0,43.9,6.5,70.0,TRUE,28.8,30.9,Medium,Material_Recyclable_Pct; Country_Of_Origin,FALSE,,Standard,,PROD-2025-0556,FALSE,,40.9,-10.12,10.12,6.2,62,41.2,4.9
PROD-2025-0078,Aura Baby Safety Gear Toy,Baby,Baby Safety Gear,98055,15884910.0,127.88,170.2,Bol - BFC Site 1,BFC1,8714252028140,"Mechie Trommelenweg 1, 5145 ND Waalwijk",FALSE,TRUE,TRUE,,8.44,Mixed Plastic+Cardboard,4,1.2,,,FALSE,45.0,56.0,85.0,62.3,48.6,70.0,TRUE,56.1,58.2,Medium,Material_Recyclable_Pct; Country_Of_Origin,FALSE,,Next day,,PROD-2025-0239,FALSE,,23.7,-46.0,46.0,5.4,36,81.8,22.4
PROD-2025-0079,Zen Organic Baby Clothing Diaper,Baby,Organic Baby Clothing,88083,9028507.5,52.44,136.16,Bol - BFC Site 2,BFC2,8714252028102,"Mechie Trommelenweg 1, 5145 ND Waalwijk",FALSE,TRUE,TRUE,,24.44,Minimal Packaging,1,1.4,,,,80.0,55.5,55.0,63.9,48.6,70.0,TRUE,56.1,32.6,Medium,Material_Recyclable_Pct; Country_Of_Origin,FALSE,,Standard,,PROD-2025-0552,FALSE,,18.4,-5.52,5.52,17.1,102,18.2,7.2
PROD-2025-0080,Premium Baby Safety Gear Toy,Baby,Baby Safety Gear,39532,2095196.0,21.16,76.36,Bol - BFC XL,BFCXL,8714252028195,"Divisiedok 1, 3439 JM Nieuwegein",FALSE,TRUE,TRUE,Netherlands,16.86,Biodegradable,6,1.9,,,FALSE,90.0,56.0,100.0,83.3,71.6,100.0,TRUE,81.6,60.3,High,Material_Recyclable_Pct,FALSE,,Next day,,PROD-2025-0239,FALSE,,91.2,54.28,0.0,13.9,31,46.6,43.6
PROD-2025-0081,Zen Stock Media App,Digital Goods,Stock Media,93151,10246610.0,59.8,142.6,Bol - BFC Site 2,BFC2,8714252028102,"Mechie Trommelenweg 1, 5145 ND Waalwijk",FALSE,FALSE,FALSE,,0.0,Digital - No Packaging,,,,,,100.0,49.0,55.0,69.0,100.0,70.0,TRUE,89.5,90.7,Medium,Material_Recyclable_Pct; Country_Of_Origin; Repairability/Lifespan,FALSE,,Standard,,,FALSE,,43.4,,,,,100.0,100.0
PROD-2025-0082,Wireless Wearable Tech Watch,Electronics,Wearable Tech,25108,2058856.0,53.36,97.52,Bol - BFC Site 2,BFC2,8714252028102,"Mechie Trommelenweg 1, 5145 ND Waalwijk",FALSE,TRUE,TRUE,China,161.76,Mixed Plastic+Cardboard,,,,,TRUE,45.0,43.5,55.0,48.0,35.8,75.0,FALSE,49.5,53.2,Medium,Material_Recyclable_Pct; Repairability/Lifespan,TRUE,"Marketed as eco, but shipped from far away with an above-average footprint.",Next day,,PROD-2025-0713,FALSE,,59.5,-17.94,17.94,131.8,43,48.8,66.7
PROD-2025-0083,Pure Baby Safety Gear Carrier,Baby,Baby Safety Gear,95878,5608863.0,49.68,57.96,Bol - BFC Site 1,BFC1,8714252028140,"Mechie Trommelenweg 1, 5145 ND Waalwijk",FALSE,TRUE,TRUE,Netherlands,25.95,Mixed Plastic+Cardboard,5,4.0,,,,45.0,56.0,85.0,62.3,71.6,100.0,TRUE,81.6,49.0,High,Material_Recyclable_Pct,FALSE,,Standard,,PROD-2025-0080,FALSE,,78.9,-5.06,5.06,9.1,23,13.6,65.6
PROD-2025-0084,Glow Hair Care Tools Perfume,Beauty & Skincare,Hair Care Tools,62742,6023232.0,82.8,93.84,Bol - BFC Site 2,BFC2,8714252028102,"Mechie Trommelenweg 1, 5145 ND Waalwijk",FALSE,FALSE,TRUE,China,14.74,,1,,,,FALSE,45.0,52.5,55.0,50.8,23.7,80.0,TRUE,43.4,19.6,High,Packaging_Type; Material_Recyclable_Pct,FALSE,,Standard,,PROD-2025-0241,FALSE,,4.1,-27.6,27.6,10.6,252,1.1,0.0
PROD-2025-0085,Ultra Wearable Tech Stand,Electronics,Wearable Tech,32544,6004368.0,127.88,211.6,Bol - Ingram Micro,INGRAM,8712423020603,"Veerweg 16, 5145 NS Waalwijk",FALSE,TRUE,TRUE,China,167.12,,,4.3,24,,FALSE,45.0,24.0,30.0,33.4,35.8,80.0,TRUE,51.3,37.5,High,Packaging_Type,FALSE,,Standard,,PROD-2025-0713,FALSE,,3.6,-112.24,112.24,137.2,103,45.0,22.7
PROD-2025-0086,Premium Accessories Jacket,Fashion,Accessories,463415,45414670.0,59.8,120.52,Bol - BFC Site 1,BFC1,8714252028140,"Mechie Trommelenweg 1, 5145 ND Waalwijk",FALSE,TRUE,TRUE,China,17.55,Biodegradable,5,,70,,FALSE,90.0,70.0,85.0,82.2,0.0,100.0,TRUE,35.0,57.6,High,None,FALSE,,Next day,,PROD-2025-0009,TRUE,,68.3,-67.16,67.16,3.3,21,55.0,50.0
PROD-2025-0087,Ultra Yoga Gear Gloves,Fitness,Yoga Gear,68472,11708712.0,138.0,176.64,Bol - BFC Site 2,BFC2,8714252028102,"Mechie Trommelenweg 1, 5145 ND Waalwijk",FALSE,TRUE,TRUE,,,,3,7.9,72,,FALSE,45.0,72.0,55.0,56.6,6.5,50.0,TRUE,21.8,45.5,Low,CO2_Footprint_kg; Packaging_Type; Country_Of_Origin,FALSE,,Standard,,PROD-2025-0233,FALSE,,5.1,-106.26,106.26,,71,50.0,42.4
PROD-2025-0088,Glow E-books Preset,Digital Goods,E-books,22749,841713.0,29.44,38.64,Bol - BFC Site 1,BFC1,8714252028140,"Mechie Trommelenweg 1, 5145 ND Waalwijk",FALSE,FALSE,FALSE,USA,0.0,Digital - No Packaging,,,,,,100.0,49.0,85.0,79.5,100.0,100.0,TRUE,100.0,94.9,Medium,Material_Recyclable_Pct; Repairability/Lifespan,FALSE,,Standard,,,FALSE,,96.5,,,,,100.0,100.0
PROD-2025-0089,Glow Reusable Packaging Soap,Eco-Friendly,Reusable Packaging,12128,1036944.0,34.96,122.36,Bol - BFC XL,BFCXL,8714252028195,"Divisiedok 1, 3439 JM Nieuwegein",FALSE,TRUE,TRUE,Sweden,,Recyclable Cardboard,6,,,,FALSE,70.0,70.0,100.0,80.5,30.9,100.0,TRUE,55.1,61.2,Medium,CO2_Footprint_kg; Material_Recyclable_Pct,FALSE,,Standard,,PROD-2025-0257,FALSE,,71.0,-59.8,59.8,,19,49.2,62.5
PROD-2025-0090,Wireless Personal Care Gadgets Brush,Beauty & Skincare,Personal Care Gadgets,67734,6570198.0,72.68,105.8,Bol - BFC Site 2,BFC2,8714252028102,"Mechie Trommelenweg 1, 5145 ND Waalwijk",FALSE,TRUE,TRUE,Germany,6.57,Recyclable Cardboard,3,,52,Energy Star,FALSE,70.0,52.0,55.0,59.4,86.0,100.0,TRUE,90.9,55.6,High,None,FALSE,,Next day,,,TRUE,Energy efficiency,66.4,,,,,59.6,25.0
PROD-2025-0091,Ultra Korean Skincare Toner,Beauty & Skincare,Korean Skincare,48779,2195055.0,36.8,46.0,Bol - BFC Site 1,BFC1,8714252028140,"Mechie Trommelenweg 1, 5145 ND Waalwijk",FALSE,TRUE,TRUE,France,14.22,Mixed Plastic+Cardboard,,,,,FALSE,45.0,52.5,85.0,61.2,59.1,100.0,TRUE,73.4,40.4,Medium,Material_Recyclable_Pct; Repairability/Lifespan,FALSE,,Standard,,PROD-2025-0932,FALSE,,84.4,-7.82,7.82,5.2,16,4.5,50.0
PROD-2025-0092,Ergonomic Smart Home Devices Earbuds,Electronics,Smart Home Devices,12672,2008512.0,118.68,172.96,Bol - Ingram Micro,INGRAM,8712423020603,"Veerweg 16, 5145 NS Waalwijk",FALSE,FALSE,TRUE,Japan,,Minimal Packaging,4,5.8,15,,FALSE,80.0,15.0,30.0,43.0,9.9,100.0,TRUE,41.4,45.3,Medium,CO2_Footprint_kg,FALSE,,Standard,,PROD-2025-0638,FALSE,,8.1,-34.5,34.5,,64,50.0,43.4
PROD-2025-0093,Zen Personal Care Gadgets Lipstick,Beauty & Skincare,Personal Care Gadgets,76369,12448147.0,130.64,169.28,Bol - BFC XL 2,BFCXL2,8714252028133,"Rietgraaf 10, 6678 PJ Oosterhout",FALSE,TRUE,TRUE,France,,Mixed Plastic+Cardboard,1,,73,,FALSE,45.0,73.0,100.0,72.7,59.1,100.0,TRUE,73.4,46.5,Medium,CO2_Footprint_kg,FALSE,,Standard,,PROD-2025-0739,FALSE,,16.4,-129.26,129.26,,41,49.4,0.0
PROD-2025-0094,Glow Portable Audio Speaker,Electronics,Portable Audio,42299,6535195.5,116.84,167.44,Bol - Ingram Micro,INGRAM,8712423020603,"Veerweg 16, 5145 NS Waalwijk",FALSE,FALSE,TRUE,,171.13,,3,6.4,69,,FALSE,45.0,69.0,30.0,46.9,35.8,50.0,TRUE,40.8,42.9,Medium,Packaging_Type; Country_Of_Origin,FALSE,,Standard,,PROD-2025-0944,FALSE,,6.3,-107.64,107.64,59.8,52,42.5,40.5
PROD-2025-0095,Sustainable Educational Toys Swaddle,Baby,Educational Toys,64402,5763979.0,70.84,93.84,Bol - BFC XL 2,BFCXL2,8714252028133,"Rietgraaf 10, 6678 PJ Oosterhout",FALSE,TRUE,TRUE,Germany,19.59,Biodegradable,,,27,,FALSE,90.0,27.0,100.0,74.6,48.6,100.0,TRUE,66.6,54.4,High,Repairability/Lifespan,FALSE,,Standard,,PROD-2025-0285,FALSE,,64.0,-6.9,6.9,13.8,21,36.4,52.2
PROD-2025-0096,Zen Sustainable Apparel Bag,Fashion,Sustainable Apparel,151480,22343300.0,130.64,140.76,Bol - BFC Site 1,BFC1,8714252028140,"Mechie Trommelenweg 1, 5145 ND Waalwijk",FALSE,TRUE,TRUE,Bangladesh,,Minimal Packaging,,,,,,80.0,49.5,85.0,72.6,20.3,100.0,TRUE,48.2,56.6,Low,CO2_Footprint_kg; Material_Recyclable_Pct; Repairability/Lifespan,FALSE,,Next day,,PROD-2025-0810,FALSE,,36.6,-92.0,92.0,,16,50.0,54.7
PROD-2025-0097,Swift Fragrances Lotion,Beauty & Skincare,Fragrances,92541,8791395.0,80.04,94.76,Bol - BFC Site 2,BFC2,8714252028102,"Mechie Trommelenweg 1, 5145 ND Waalwijk",FALSE,FALSE,TRUE,,4.46,Plastic,4,0.9,68,,FALSE,25.0,68.0,55.0,48.4,38.7,70.0,TRUE,49.7,58.0,High,Country_Of_Origin,FALSE,,Standard,,PROD-2025-0229,TRUE,,71.3,32.66,0.0,1.0,32,78.7,43.8
PROD-2025-0098,Pro Hair Care Tools Lipstick,Beauty & Skincare,Hair Care Tools,21063,2769784.5,77.28,164.68,Bol - Ingram Micro,INGRAM,8712423020603,"Veerweg 16, 5145 NS Waalwijk",FALSE,TRUE,TRUE,France,,,,,,Cradle to Cradle,FALSE,45.0,52.5,30.0,42.0,59.1,80.0,TRUE,66.4,50.3,Low,CO2_Footprint_kg; Packaging_Type; Material_Recyclable_Pct; Repairability/Lifespan,FALSE,,Next day,,PROD-2025-0241,FALSE,Material circularity,35.2,-60.26,60.26,,37,49.4,50.0
PROD-2025-0099,Aura Pet Apparel Carrier,Pet,Pet Apparel,93666,5619960.0,21.16,89.24,Bol - BFC Site 2,BFC2,8714252028102,"Mechie Trommelenweg 1, 5145 ND Waalwijk",FALSE,FALSE,TRUE,USA,2.09,Plastic,2,1.6,61,,,25.0,61.0,55.0,46.3,40.5,100.0,TRUE,61.4,57.8,High,None,FALSE,,Standard,,PROD-2025-0165,TRUE,,83.5,-20.24,20.24,,13,93.2,17.9
PROD-2025-0100,Luxe Smart Baby Monitors Toy,Baby,Smart Baby Monitors,80044,14768118.0,137.08,202.4,Bol - BFC Site 2,BFC2,8714252028102,"Mechie Trommelenweg 1, 5145 ND Waalwijk",FALSE,TRUE,TRUE,China,28.57,Biodegradable,5,,,,TRUE,90.0,55.5,55.0,67.4,0.0,75.0,FALSE,26.2,34.9,High,Material_Recyclable_Pct,TRUE,"Carbon-neutral certified, but CO2 is in the top 25% for its category.",Next day,,PROD-2025-0352,FALSE,,0.9,-118.22,118.22,21.1,86,4.5,50.0
PROD-2025-0101,Sustainable Digital Planners Bundle,Digital Goods,Digital Planners,80936,6474880.0,66.24,80.96,Bol - BFC Site 1,BFC1,8714252028140,"Mechie Trommelenweg 1, 5145 ND Waalwijk",FALSE,FALSE,FALSE,UK,0.0,Digital - No Packaging,,,,,,100.0,49.0,85.0,79.5,100.0,100.0,TRUE,100.0,94.9,Medium,Material_Recyclable_Pct; Repairability/Lifespan,FALSE,,Standard,,,FALSE,,77.9,,,,,100.0,100.0
PROD-2025-0102,Pure Smart Fitness Trackers Mat,Fitness,Smart Fitness Trackers,12059,2068118.5,130.64,184.92,Bol - BFC XL 2,BFCXL2,8714252028164,"Rietgraaf 10, 6678 PJ Oosterhout",FALSE,TRUE,TRUE,USA,24.02,,,,16,,FALSE,45.0,16.0,100.0,55.5,63.6,80.0,TRUE,69.3,65.3,Medium,Packaging_Type; Repairability/Lifespan,FALSE,,Next day,,PROD-2025-0064,FALSE,,29.9,-99.36,99.36,8.7,9,81.4,50.0
PROD-2025-0103,Organic Organic Baby Clothing Diaper,Baby,Organic Baby Clothing,96855,11332035.0,80.96,134.32,Bol - BFC Site 2,BFC2,8714252028102,"Mechie Trommelenweg 1, 5145 ND Waalwijk",FALSE,TRUE,TRUE,Netherlands,21.61,Plastic,,4.2,,,FALSE,25.0,55.5,55.0,44.6,71.6,100.0,TRUE,81.6,55.5,High,Material_Recyclable_Pct,FALSE,,Standard,,PROD-2025-0552,FALSE,,46.5,-18.86,18.86,14.3,19,30.7,85.5
PROD-2025-0104,Nano Yoga Gear Tracker,Fitness,Yoga Gear,79590,8516130.0,57.04,139.84,Bol - BFC XL,BFCXL,8714252028195,"Divisiedok 1, 3439 JM Nieuwegein",FALSE,TRUE,TRUE,China,73.11,Plastic,7,,14,,FALSE,25.0,14.0,100.0,48.0,6.5,100.0,TRUE,39.3,47.9,High,None,FALSE,,Next day,,PROD-2025-0762,FALSE,,42.3,-51.98,51.98,29.1,57,32.4,75.0
PROD-2025-0105,Pure Educational Toys Crib,Baby,Educational Toys,98055,13090342.5,97.52,148.12,Bol - BFC XL,BFCXL,8714252028195,"Divisiedok 1, 3439 JM Nieuwegein",FALSE,FALSE,TRUE,,14.11,Recyclable Cardboard,,,,,FALSE,70.0,55.5,100.0,76.2,48.6,70.0,TRUE,56.1,62.4,Medium,Material_Recyclable_Pct; Country_Of_Origin; Repairability/Lifespan,FALSE,,Standard,,,FALSE,,44.7,,,,,62.5,52.2
PROD-2025-0106,Minimalist Pet Grooming Tools Bed,Pet,Pet Grooming Tools,10959,1720563.0,136.16,152.72,Bol - BFC XL 2,BFCXL2,8714252028133,"Rietgraaf 10, 6678 PJ Oosterhout",FALSE,FALSE,TRUE,USA,3.38,Mixed Plastic+Cardboard,2,3.3,,,FALSE,45.0,44.0,100.0,63.9,40.5,100.0,TRUE,61.4,64.5,High,Material_Recyclable_Pct,FALSE,,Standard,,PROD-2025-0497,FALSE,,36.9,-91.08,91.08,1.2,13,86.3,36.6
PROD-2025-0107,Aura Eco-friendly Cleaning Cleaner,Home & Garden,Eco-friendly Cleaning,23090,2170460.0,48.76,124.2,Bol - Ingram Micro,INGRAM,8712423020603,"Veerweg 16, 5145 NS Waalwijk",FALSE,TRUE,TRUE,Germany,,Mixed Plastic+Cardboard,2,14.4,,,FALSE,45.0,47.5,30.0,40.5,51.4,100.0,TRUE,68.4,47.9,Medium,CO2_Footprint_kg; Material_Recyclable_Pct,FALSE,,Standard,,PROD-2025-0052,FALSE,,60.6,-34.96,34.96,,46,50.0,40.1
PROD-2025-0108,Ultra Baby Safety Gear Bib,Baby,Baby Safety Gear,20572,2046914.0,81.88,101.2,Bol - BFC Site 1,BFC1,8714252028140,"Mechie Trommelenweg 1, 5145 ND Waalwijk",TRUE,TRUE,TRUE,,15.56,Mixed Plastic+Cardboard,,3.9,56,,FALSE,45.0,56.0,85.0,62.3,48.6,70.0,TRUE,56.1,62.3,High,Country_Of_Origin,FALSE,,Today,,PROD-2025-0464,TRUE,,64.9,-32.66,32.66,9.9,12,53.4,78.3
PROD-2025-0109,Flex Upcycled Fashion Kit,Eco-Friendly,Upcycled Fashion,35457,1170081.0,19.32,41.4,Bol - BFC Site 1,BFC1,8714252028140,"Mechie Trommelenweg 1, 5145 ND Waalwijk",FALSE,TRUE,TRUE,,,Recyclable Cardboard,4,9.2,76,,,70.0,76.0,85.0,77.0,44.1,70.0,TRUE,53.2,60.9,Medium,CO2_Footprint_kg; Country_Of_Origin,FALSE,,Standard,,PROD-2025-0250,FALSE,,95.7,105.34,0.0,,19,49.2,65.9
PROD-2025-0110,Minimalist SaaS Subscriptions Tool,Digital Goods,SaaS Subscriptions,134255,7853917.5,28.52,79.12,Bol - BFC XL 2,BFCXL2,8714252028133,"Rietgraaf 10, 6678 PJ Oosterhout",FALSE,FALSE,FALSE,UK,0.0,Digital - No Packaging,,,,,,100.0,49.0,100.0,84.7,100.0,100.0,TRUE,100.0,96.2,Medium,Material_Recyclable_Pct; Repairability/Lifespan,FALSE,,Standard,,,FALSE,,86.7,,,,,100.0,100.0
PROD-2025-0111,Eco Baby Safety Gear Monitor,Baby,Baby Safety Gear,42198,5591235.0,79.12,164.68,Bol - Ingram Micro,INGRAM,8712423020603,"Veerweg 16, 5145 NS Waalwijk",FALSE,TRUE,TRUE,,3.36,Mixed Plastic+Cardboard,6,3.1,60,,FALSE,45.0,60.0,30.0,44.2,48.6,70.0,TRUE,56.1,67.4,High,Country_Of_Origin,FALSE,,Standard,,PROD-2025-0239,TRUE,,51.8,-18.86,18.86,0.4,17,94.3,59.5
PROD-2025-0112,Smart Solar Powered Gadgets Bag,Eco-Friendly,Solar Powered Gadgets,97455,11353507.5,85.56,128.8,Bol - BFC Site 1,BFC1,8714252028140,"Mechie Trommelenweg 1, 5145 ND Waalwijk",TRUE,TRUE,TRUE,,12.26,Mixed Plastic+Cardboard,7,3.0,65,Cradle to Cradle,FALSE,45.0,65.0,85.0,65.0,44.1,70.0,TRUE,53.2,62.5,High,Country_Of_Origin,FALSE,,Next day,,,TRUE,Material circularity,52.7,,,,,78.5,43.3
PROD-2025-0113,Sustainable Home Office Decor Cleaner,Home & Garden,Home Office Decor,79404,13419276.0,134.32,176.64,Bol - BFC XL,BFCXL,8714252028195,"Divisiedok 1, 3439 JM Nieuwegein",FALSE,TRUE,TRUE,,162.75,Recyclable Cardboard,3,,25,,FALSE,70.0,25.0,100.0,67.0,39.2,70.0,TRUE,50.0,38.1,High,Country_Of_Origin,FALSE,,Standard,,PROD-2025-0749,FALSE,,2.9,-32.66,32.66,104.8,63,21.6,25.0
PROD-2025-0114,Aura Baby Safety Gear Swaddle,Baby,Baby Safety Gear,12520,744940.0,41.4,68.08,Bol - BFC Site 2,BFC2,8714252028102,"Mechie Trommelenweg 1, 5145 ND Waalwijk",FALSE,TRUE,TRUE,China,2.47,Recyclable Cardboard,3,3.9,8,,FALSE,70.0,8.0,55.0,46.1,0.0,100.0,TRUE,35.0,64.3,High,None,FALSE,,Next day,,PROD-2025-0464,FALSE,,87.7,4.14,0.0,,8,98.9,51.6
PROD-2025-0115,Eco Zero-waste Kits Straws,Eco-Friendly,Zero-waste Kits,77930,8221615.0,53.36,140.76,Bol - BFC Site 2,BFC2,8714252028102,"Mechie Trommelenweg 1, 5145 ND Waalwijk",FALSE,TRUE,TRUE,Denmark,15.83,Recyclable Cardboard,8,,,,,70.0,70.0,55.0,64.8,44.1,100.0,TRUE,63.7,70.2,High,Material_Recyclable_Pct,FALSE,,Standard,,PROD-2025-0731,FALSE,,63.4,-21.62,21.62,12.6,29,64.6,87.5
PROD-2025-0116,Smart Pet Grooming Tools Brush,Pet,Pet Grooming Tools,61845,8967525.0,102.12,164.68,Bol - BFC Site 2,BFC2,8714252028102,"Mechie Trommelenweg 1, 5145 ND Waalwijk",FALSE,FALSE,TRUE,Netherlands,2.18,,,,72,,FALSE,45.0,72.0,55.0,56.6,82.4,80.0,TRUE,81.6,70.5,Medium,Packaging_Type; Repairability/Lifespan,FALSE,,Standard,,,FALSE,,51.5,,,,,90.4,50.0
PROD-2025-0117,Pro Eco-friendly Cleaning Desk,Home & Garden,Eco-friendly Cleaning,15049,1693012.5,60.72,146.28,Bol - BFC XL,BFCXL,8714252028195,"Divisiedok 1, 3439 JM Nieuwegein",FALSE,FALSE,TRUE,Germany,60.23,Foam + Plastic,,,43,,FALSE,10.0,43.0,100.0,51.4,51.4,100.0,TRUE,68.4,63.3,High,Repairability/Lifespan,FALSE,,Standard,,PROD-2025-0052,FALSE,,65.4,-51.98,51.98,7.5,10,78.4,50.8
PROD-2025-0118,Ergonomic Hair Care Tools Perfume,Beauty & Skincare,Hair Care Tools,92486,8369983.0,64.4,102.12,Bol - BFC Site 2,BFC2,8714252028102,"Mechie Trommelenweg 1, 5145 ND Waalwijk",FALSE,FALSE,TRUE,South Korea,8.38,Plastic,,0.5,,Fair Trade,FALSE,25.0,52.5,55.0,43.8,0.0,100.0,FALSE,35.0,36.8,High,Material_Recyclable_Pct,TRUE,"Eco claim, but packaged in Plastic.",Standard,,PROD-2025-0241,FALSE,Social / ethical (not environmental),41.0,-22.54,22.54,4.2,88,43.8,21.2
PROD-2025-0119,Pure E-books Bundle,Digital Goods,E-books,82043,14644675.5,120.52,207.92,Bol - BFC Site 2,BFC2,8714252028102,"Mechie Trommelenweg 1, 5145 ND Waalwijk",FALSE,FALSE,FALSE,,0.0,Digital - No Packaging,,,,,,100.0,49.0,55.0,69.0,100.0,70.0,TRUE,89.5,90.7,Medium,Material_Recyclable_Pct; Country_Of_Origin; Repairability/Lifespan,FALSE,,Standard,,,FALSE,,1.8,,,,,100.0,100.0
PROD-2025-0120,Swift Sustainable Apparel Dress,Fashion,Sustainable Apparel,27671,4883931.5,124.2,200.56,Bol - BFC Site 2,BFC2,8714252028102,"Mechie Trommelenweg 1, 5145 ND Waalwijk",FALSE,TRUE,TRUE,Bangladesh,,Plastic,,,,,FALSE,25.0,49.5,55.0,42.9,20.3,100.0,TRUE,48.2,49.1,Low,CO2_Footprint_kg; Material_Recyclable_Pct; Repairability/Lifespan,FALSE,,Next day,,PROD-2025-0810,FALSE,,11.9,-118.68,118.68,,34,50.0,54.7
PROD-2025-0121,Ultra Pet Grooming Tools Shampoo,Pet,Pet Grooming Tools,29459,2165236.5,27.6,107.64,Bol - BFC XL 2,BFCXL2,8714252028133,"Rietgraaf 10, 6678 PJ Oosterhout",FALSE,TRUE,TRUE,Netherlands,13.36,Plastic,,,78,,FALSE,25.0,78.0,100.0,67.2,82.4,100.0,TRUE,88.6,56.0,High,Repairability/Lifespan,FALSE,,Standard,,PROD-2025-0497,TRUE,,72.8,-14.26,14.26,11.2,31,38.4,50.0
PROD-2025-0122,Sustainable Wearable Tech Hub,Electronics,Wearable Tech,13240,1158500.0,46.92,114.08,Bol - Ingram Micro,INGRAM,8712423020603,"Veerweg 16, 5145 NS Waalwijk",FALSE,TRUE,TRUE,Taiwan,,Biodegradable,,9.0,,,FALSE,90.0,43.5,30.0,55.0,0.0,100.0,TRUE,35.0,57.8,Medium,CO2_Footprint_kg; Material_Recyclable_Pct,FALSE,,Next day,,PROD-2025-0713,FALSE,,61.3,-23.0,23.0,,32,50.0,85.3
PROD-2025-0123,Portable Yoga Gear Roller,Fitness,Yoga Gear,85921,12415584.5,103.96,161.92,Bol - BFC XL 2,BFCXL2,8714252028164,"Rietgraaf 10, 6678 PJ Oosterhout",FALSE,TRUE,TRUE,USA,17.75,Plastic,5,,37,EU Ecolabel,FALSE,25.0,37.0,100.0,54.9,63.6,100.0,FALSE,76.3,68.2,High,None,TRUE,"Eco claim, but packaged in Plastic.",Standard,,,FALSE,Lifecycle (broad environmental),46.0,,,,,87.3,50.0
PROD-2025-0124,Flex Charging Solutions Speaker,Electronics,Charging Solutions,71888,7080968.0,60.72,120.52,Bol - BFC Site 1,BFC1,8714252028140,"Mechie Trommelenweg 1, 5145 ND Waalwijk",FALSE,FALSE,TRUE,China,92.06,Recyclable Cardboard,6,,,,FALSE,70.0,43.5,85.0,67.3,35.8,100.0,TRUE,58.3,64.4,High,Material_Recyclable_Pct,FALSE,,Standard,,PROD-2025-0695,FALSE,,60.4,72.68,0.0,48.6,18,66.2,62.5
PROD-2025-0125,Zen Sustainable Apparel Leggings,Fashion,Sustainable Apparel,102116,14551530.0,103.96,158.24,Bol - BFC XL 2,BFCXL2,8714252028133,"Rietgraaf 10, 6678 PJ Oosterhout",FALSE,TRUE,TRUE,,35.56,,,,,,FALSE,45.0,49.5,100.0,65.6,20.3,50.0,TRUE,30.7,43.4,Low,Packaging_Type; Material_Recyclable_Pct; Country_Of_Origin; Repairability/Lifespan,FALSE,,Standard,,PROD-2025-0810,FALSE,,16.8,-87.4,87.4,22.2,51,25.0,54.7
PROD-2025-0126,Premium Recovery Tools Band,Fitness,Recovery Tools,86013,6149929.5,45.08,86.48,Bol - BFC Site 1,BFC1,8714252028140,"Mechie Trommelenweg 1, 5145 ND Waalwijk",FALSE,TRUE,TRUE,China,,Biodegradable,6,11.2,32,,FALSE,90.0,32.0,85.0,70.8,6.5,100.0,TRUE,39.3,60.2,Medium,CO2_Footprint_kg,FALSE,,Next day,,PROD-2025-0783,FALSE,,79.6,35.42,0.0,,13,50.0,76.4
PROD-2025-0127,Smart Pet Apparel Carrier,Pet,Pet Apparel,42410,2290140.0,28.52,70.84,Bol - BFC Site 2,BFC2,8714252028102,"Mechie Trommelenweg 1, 5145 ND Waalwijk",FALSE,TRUE,TRUE,China,18.15,Mixed Plastic+Cardboard,,2.8,79,,FALSE,45.0,79.0,55.0,58.7,0.0,100.0,TRUE,35.0,32.6,High,None,FALSE,,Standard,,PROD-2025-0165,TRUE,,64.1,-14.72,14.72,11.0,100,6.8,41.1
PROD-2025-0128,Smart Smart Home Devices Stand,Electronics,Smart Home Devices,62175,7740787.5,91.08,138.0,Bol - Ingram Micro,INGRAM,8712423020603,"Veerweg 16, 5145 NS Waalwijk",FALSE,TRUE,TRUE,China,87.42,,,,,,FALSE,45.0,44.5,30.0,39.6,35.8,80.0,TRUE,51.3,54.1,Medium,Packaging_Type; Material_Recyclable_Pct; Repairability/Lifespan,FALSE,,Next day,,PROD-2025-0638,FALSE,,31.5,-3.22,3.22,43.7,38,70.0,48.0
PROD-2025-0129,Ergonomic Accessories Scarf,Fashion,Accessories,50542,5559620.0,69.0,133.4,Bol - BFC Site 2,BFC2,8714252028102,"Mechie Trommelenweg 1, 5145 ND Waalwijk",TRUE,TRUE,TRUE,Portugal,16.49,Recyclable Cardboard,4,,62,,FALSE,70.0,62.0,55.0,62.3,82.4,100.0,TRUE,88.6,58.7,High,None,FALSE,,Today,,PROD-2025-0009,TRUE,,61.4,-78.2,78.2,2.2,19,58.3,37.5
PROD-2025-0130,Glow Smart Fitness Trackers Bottle,Fitness,Smart Fitness Trackers,234229,32909174.5,87.4,171.12,Bol - BFC XL,BFCXL,8714252028195,"Divisiedok 1, 3439 JM Nieuwegein",FALSE,TRUE,TRUE,China,55.24,Plastic,,,,,FALSE,25.0,38.5,100.0,55.3,6.5,100.0,TRUE,39.3,49.4,Medium,Material_Recyclable_Pct; Repairability/Lifespan,FALSE,,Next day,,PROD-2025-0064,FALSE,,24.1,-70.84,70.84,40.0,44,49.0,50.0
PROD-2025-0131,Wireless Baby Safety Gear Pacifier,Baby,Baby Safety Gear,35341,3251372.0,77.28,92.0,Bol - BFC Site 1,BFC1,8714252028140,"Mechie Trommelenweg 1, 5145 ND Waalwijk",FALSE,TRUE,TRUE,USA,,Plastic,1,,,,FALSE,25.0,56.0,85.0,55.3,24.3,100.0,TRUE,50.8,38.9,Medium,CO2_Footprint_kg; Material_Recyclable_Pct,FALSE,,Standard,,PROD-2025-0464,FALSE,,39.5,-25.76,25.76,,79,50.0,0.0
PROD-2025-0132,Minimalist Eco-friendly Diapers Pacifier,Baby,Eco-friendly Diapers,72180,5124780.0,25.76,104.88,Bol - BFC Site 1,BFC1,8714252028140,"Mechie Trommelenweg 1, 5145 ND Waalwijk",TRUE,TRUE,TRUE,China,23.73,,2,3.9,,,FALSE,45.0,55.5,85.0,62.1,0.0,80.0,TRUE,28.0,38.2,High,Packaging_Type; Material_Recyclable_Pct,FALSE,,Today,,PROD-2025-0190,FALSE,,53.5,-35.88,35.88,14.5,65,20.5,45.4
PROD-2025-0133,Sustainable Footwear Bag,Fashion,Footwear,75190,8082925.0,92.0,105.8,Bol - BFC Site 1,BFC1,8714252028140,"Mechie Trommelenweg 1, 5145 ND Waalwijk",FALSE,TRUE,TRUE,Bangladesh,44.35,Mixed Plastic+Cardboard,4,,,,FALSE,45.0,49.5,85.0,60.3,20.3,100.0,TRUE,48.2,34.6,High,Material_Recyclable_Pct,FALSE,,Standard,,PROD-2025-0277,FALSE,,20.8,-37.72,37.72,36.4,103,8.3,37.5
PROD-2025-0134,Swift Pet Grooming Tools Carrier,Pet,Pet Grooming Tools,41391,3000847.5,41.4,92.0,Bol - BFC Site 1,BFC1,8714252028140,"Mechie Trommelenweg 1, 5145 ND Waalwijk",FALSE,TRUE,TRUE,China,,Recyclable Cardboard,1,4.9,22,,FALSE,70.0,22.0,85.0,60.8,0.0,100.0,TRUE,35.0,50.2,Medium,CO2_Footprint_kg,FALSE,,Next day,,PROD-2025-0497,FALSE,,68.9,-13.34,13.34,,46,49.3,50.0
PROD-2025-0135,Organic Kitchen Gadgets Vacuum,Home & Garden,Kitchen Gadgets,355307,19719538.5,45.08,57.04,Bol - BFC Site 1,BFC1,8714252028140,"Mechie Trommelenweg 1, 5145 ND Waalwijk",FALSE,TRUE,TRUE,Italy,,Mixed Plastic+Cardboard,,,80,,FALSE,45.0,80.0,85.0,69.5,29.7,100.0,TRUE,54.3,55.7,Low,CO2_Footprint_kg; Repairability/Lifespan,FALSE,,Standard,,PROD-2025-0304,FALSE,,83.7,103.04,0.0,,17,50.0,50.8
PROD-2025-0136,Pro Indoor Plants Accessories Planter,Home & Garden,Indoor Plants Accessories,74700,11354400.0,115.0,164.68,Bol - BFC Site 2,BFC2,8714252028102,"Mechie Trommelenweg 1, 5145 ND Waalwijk",FALSE,TRUE,TRUE,Poland,,Mixed Plastic+Cardboard,,8.1,75,,FALSE,45.0,75.0,55.0,57.5,39.2,100.0,TRUE,60.5,48.1,Medium,CO2_Footprint_kg,FALSE,,Next day,,PROD-2025-0796,FALSE,,13.5,-78.2,78.2,,36,50.0,28.8
PROD-2025-0137,Ultra Upcycled Fashion Composter,Eco-Friendly,Upcycled Fashion,417581,80593133.0,131.56,223.56,Bol - BFC Site 2,BFC2,8714252028102,"Mechie Trommelenweg 1, 5145 ND Waalwijk",FALSE,TRUE,TRUE,Denmark,30.7,Recyclable Cardboard,,,87,,FALSE,70.0,87.0,55.0,69.8,44.1,100.0,FALSE,63.7,49.7,High,Repairability/Lifespan,TRUE,"Carries an eco label, but scores below the category average on our independent check.",Standard,,PROD-2025-0250,FALSE,,2.2,-41.86,41.86,21.1,46,29.2,50.0
PROD-2025-0138,Nano Phone Accessories Speaker,Electronics,Phone Accessories,59288,3735144.0,19.32,96.6,Bol - Ingram Micro,INGRAM,8712423020603,"Veerweg 16, 5145 NS Waalwijk",FALSE,TRUE,TRUE,Japan,168.83,Plastic,8,5.9,,Cradle to Cradle,FALSE,25.0,43.5,30.0,32.3,9.9,100.0,FALSE,41.4,46.9,High,Material_Recyclable_Pct,TRUE,"Eco claim, but packaged in Plastic.",Next day,,PROD-2025-0538,FALSE,Material circularity,67.6,-0.46,0.46,144.7,57,43.8,69.1
PROD-2025-0139,Sustainable Womenswear Sunglasses,Fashion,Womenswear,87866,13794962.0,115.92,172.96,Bol - BFC XL 2,BFCXL2,8714252028133,"Rietgraaf 10, 6678 PJ Oosterhout",FALSE,FALSE,TRUE,,,Foam + Plastic,1,4.4,,EU Ecolabel,FALSE,10.0,49.5,100.0,53.4,20.3,70.0,FALSE,37.7,47.6,Medium,CO2_Footprint_kg; Material_Recyclable_Pct; Country_Of_Origin,TRUE,"Eco claim, but packaged in Foam + Plastic.",Standard,,PROD-2025-0984,FALSE,Lifecycle (broad environmental),15.8,-30.82,30.82,,62,50.0,44.3
PROD-2025-0140,Swift Interactive Pet Toys Carrier,Pet,Interactive Pet Toys,472387,55977859.5,90.16,127.88,Bol - BFC Site 2,BFC2,8714252028102,"Mechie Trommelenweg 1, 5145 ND Waalwijk",FALSE,TRUE,TRUE,USA,,Recyclable Cardboard,3,2.1,60,,,70.0,60.0,55.0,61.8,40.5,100.0,TRUE,61.4,48.6,Medium,CO2_Footprint_kg,FALSE,,Next day,,PROD-2025-0370,FALSE,,35.9,-42.78,42.78,,29,49.3,26.8
PROD-2025-0141,Minimalist E-books Asset,Digital Goods,E-books,92778,7886130.0,39.56,116.84,Bol - Ingram Micro,INGRAM,8712423020603,"Veerweg 16, 5145 NS Waalwijk",FALSE,FALSE,FALSE,,0.0,Digital - No Packaging,,,,,,100.0,49.0,30.0,60.2,100.0,70.0,TRUE,89.5,88.5,Medium,Material_Recyclable_Pct; Country_Of_Origin; Repairability/Lifespan,FALSE,,Standard,,,FALSE,,64.6,,,,,100.0,100.0
PROD-2025-0142,Swift Activewear Shorts,Fitness,Activewear,72087,5046090.0,34.04,94.76,Bol - BFC XL,BFCXL,8714252028195,"Divisiedok 1, 3439 JM Nieuwegein",FALSE,TRUE,TRUE,China,58.68,Plastic,3,10.7,16,,FALSE,25.0,16.0,100.0,48.5,6.5,100.0,TRUE,39.3,47.8,High,None,FALSE,,Next day,,PROD-2025-0145,FALSE,,70.1,-17.48,17.48,48.6,85,46.1,54.6
PROD-2025-0143,Minimalist Home Gym Equipment Shorts,Fitness,Home Gym Equipment,80512,9339392.0,92.0,121.44,Bol - BFC XL,BFCXL,8714252028195,"Divisiedok 1, 3439 JM Nieuwegein",FALSE,TRUE,TRUE,USA,97.85,Minimal Packaging,4,,77,,,80.0,77.0,100.0,86.1,63.6,100.0,TRUE,76.3,43.0,High,None,FALSE,,Standard,,PROD-2025-0382,TRUE,,27.7,-52.44,52.44,71.9,53,2.0,37.5
PROD-2025-0144,Luxe Pet Grooming Tools Bowl,Pet,Pet Grooming Tools,73220,9994530.0,110.4,140.76,Bol - Ingram Micro,INGRAM,8712423020603,"Veerweg 16, 5145 NS Waalwijk",FALSE,FALSE,TRUE,China,6.98,Mixed Plastic+Cardboard,4,2.2,77,,FALSE,45.0,77.0,30.0,49.3,0.0,100.0,TRUE,35.0,50.5,High,None,FALSE,,Standard,,PROD-2025-0497,TRUE,,29.1,-72.22,72.22,4.8,45,69.9,33.9
PROD-2025-0145,Ultra Activewear Roller,Fitness,Activewear,350368,17868768.0,34.96,58.88,Bol - BFC XL 2,BFCXL2,8714252028164,"Rietgraaf 10, 6678 PJ Oosterhout",FALSE,FALSE,TRUE,USA,10.1,Minimal Packaging,,11.6,,EU Ecolabel,FALSE,80.0,51.5,100.0,78.5,63.6,100.0,TRUE,76.3,88.4,High,Material_Recyclable_Pct,FALSE,,Standard,,,TRUE,Lifecycle (broad environmental),99.3,,,,,95.1,96.3
PROD-2025-0146,Zen Smart Lighting Shelf,Home & Garden,Smart Lighting,58685,1965947.5,22.08,39.56,Bol - BFC XL,BFCXL,8714252028195,"Divisiedok 1, 3439 JM Nieuwegein",FALSE,FALSE,TRUE,Germany,26.28,Biodegradable,2,,,Cradle to Cradle,FALSE,90.0,47.5,100.0,80.8,51.4,100.0,TRUE,68.4,65.3,High,Material_Recyclable_Pct,FALSE,,Standard,,,TRUE,Material circularity,97.1,,,,,90.5,12.5
PROD-2025-0147,Swift Pet Grooming Tools Leash,Pet,Pet Grooming Tools,77305,5952485.0,34.96,106.72,Bol - Ingram Micro,INGRAM,8712423020603,"Veerweg 16, 5145 NS Waalwijk",FALSE,TRUE,TRUE,China,,Mixed Plastic+Cardboard,1,,,,FALSE,45.0,44.0,30.0,39.4,0.0,100.0,TRUE,35.0,32.4,Medium,CO2_Footprint_kg; Material_Recyclable_Pct,FALSE,,Standard,,PROD-2025-0497,FALSE,,38.8,-17.48,17.48,,126,49.3,0.0
PROD-2025-0148,Vital Phone Accessories Power Bank,Electronics,Phone Accessories,77120,6516640.0,62.56,92.92,Bol - Ingram Micro,INGRAM,8712423020603,"Veerweg 16, 5145 NS Waalwijk",FALSE,TRUE,TRUE,,227.72,Mixed Plastic+Cardboard,,,,,TRUE,45.0,43.5,30.0,39.3,35.8,45.0,FALSE,39.0,32.3,Medium,Material_Recyclable_Pct; Country_Of_Origin; Repairability/Lifespan,TRUE,"Carbon-neutral certified, but CO2 is in the top 25% for its category.",Next day,,PROD-2025-0538,FALSE,,23.4,-20.24,20.24,203.6,128,11.2,50.7
PROD-2025-0149,Zen Hair Care Tools Dryer,Beauty & Skincare,Hair Care Tools,11017,1459752.5,84.64,159.16,Bol - BFC Site 1,BFC1,8714252028140,"Mechie Trommelenweg 1, 5145 ND Waalwijk",FALSE,TRUE,TRUE,France,9.11,Recyclable Cardboard,,0.8,47,,FALSE,70.0,47.0,85.0,68.3,59.1,100.0,TRUE,73.4,51.7,High,None,FALSE,,Standard,,PROD-2025-0241,FALSE,,37.7,-61.18,61.18,4.9,33,36.0,43.9
PROD-2025-0150,Pro Pet Apparel Carrier,Pet,Pet Apparel,471871,65354133.5,115.92,138.92,Bol - BFC Site 2,BFC2,8714252028102,"Mechie Trommelenweg 1, 5145 ND Waalwijk",FALSE,TRUE,TRUE,Germany,4.38,Plastic,4,4.1,,,FALSE,25.0,44.0,55.0,41.2,64.9,100.0,TRUE,77.2,63.5,High,Material_Recyclable_Pct,FALSE,,Next day,,,FALSE,,47.6,,,,,79.5,55.4
PROD-2025-0151,Nano Yoga Gear Bench,Fitness,Yoga Gear,34022,5681674.0,111.32,195.96,Bol - BFC XL 2,BFCXL2,8714252028164,"Rietgraaf 10, 6678 PJ Oosterhout",FALSE,FALSE,TRUE,,7.56,Foam + Plastic,,10.5,,,FALSE,10.0,52.0,100.0,54.1,6.5,70.0,TRUE,28.8,72.9,Medium,Material_Recyclable_Pct; Country_Of_Origin,FALSE,,Standard,,,FALSE,,40.1,,,,,98.0,82.9
PROD-2025-0152,Pro E-books Course,Digital Goods,E-books,38460,3769080.0,76.36,103.96,Bol - BFC Site 1,BFC1,8714252028140,"Mechie Trommelenweg 1, 5145 ND Waalwijk",FALSE,FALSE,FALSE,USA,0.0,Digital - No Packaging,,,,,,100.0,49.0,85.0,79.5,100.0,100.0,TRUE,100.0,94.9,Medium,Material_Recyclable_Pct; Repairability/Lifespan,FALSE,,Standard,,,FALSE,,58.4,,,,,100.0,100.0
PROD-2025-0153,Portable Interactive Pet Toys Brush,Pet,Interactive Pet Toys,88167,12387463.5,99.36,159.16,Bol - BFC Site 1,BFC1,8714252028140,"Mechie Trommelenweg 1, 5145 ND Waalwijk",FALSE,FALSE,TRUE,USA,17.52,Recyclable Cardboard,5,4.7,,,FALSE,70.0,44.0,85.0,67.5,40.5,100.0,TRUE,61.4,47.8,High,Material_Recyclable_Pct,FALSE,,Standard,,PROD-2025-0370,FALSE,,20.4,-63.02,63.02,15.2,32,12.3,69.6
PROD-2025-0154,Organic Portable Audio Adapter,Electronics,Portable Audio,53426,2751439.0,28.52,66.24,Bol - BFC Site 1,BFC1,8714252028140,"Mechie Trommelenweg 1, 5145 ND Waalwijk",FALSE,FALSE,TRUE,USA,202.11,,,,76,,FALSE,45.0,76.0,85.0,68.3,96.3,80.0,TRUE,90.6,52.5,Medium,Packaging_Type; Repairability/Lifespan,FALSE,,Standard,,PROD-2025-0944,FALSE,,85.6,-12.88,12.88,90.8,24,26.2,50.7
PROD-2025-0155,Wireless Home Office Decor Vacuum,Home & Garden,Home Office Decor,61633,6841263.0,60.72,143.52,Bol - BFC XL 2,BFCXL2,8714252028164,"Rietgraaf 10, 6678 PJ Oosterhout",FALSE,TRUE,TRUE,China,,Foam + Plastic,,7.1,,,FALSE,10.0,47.5,100.0,52.8,0.0,100.0,TRUE,35.0,39.8,Medium,CO2_Footprint_kg; Material_Recyclable_Pct,FALSE,,Standard,,PROD-2025-0690,FALSE,,29.8,-28.06,28.06,,47,50.0,15.3
PROD-2025-0156,Luxe Menswear Jacket,Fashion,Menswear,24608,2350064.0,59.8,115.92,Bol - BFC Site 2,BFC2,8714252028102,"Mechie Trommelenweg 1, 5145 ND Waalwijk",FALSE,FALSE,TRUE,India,8.41,Mixed Plastic+Cardboard,2,4.0,75,,FALSE,45.0,75.0,55.0,57.5,58.1,100.0,TRUE,72.8,66.0,High,None,FALSE,,Standard,,,TRUE,,73.3,,,,,88.3,39.3
PROD-2025-0157,Flex SaaS Subscriptions Tool,Digital Goods,SaaS Subscriptions,84832,7677296.0,63.48,103.04,Bol - BFC Site 1,BFC1,8714252028140,"Mechie Trommelenweg 1, 5145 ND Waalwijk",FALSE,FALSE,FALSE,USA,0.0,Digital - No Packaging,,,,,,100.0,49.0,85.0,79.5,100.0,100.0,TRUE,100.0,94.9,Medium,Material_Recyclable_Pct; Repairability/Lifespan,FALSE,,Standard,,,FALSE,,66.4,,,,,100.0,100.0
PROD-2025-0158,Flex Menswear T-Shirt,Fashion,Menswear,64421,7891572.5,76.36,149.04,Bol - Ingram Micro,INGRAM,8712423020603,"Veerweg 16, 5145 NS Waalwijk",FALSE,TRUE,TRUE,India,12.67,Minimal Packaging,,,28,,,80.0,28.0,30.0,46.9,58.1,100.0,TRUE,72.8,63.2,High,Repairability/Lifespan,FALSE,,Next day,,,FALSE,,58.4,,,,,76.7,54.7
PROD-2025-0159,Swift Digital Planners Bundle,Digital Goods,Digital Planners,19171,3048189.0,122.36,170.2,Bol - BFC Site 1,BFC1,8714252028140,"Mechie Trommelenweg 1, 5145 ND Waalwijk",FALSE,FALSE,FALSE,USA,0.0,Digital - No Packaging,,,,,,100.0,49.0,85.0,79.5,100.0,100.0,TRUE,100.0,94.9,Medium,Material_Recyclable_Pct; Repairability/Lifespan,FALSE,,Standard,,,FALSE,,15.0,,,,,100.0,100.0
PROD-2025-0160,Luxe Organic Makeup Perfume,Beauty & Skincare,Organic Makeup,55975,4114162.5,64.4,70.84,Bol - BFC Site 1,BFC1,8714252028140,"Mechie Trommelenweg 1, 5145 ND Waalwijk",FALSE,TRUE,TRUE,USA,,Minimal Packaging,1,0.8,,,FALSE,80.0,52.5,85.0,73.5,38.7,100.0,TRUE,60.2,50.2,Medium,CO2_Footprint_kg; Material_Recyclable_Pct,FALSE,,Next day,,PROD-2025-0217,FALSE,,76.2,50.6,0.0,,53,49.4,22.0
PROD-2025-0161,Organic Solar Powered Gadgets Straws,Eco-Friendly,Solar Powered Gadgets,47769,6520468.5,123.28,127.88,Bol - BFC Site 1,BFC1,8714252028140,"Mechie Trommelenweg 1, 5145 ND Waalwijk",FALSE,FALSE,TRUE,Denmark,37.3,Recyclable Cardboard,,,16,Cradle to Cradle,,70.0,16.0,85.0,59.0,44.1,100.0,FALSE,63.7,41.7,High,Repairability/Lifespan,TRUE,"Eco claim, but only 16% recyclable material.",Standard,,PROD-2025-0112,FALSE,Material circularity,9.7,-18.4,18.4,25.0,50,13.8,50.0
PROD-2025-0162,Portable Organic Makeup Mask,Beauty & Skincare,Organic Makeup,61469,2796839.5,29.44,54.28,Bol - BFC Site 1,BFC1,8714252028140,"Mechie Trommelenweg 1, 5145 ND Waalwijk",FALSE,FALSE,TRUE,USA,6.94,Mixed Plastic+Cardboard,2,,,Cradle to Cradle,FALSE,45.0,52.5,85.0,61.2,38.7,100.0,FALSE,60.2,45.2,High,Material_Recyclable_Pct,TRUE,"Carries an eco label, but scores below the category average on our independent check.",Standard,,PROD-2025-0217,FALSE,Material circularity,88.5,76.36,0.0,1.6,70,50.6,12.5
PROD-2025-0163,Ultra Recovery Tools Scale,Fitness,Recovery Tools,66834,6182145.0,52.44,117.76,Bol - BFC XL 2,BFCXL2,8714252028164,"Rietgraaf 10, 6678 PJ Oosterhout",FALSE,TRUE,TRUE,,83.21,Minimal Packaging,,7.9,18,,FALSE,80.0,18.0,100.0,68.4,6.5,70.0,TRUE,28.8,43.9,High,Country_Of_Origin,FALSE,,Standard,,PROD-2025-0126,FALSE,,46.7,-19.32,19.32,,37,21.6,59.8
PROD-2025-0164,Ultra Smart Lighting Organizer,Home & Garden,Smart Lighting,98079,10396374.0,70.84,124.2,Bol - Ingram Micro,INGRAM,8712423020603,"Veerweg 16, 5145 NS Waalwijk",FALSE,FALSE,TRUE,,32.3,Plastic,7,,59,,,25.0,59.0,30.0,37.0,39.2,70.0,TRUE,50.0,65.8,High,Country_Of_Origin,FALSE,,Standard,,PROD-2025-0395,TRUE,,68.3,79.12,0.0,13.3,20,86.5,75.0
PROD-2025-0165,Organic Pet Apparel Leash,Pet,Pet Apparel,17871,679098.0,16.56,53.36,Bol - BFC Site 1,BFC1,8714252028140,"Mechie Trommelenweg 1, 5145 ND Waalwijk",FALSE,TRUE,TRUE,China,7.15,Plastic,,4.9,17,,FALSE,25.0,17.0,85.0,43.6,0.0,100.0,TRUE,35.0,65.1,High,None,FALSE,,Standard,,,FALSE,,99.0,,,,,68.5,100.0
PROD-2025-0166,Nano Digital Planners Tool,Digital Goods,Digital Planners,87302,3142872.0,9.2,57.04,Bol - Ingram Micro,INGRAM,8712423020603,"Veerweg 16, 5145 NS Waalwijk",FALSE,FALSE,FALSE,Netherlands,0.0,Digital - No Packaging,,,,Energy Star,,100.0,49.0,30.0,60.2,100.0,100.0,FALSE,100.0,90.0,High,Material_Recyclable_Pct; Repairability/Lifespan,TRUE,"Carries an eco label, but scores below the category average on our independent check.",Standard,,,FALSE,Energy efficiency,94.7,,,,,100.0,100.0
PROD-2025-0167,Portable E-books Template,Digital Goods,E-books,80824,4243260.0,43.24,53.36,Bol - BFC Site 1,BFC1,8714252028140,"Mechie Trommelenweg 1, 5145 ND Waalwijk",FALSE,FALSE,FALSE,USA,0.0,Digital - No Packaging,,,,,,100.0,49.0,85.0,79.5,100.0,100.0,TRUE,100.0,94.9,Medium,Material_Recyclable_Pct; Repairability/Lifespan,FALSE,,Standard,,,FALSE,,91.2,,,,,100.0,100.0
PROD-2025-0168,Wireless Online Courses Tool,Digital Goods,Online Courses,236829,32445573.0,83.72,168.36,Bol - BFC Site 1,BFC1,8714252028140,"Mechie Trommelenweg 1, 5145 ND Waalwijk",FALSE,FALSE,FALSE,Netherlands,0.0,Digital - No Packaging,,,,,,100.0,49.0,85.0,79.5,100.0,100.0,TRUE,100.0,94.9,Medium,Material_Recyclable_Pct; Repairability/Lifespan,FALSE,,Standard,,,FALSE,,32.7,,,,,100.0,100.0
PROD-2025-0169,Smart Indoor Plants Accessories Mug,Home & Garden,Indoor Plants Accessories,10209,387942.0,25.76,44.16,Bol - BFC Site 1,BFC1,8714252028140,"Mechie Trommelenweg 1, 5145 ND Waalwijk",FALSE,FALSE,TRUE,Germany,176.69,Mixed Plastic+Cardboard,8,16.0,63,,FALSE,45.0,63.0,85.0,64.4,51.4,100.0,TRUE,68.4,51.9,High,None,FALSE,,Standard,,PROD-2025-0852,TRUE,,92.3,119.6,0.0,151.4,47,12.2,85.3
PROD-2025-0170,Ultra Online Courses Guide,Digital Goods,Online Courses,41250,6022500.0,130.64,138.0,Bol - BFC Site 1,BFC1,8714252028140,"Mechie Trommelenweg 1, 5145 ND Waalwijk",FALSE,FALSE,FALSE,Germany,0.0,Digital - No Packaging,,,,,,100.0,49.0,85.0,79.5,100.0,100.0,TRUE,100.0,94.9,Medium,Material_Recyclable_Pct; Repairability/Lifespan,FALSE,,Standard,,,FALSE,,24.8,,,,,100.0,100.0
PROD-2025-0171,Luxe Fragrances Oil,Beauty & Skincare,Fragrances,37811,4820902.5,92.92,141.68,Bol - BFC Site 1,BFC1,8714252028140,"Mechie Trommelenweg 1, 5145 ND Waalwijk",FALSE,TRUE,TRUE,,11.93,Biodegradable,,1.7,,Cradle to Cradle,FALSE,90.0,52.5,85.0,77.0,38.7,70.0,FALSE,49.7,56.9,High,Material_Recyclable_Pct; Country_Of_Origin,TRUE,"Marketed as eco, but shipped from far away with an above-average footprint.",Standard,,PROD-2025-0535,FALSE,Material circularity,51.6,-5.52,5.52,5.2,15,23.6,87.9
PROD-2025-0172,Zen Kitchen Gadgets Planter,Home & Garden,Kitchen Gadgets,65453,8279804.5,72.68,160.08,Bol - BFC XL,BFCXL,8714252028195,"Divisiedok 1, 3439 JM Nieuwegein",FALSE,FALSE,TRUE,China,176.55,,2,,26,,FALSE,45.0,26.0,100.0,58.5,0.0,80.0,TRUE,28.0,26.7,High,Packaging_Type,FALSE,,Standard,,PROD-2025-0781,FALSE,,1.9,-40.02,40.02,110.5,136,13.5,12.5
PROD-2025-0173,Wireless Zero-waste Kits Bottle,Eco-Friendly,Zero-waste Kits,14560,2111200.0,115.92,150.88,Bol - BFC Site 2,BFC2,8714252028102,"Mechie Trommelenweg 1, 5145 ND Waalwijk",FALSE,TRUE,TRUE,,,,7,2.1,92,FSC Certified,FALSE,70.0,92.0,55.0,71.3,44.1,50.0,FALSE,46.2,51.9,Medium,CO2_Footprint_kg; Packaging_Type; Country_Of_Origin,TRUE,"Carries an eco label, but scores below the category average on our independent check.",Standard,,PROD-2025-0731,FALSE,Sustainable forestry,28.0,-57.96,57.96,,75,49.2,39.4
PROD-2025-0174,Minimalist Fragrances Dryer,Beauty & Skincare,Fragrances,122750,10249625.0,33.12,120.52,Bol - Ingram Micro,INGRAM,8712423020603,"Veerweg 16, 5145 NS Waalwijk",FALSE,TRUE,TRUE,South Korea,12.29,Mixed Plastic+Cardboard,1,0.2,61,,FALSE,45.0,61.0,30.0,44.5,0.0,100.0,TRUE,35.0,23.7,High,None,FALSE,,Next day,,PROD-2025-0367,TRUE,,15.6,-32.2,32.2,,23,20.2,0.8
PROD-2025-0175,Portable Portable Audio Case,Electronics,Portable Audio,62924,10885852.0,133.4,184.92,Bol - BFC XL,BFCXL,8714252028195,"Divisiedok 1, 3439 JM Nieuwegein",FALSE,TRUE,TRUE,,47.9,,5,4.5,,,,45.0,43.5,100.0,63.8,35.8,50.0,TRUE,40.8,62.0,Medium,Packaging_Type; Material_Recyclable_Pct; Country_Of_Origin,FALSE,,Standard,,,FALSE,,19.8,,,,,86.2,39.0
PROD-2025-0176,Eco Organic Pet Food Collar,Pet,Organic Pet Food,94942,4984455.0,13.8,82.8,Bol - BFC Site 2,BFC2,8714252028102,"Mechie Trommelenweg 1, 5145 ND Waalwijk",FALSE,FALSE,TRUE,Germany,13.51,Mixed Plastic+Cardboard,4,,,,FALSE,45.0,44.0,55.0,48.2,64.9,100.0,TRUE,77.2,45.9,High,Material_Recyclable_Pct,FALSE,,Standard,,PROD-2025-0242,FALSE,,79.6,66.7,0.0,12.4,52,37.0,37.5
PROD-2025-0177,Ultra Home Gym Equipment Bottle,Fitness,Home Gym Equipment,78871,10884198.0,124.2,129.72,Bol - BFC XL,BFCXL,8714252028195,"Divisiedok 1, 3439 JM Nieuwegein",FALSE,TRUE,TRUE,Germany,17.54,Mixed Plastic+Cardboard,4,11.6,7,EU Ecolabel,FALSE,45.0,7.0,100.0,52.8,87.9,100.0,FALSE,92.1,74.6,High,None,TRUE,"Eco claim, but only 7% recyclable material.",Standard,,,FALSE,Lifecycle (broad environmental),53.3,,,,,88.2,66.9
PROD-2025-0178,Sustainable Digital Planners App,Digital Goods,Digital Planners,66020,5842770.0,76.36,86.48,Bol - BFC XL,BFCXL,8714252028195,"Divisiedok 1, 3439 JM Nieuwegein",FALSE,FALSE,FALSE,USA,0.0,Digital - No Packaging,,,,,,100.0,49.0,100.0,84.7,100.0,100.0,TRUE,100.0,96.2,Medium,Material_Recyclable_Pct; Repairability/Lifespan,FALSE,,Standard,,,FALSE,,69.0,,,,,100.0,100.0
PROD-2025-0179,Wireless Athleisure Jacket,Fashion,Athleisure,73624,3718012.0,36.8,56.12,Bol - BFC Site 1,BFC1,8714252028140,"Mechie Trommelenweg 1, 5145 ND Waalwijk",FALSE,FALSE,TRUE,Bangladesh,,,2,2.6,13,,FALSE,45.0,13.0,85.0,49.4,20.3,80.0,TRUE,41.2,41.1,Medium,CO2_Footprint_kg; Packaging_Type,FALSE,,Standard,,PROD-2025-0258,FALSE,,82.2,-7.82,7.82,,42,50.0,20.4
PROD-2025-0180,Minimalist SaaS Subscriptions Asset,Digital Goods,SaaS Subscriptions,52116,4325628.0,63.48,89.24,Bol - BFC Site 1,BFC1,8714252028140,"Mechie Trommelenweg 1, 5145 ND Waalwijk",FALSE,FALSE,FALSE,,0.0,Digital - No Packaging,,,,Energy Star,,100.0,49.0,85.0,79.5,100.0,70.0,TRUE,89.5,93.3,Medium,Material_Recyclable_Pct; Country_Of_Origin; Repairability/Lifespan,FALSE,,Standard,,,FALSE,Energy efficiency,72.6,,,,,100.0,100.0
PROD-2025-0181,Premium Menswear Sunglasses,Fashion,Menswear,10491,1626105.0,119.6,165.6,Bol - BFC Site 2,BFC2,8714252028102,"Mechie Trommelenweg 1, 5145 ND Waalwijk",TRUE,TRUE,TRUE,China,,,,,49,,FALSE,45.0,49.0,55.0,49.7,0.0,80.0,TRUE,28.0,47.8,Low,CO2_Footprint_kg; Packaging_Type; Repairability/Lifespan,FALSE,,Next day,,PROD-2025-0156,FALSE,,17.8,-54.74,54.74,,38,50.0,54.7
PROD-2025-0182,Nano Eco-friendly Cleaning Diffuser,Home & Garden,Eco-friendly Cleaning,49901,9456239.5,135.24,213.44,Bol - BFC Site 1,BFC1,8714252028140,"Mechie Trommelenweg 1, 5145 ND Waalwijk",FALSE,TRUE,TRUE,Germany,,Plastic,,13.6,,,FALSE,25.0,47.5,85.0,52.8,51.4,100.0,TRUE,68.4,57.0,Medium,CO2_Footprint_kg; Material_Recyclable_Pct,FALSE,,Next day,,PROD-2025-0052,FALSE,,10.6,-122.82,122.82,,22,50.0,64.4
PROD-2025-0183,Swift Reusable Packaging Kit,Eco-Friendly,Reusable Packaging,39086,2442875.0,42.32,72.68,Bol - BFC Site 2,BFC2,8714252028102,"Mechie Trommelenweg 1, 5145 ND Waalwijk",FALSE,TRUE,TRUE,,9.91,Recyclable Cardboard,4,,,EU Ecolabel,TRUE,70.0,70.0,55.0,64.8,44.1,70.0,TRUE,53.2,63.2,High,Material_Recyclable_Pct; Country_Of_Origin,FALSE,,Standard,,PROD-2025-0492,TRUE,Lifecycle (broad environmental),82.8,113.62,0.0,,9,84.6,37.5
PROD-2025-0184,Ultra Womenswear Hoodie,Fashion,Womenswear,70472,9936552.0,92.0,167.44,Bol - BFC XL,BFCXL,8714252028195,"Divisiedok 1, 3439 JM Nieuwegein",FALSE,FALSE,TRUE,,,Plastic,5,,11,,FALSE,25.0,11.0,100.0,47.0,20.3,70.0,TRUE,37.7,47.4,Medium,CO2_Footprint_kg; Country_Of_Origin,FALSE,,Standard,,PROD-2025-0984,FALSE,,23.8,-16.1,16.1,,62,50.0,50.0
PROD-2025-0185,Pro Korean Skincare Lotion,Beauty & Skincare,Korean Skincare,16535,2538122.5,124.2,158.24,Bol - BFC XL 2,BFCXL2,8714252028133,"Rietgraaf 10, 6678 PJ Oosterhout",TRUE,TRUE,TRUE,South Korea,5.25,Recyclable Cardboard,,0.7,64,,FALSE,70.0,64.0,100.0,78.7,0.0,100.0,TRUE,35.0,59.6,High,None,FALSE,,Standard,,PROD-2025-0379,TRUE,,36.9,-17.94,17.94,4.1,15,74.2,34.8
PROD-2025-0186,Organic Biodegradable Products Bottle,Eco-Friendly,Biodegradable Products,82130,11785655.0,88.32,175.72,Bol - BFC Site 2,BFC2,8714252028102,"Mechie Trommelenweg 1, 5145 ND Waalwijk",FALSE,TRUE,TRUE,Netherlands,108.74,Biodegradable,,,64,EU Ecolabel,FALSE,90.0,64.0,55.0,69.9,64.7,100.0,FALSE,77.1,43.2,High,Repairability/Lifespan,TRUE,"Carries an eco label, but scores below the category average on our independent check.",Next day,,PROD-2025-0729,FALSE,Lifecycle (broad environmental),8.6,-74.98,74.98,93.7,69,4.6,50.0
PROD-2025-0187,Minimalist Smart Lighting Blender,Home & Garden,Smart Lighting,43539,1349709.0,15.64,41.4,Bol - BFC XL,BFCXL,8714252028195,"Divisiedok 1, 3439 JM Nieuwegein",TRUE,TRUE,TRUE,Germany,,Minimal Packaging,7,11.9,79,,,80.0,79.0,100.0,86.7,51.4,100.0,TRUE,68.4,64.7,Medium,CO2_Footprint_kg,FALSE,,Next day,,PROD-2025-0395,FALSE,,98.1,148.12,0.0,,22,50.0,61.2
PROD-2025-0188,Organic Activewear Band,Fitness,Activewear,348358,56259817.0,125.12,172.04,Bol - BFC XL 2,BFCXL2,8714252028164,"Rietgraaf 10, 6678 PJ Oosterhout",TRUE,TRUE,TRUE,China,27.49,Plastic,5,,,,FALSE,25.0,51.5,100.0,59.2,6.5,100.0,TRUE,39.3,60.3,High,Material_Recyclable_Pct,FALSE,,Standard,,PROD-2025-0145,FALSE,,29.2,-101.66,101.66,17.4,47,77.5,50.0
PROD-2025-0189,Premium Kitchen Gadgets Desk,Home & Garden,Kitchen Gadgets,86143,5168580.0,25.76,84.64,Bol - BFC XL,BFCXL,8714252028195,"Divisiedok 1, 3439 JM Nieuwegein",FALSE,TRUE,TRUE,Netherlands,193.28,Plastic,,,,,TRUE,25.0,47.5,100.0,58.0,81.1,75.0,FALSE,79.0,40.5,Medium,Material_Recyclable_Pct; Repairability/Lifespan,TRUE,"Carbon-neutral certified, but CO2 is in the top 25% for its category.",Standard,,PROD-2025-0199,FALSE,,71.2,-39.1,39.1,61.8,43,4.1,50.8
PROD-2025-0190,Nano Eco-friendly Diapers Crib,Baby,Eco-friendly Diapers,58251,1864032.0,9.2,49.68,Bol - BFC Site 1,BFC1,8714252028140,"Mechie Trommelenweg 1, 5145 ND Waalwijk",FALSE,TRUE,TRUE,China,9.28,Recyclable Cardboard,4,3.2,,,FALSE,70.0,55.5,85.0,70.9,0.0,100.0,TRUE,35.0,62.9,High,Material_Recyclable_Pct,FALSE,,Next day,,PROD-2025-0244,FALSE,,95.6,107.64,0.0,1.7,20,79.5,48.5
PROD-2025-0191,Ultra Smart Fitness Trackers Bottle,Fitness,Smart Fitness Trackers,79734,13913583.0,132.48,188.6,Bol - BFC Site 1,BFC1,8714252028140,"Mechie Trommelenweg 1, 5145 ND Waalwijk",FALSE,TRUE,TRUE,,70.2,Recyclable Cardboard,3,,,,,70.0,38.5,85.0,65.8,6.5,70.0,TRUE,28.8,39.4,Medium,Material_Recyclable_Pct; Country_Of_Origin,FALSE,,Standard,,PROD-2025-0064,FALSE,,2.9,-102.12,102.12,54.9,80,35.3,25.0
PROD-2025-0192,Ergonomic Organic Pet Food Leash,Pet,Organic Pet Food,109179,7806298.5,30.36,101.2,Bol - BFC XL 2,BFCXL2,8714252028133,"Rietgraaf 10, 6678 PJ Oosterhout",FALSE,TRUE,TRUE,,4.19,Minimal Packaging,1,,,,FALSE,80.0,44.0,100.0,76.2,40.5,70.0,TRUE,50.9,55.9,Medium,Material_Recyclable_Pct; Country_Of_Origin,FALSE,,Next day,,PROD-2025-0242,FALSE,,73.8,49.22,0.0,3.1,25,83.6,0.0
PROD-2025-0193,Zen Home Gym Equipment Bench,Fitness,Home Gym Equipment,98425,6249987.5,25.76,91.08,Bol - BFC XL,BFCXL,8714252028195,"Divisiedok 1, 3439 JM Nieuwegein",FALSE,FALSE,TRUE,USA,88.86,Recyclable Cardboard,6,,72,,FALSE,70.0,72.0,100.0,81.1,63.6,100.0,TRUE,76.3,51.1,High,None,FALSE,,Standard,,PROD-2025-0382,TRUE,,76.6,-4.14,4.14,62.9,29,10.8,62.5
PROD-2025-0194,Aura Eco-friendly Cleaning Vacuum,Home & Garden,Eco-friendly Cleaning,51762,7143156.0,109.48,144.44,Bol - Ingram Micro,INGRAM,8712423020603,"Veerweg 16, 5145 NS Waalwijk",FALSE,FALSE,TRUE,Germany,117.47,Plastic,,5.4,40,,FALSE,25.0,40.0,30.0,31.2,51.4,100.0,TRUE,68.4,34.1,High,None,FALSE,,Standard,,PROD-2025-0052,FALSE,,5.8,-75.44,75.44,64.8,104,43.2,3.4
PROD-2025-0195,Premium Smart Baby Monitors Diaper,Baby,Smart Baby Monitors,68410,7046230.0,89.24,100.28,Bol - BFC Site 2,BFC2,8714252028102,"Mechie Trommelenweg 1, 5145 ND Waalwijk",FALSE,FALSE,TRUE,,9.46,Foam + Plastic,,1.9,54,,FALSE,10.0,54.0,55.0,39.0,48.6,70.0,TRUE,56.1,51.8,High,Country_Of_Origin,FALSE,,Standard,,PROD-2025-0352,TRUE,,50.0,-43.24,43.24,2.0,25,78.4,24.6
PROD-2025-0196,Minimalist Accessories Scarf,Fashion,Accessories,96778,10306857.0,79.12,116.84,Bol - BFC Site 1,BFC1,8714252028140,"Mechie Trommelenweg 1, 5145 ND Waalwijk",FALSE,FALSE,TRUE,Portugal,,Foam + Plastic,5,4.3,68,Cradle to Cradle,,10.0,68.0,85.0,53.6,82.4,100.0,FALSE,88.6,60.8,High,CO2_Footprint_kg,TRUE,"Eco claim, but packaged in Foam + Plastic.",Standard,,PROD-2025-0009,FALSE,Material circularity,67.3,-74.98,74.98,,15,50.0,66.5
PROD-2025-0197,Wireless Smart Baby Monitors Bib,Baby,Smart Baby Monitors,21359,1975707.5,73.6,96.6,Bol - Ingram Micro,INGRAM,8712423020603,"Veerweg 16, 5145 NS Waalwijk",FALSE,TRUE,TRUE,Germany,24.58,Recyclable Cardboard,3,,,Energy Star,,70.0,55.5,30.0,51.6,48.6,100.0,FALSE,66.6,35.1,High,Material_Recyclable_Pct,TRUE,"Carries an eco label, but scores below the category average on our independent check.",Standard,,PROD-2025-0352,FALSE,Energy efficiency,32.5,-33.58,33.58,17.1,85,17.0,25.0
PROD-2025-0198,Zen Digital Planners Masterclass,Digital Goods,Digital Planners,319609,31801095.5,65.32,117.76,Bol - BFC Site 2,BFC2,8714252028102,"Mechie Trommelenweg 1, 5145 ND Waalwijk",FALSE,FALSE,FALSE,USA,0.0,Digital - No Packaging,,,,,,100.0,49.0,55.0,69.0,100.0,100.0,TRUE,100.0,92.2,Medium,Material_Recyclable_Pct; Repairability/Lifespan,FALSE,,Standard,,,FALSE,,54.0,,,,,100.0,100.0
PROD-2025-0199,Ergonomic Kitchen Gadgets Planter,Home & Garden,Kitchen Gadgets,71564,1252370.0,9.2,23.0,Bol - BFC XL,BFCXL,8714252028195,"Divisiedok 1, 3439 JM Nieuwegein",FALSE,TRUE,TRUE,Germany,131.46,Plastic,6,18.9,33,,FALSE,25.0,33.0,100.0,53.6,51.4,100.0,TRUE,68.4,58.0,High,None,FALSE,,Standard,,,FALSE,,99.0,,,,,40.5,80.4
PROD-2025-0200,Swift Charging Solutions Earbuds,Electronics,Charging Solutions,42535,3764347.5,64.4,98.44,Bol - Ingram Micro,INGRAM,8712423020603,"Veerweg 16, 5145 NS Waalwijk",FALSE,TRUE,TRUE,China,196.15,Recyclable Cardboard,,6.9,18,Energy Star,FALSE,70.0,18.0,30.0,40.4,35.8,100.0,FALSE,58.3,45.1,High,None,TRUE,"Eco claim, but only 18% recyclable material.",Next day,,,FALSE,Energy efficiency,45.9,,,,,31.2,61.3
PROD-2025-0201,Sustainable Korean Skincare Lotion,Beauty & Skincare,Korean Skincare,200881,24206160.5,86.48,135.24,Bol - BFC XL 2,BFCXL2,8714252028133,"Rietgraaf 10, 6678 PJ Oosterhout",FALSE,FALSE,TRUE,,9.77,Plastic,,,,,,25.0,52.5,100.0,59.5,38.7,70.0,TRUE,49.7,46.6,Medium,Material_Recyclable_Pct; Country_Of_Origin; Repairability/Lifespan,FALSE,,Standard,,PROD-2025-0311,FALSE,,36.1,-2.3,2.3,9.2,77,33.7,50.0
PROD-2025-0202,Sustainable Sustainable Apparel Dress,Fashion,Sustainable Apparel,55542,7775880.0,109.48,148.12,Bol - Ingram Micro,INGRAM,8712423020603,"Veerweg 16, 5145 NS Waalwijk",FALSE,FALSE,TRUE,Portugal,20.8,Recyclable Cardboard,5,3.7,,,FALSE,70.0,49.5,30.0,49.9,82.4,100.0,TRUE,88.6,54.6,High,Material_Recyclable_Pct,FALSE,,Standard,,PROD-2025-0810,FALSE,,38.6,-85.1,85.1,7.4,20,45.0,52.4
PROD-2025-0203,Luxe Hair Care Tools Dryer,Beauty & Skincare,Hair Care Tools,46997,3125300.5,16.56,105.8,Bol - BFC Site 1,BFC1,8714252028140,"Mechie Trommelenweg 1, 5145 ND Waalwijk",FALSE,TRUE,TRUE,,11.11,Minimal Packaging,,1.3,8,,FALSE,80.0,8.0,85.0,60.1,38.7,70.0,TRUE,49.7,50.1,High,Country_Of_Origin,FALSE,,Standard,,PROD-2025-0241,FALSE,,79.5,-0.46,0.46,6.9,38,29.2,69.7
PROD-2025-0204,Vital Smart Lighting Organizer,Home & Garden,Smart Lighting,27956,2110678.0,46.92,92.0,Bol - BFC XL,BFCXL,8714252028195,"Divisiedok 1, 3439 JM Nieuwegein",TRUE,TRUE,TRUE,Poland,115.28,Mixed Plastic+Cardboard,4,,,,,45.0,47.5,100.0,65.0,39.2,100.0,TRUE,60.5,50.8,High,Material_Recyclable_Pct,FALSE,,Today,,PROD-2025-0146,FALSE,,70.2,-38.64,38.64,89.0,29,45.9,37.5
PROD-2025-0205,Ergonomic Korean Skincare Lipstick,Beauty & Skincare,Korean Skincare,94415,11235385.0,69.0,149.96,Bol - BFC Site 1,BFC1,8714252028140,"Mechie Trommelenweg 1, 5145 ND Waalwijk",FALSE,TRUE,TRUE,USA,,,,,,,FALSE,45.0,52.5,85.0,61.2,38.7,80.0,TRUE,53.2,53.1,Low,CO2_Footprint_kg; Packaging_Type; Material_Recyclable_Pct; Repairability/Lifespan,FALSE,,Standard,,PROD-2025-0311,FALSE,,51.6,-0.92,0.92,,55,49.4,50.0
PROD-2025-0206,Aura Eco-friendly Cleaning Planter,Home & Garden,Eco-friendly Cleaning,95305,16487765.0,136.16,182.16,Bol - BFC XL,BFCXL,8714252028195,"Divisiedok 1, 3439 JM Nieuwegein",FALSE,TRUE,TRUE,,80.19,Plastic,3,13.5,,Fair Trade,FALSE,25.0,47.5,100.0,58.0,39.2,70.0,FALSE,50.0,54.7,High,Material_Recyclable_Pct; Country_Of_Origin,TRUE,"Eco claim, but packaged in Plastic.",Next day,,PROD-2025-0052,FALSE,Social / ethical (not environmental),13.5,-107.64,107.64,27.5,27,62.2,43.9
PROD-2025-0207,Organic Home Gym Equipment Dumbbell,Fitness,Home Gym Equipment,47480,3371080.0,51.52,79.12,Bol - BFC XL,BFCXL,8714252028195,"Divisiedok 1, 3439 JM Nieuwegein",FALSE,TRUE,TRUE,,54.65,Mixed Plastic+Cardboard,7,7.3,,,FALSE,45.0,48.0,100.0,65.2,6.5,70.0,TRUE,28.8,54.1,Medium,Material_Recyclable_Pct; Country_Of_Origin,FALSE,,Standard,,PROD-2025-0513,FALSE,,74.5,-9.2,9.2,36.5,24,51.0,62.5
PROD-2025-0208,Pure Pet Apparel Bowl,Pet,Pet Apparel,67679,10828640.0,106.72,187.68,Bol - BFC XL,BFCXL,8714252028195,"Divisiedok 1, 3439 JM Nieuwegein",FALSE,FALSE,TRUE,,4.28,Foam + Plastic,2,,,FSC Certified,FALSE,10.0,44.0,100.0,51.7,40.5,70.0,FALSE,50.9,52.4,High,Material_Recyclable_Pct; Country_Of_Origin,TRUE,"Eco claim, but packaged in Foam + Plastic.",Standard,,PROD-2025-0165,FALSE,Sustainable forestry,19.4,-112.24,112.24,,24,82.2,12.5
PROD-2025-0209,Luxe Activewear Bottle,Fitness,Activewear,74421,11646886.5,137.08,150.88,Bol - BFC XL,BFCXL,8714252028195,"Divisiedok 1, 3439 JM Nieuwegein",FALSE,FALSE,TRUE,China,57.45,Mixed Plastic+Cardboard,3,8.6,58,,,45.0,58.0,100.0,68.2,6.5,100.0,TRUE,39.3,51.1,High,None,FALSE,,Standard,,PROD-2025-0145,TRUE,,18.2,-97.06,97.06,47.4,73,47.1,46.6
PROD-2025-0210,Sustainable Educational Toys Carrier,Baby,Educational Toys,87998,7611827.0,34.04,125.12,Bol - BFC Site 2,BFC2,8714252028102,"Mechie Trommelenweg 1, 5145 ND Waalwijk",FALSE,FALSE,TRUE,,,Biodegradable,3,2.1,78,EU Ecolabel,FALSE,90.0,78.0,55.0,74.1,48.6,70.0,FALSE,56.1,51.4,Medium,CO2_Footprint_kg; Country_Of_Origin,TRUE,"Carries an eco label, but scores below the category average on our independent check.",Standard,,PROD-2025-0285,FALSE,Lifecycle (broad environmental),62.3,-4.14,4.14,,28,50.0,27.7
PROD-2025-0211,Zen Phone Accessories Watch,Electronics,Phone Accessories,20977,4017095.5,135.24,217.12,Bol - BFC Site 1,BFC1,8714252028140,"Mechie Trommelenweg 1, 5145 ND Waalwijk",FALSE,TRUE,TRUE,China,,Foam + Plastic,3,,44,,FALSE,10.0,44.0,85.0,46.4,35.8,100.0,TRUE,58.3,44.1,Medium,CO2_Footprint_kg,FALSE,,Standard,,PROD-2025-0538,FALSE,,4.5,-118.68,118.68,,67,50.0,25.0
PROD-2025-0212,Zen Yoga Gear Band,Fitness,Yoga Gear,40373,4239165.0,51.52,141.68,Bol - BFC Site 1,BFC1,8714252028140,"Mechie Trommelenweg 1, 5145 ND Waalwijk",FALSE,TRUE,TRUE,China,30.59,Mixed Plastic+Cardboard,,,67,,FALSE,45.0,67.0,85.0,65.6,6.5,100.0,TRUE,39.3,63.3,High,Repairability/Lifespan,FALSE,,Next day,,PROD-2025-0233,TRUE,,62.8,-45.54,45.54,15.7,23,73.5,61.0
PROD-2025-0213,Portable Charging Solutions Speaker,Electronics,Charging Solutions,23451,1160824.5,21.16,69.92,Bol - Ingram Micro,INGRAM,8712423020603,"Veerweg 16, 5145 NS Waalwijk",FALSE,TRUE,TRUE,,221.64,,,8.7,,,FALSE,45.0,43.5,30.0,39.3,35.8,50.0,TRUE,40.8,41.1,Medium,Packaging_Type; Material_Recyclable_Pct; Country_Of_Origin,FALSE,,Standard,,PROD-2025-0619,FALSE,,71.2,-3.22,3.22,163.4,47,13.8,81.3
PROD-2025-0214,Eco Menswear T-Shirt,Fashion,Menswear,24020,3326770.0,100.28,154.56,Bol - BFC Site 1,BFC1,8714252028140,"Mechie Trommelenweg 1, 5145 ND Waalwijk",FALSE,TRUE,TRUE,Bangladesh,,Mixed Plastic+Cardboard,,3.3,,,FALSE,45.0,49.5,85.0,60.3,20.3,100.0,TRUE,48.2,50.2,Medium,CO2_Footprint_kg; Material_Recyclable_Pct,FALSE,,Next day,,PROD-2025-0156,FALSE,,32.7,-39.56,39.56,,31,50.0,41.5
PROD-2025-0215,Minimalist Pet Apparel Bowl,Pet,Pet Apparel,233892,5496462.0,10.12,33.12,Bol - BFC Site 2,BFC2,8714252028102,"Mechie Trommelenweg 1, 5145 ND Waalwijk",FALSE,TRUE,TRUE,,19.33,Mixed Plastic+Cardboard,3,3.1,6,,,45.0,6.0,55.0,36.8,40.5,70.0,TRUE,50.9,27.1,High,Country_Of_Origin,FALSE,,Standard,,PROD-2025-0165,FALSE,,89.3,13.34,0.0,12.2,140,1.4,39.3
PROD-2025-0216,Organic Biodegradable Products Wrap,Eco-Friendly,Biodegradable Products,455906,84798516.0,128.8,213.44,Bol - BFC Site 1,BFC1,8714252028140,"Mechie Trommelenweg 1, 5145 ND Waalwijk",FALSE,TRUE,TRUE,USA,11.74,Minimal Packaging,4,7.4,65,,FALSE,80.0,65.0,85.0,77.2,0.0,100.0,TRUE,35.0,66.1,High,None,FALSE,,Next day,,PROD-2025-0729,TRUE,,26.9,-114.08,114.08,,11,80.0,54.3
PROD-2025-0217,Swift Organic Makeup Toner,Beauty & Skincare,Organic Makeup,62598,8043843.0,91.08,145.36,Bol - BFC XL,BFCXL,8714252028195,"Divisiedok 1, 3439 JM Nieuwegein",FALSE,FALSE,TRUE,Germany,5.38,Plastic,,1.9,29,,FALSE,25.0,29.0,100.0,52.5,86.0,100.0,TRUE,90.9,76.9,High,None,FALSE,,Standard,,,FALSE,,69.7,,,,,71.9,100.0
PROD-2025-0218,Wireless SaaS Subscriptions Course,Digital Goods,SaaS Subscriptions,31406,2653807.0,46.92,108.56,Bol - BFC Site 2,BFC2,8714252028102,"Mechie Trommelenweg 1, 5145 ND Waalwijk",FALSE,FALSE,FALSE,Netherlands,0.0,Digital - No Packaging,,,,,,100.0,49.0,55.0,69.0,100.0,100.0,TRUE,100.0,92.2,Medium,Material_Recyclable_Pct; Repairability/Lifespan,FALSE,,Standard,,,FALSE,,69.9,,,,,100.0,100.0
PROD-2025-0219,Zen Yoga Gear Mat,Fitness,Yoga Gear,91393,9779051.0,90.16,106.72,Bol - BFC XL,BFCXL,8714252028195,"Divisiedok 1, 3439 JM Nieuwegein",FALSE,FALSE,TRUE,China,8.36,Mixed Plastic+Cardboard,,5.0,65,,FALSE,45.0,65.0,100.0,70.2,6.5,100.0,TRUE,39.3,64.1,High,None,FALSE,,Standard,,PROD-2025-0762,TRUE,,62.0,-51.98,51.98,,17,97.1,26.8
PROD-2025-0220,Organic Kitchen Gadgets Lamp,Home & Garden,Kitchen Gadgets,75617,7221423.5,58.88,116.84,Bol - BFC XL 2,BFCXL2,8714252028164,"Rietgraaf 10, 6678 PJ Oosterhout",FALSE,TRUE,TRUE,,,Minimal Packaging,3,18.5,33,,FALSE,80.0,33.0,100.0,72.9,39.2,70.0,TRUE,50.0,58.4,Medium,CO2_Footprint_kg; Country_Of_Origin,FALSE,,Next day,,PROD-2025-0304,FALSE,,67.3,66.24,0.0,,11,50.0,60.8
PROD-2025-0221,Wireless SaaS Subscriptions Bundle,Digital Goods,SaaS Subscriptions,276004,18906274.0,28.52,97.52,Bol - BFC Site 2,BFC2,8714252028102,"Mechie Trommelenweg 1, 5145 ND Waalwijk",FALSE,FALSE,FALSE,USA,0.0,Digital - No Packaging,,,,,,100.0,49.0,55.0,69.0,100.0,100.0,TRUE,100.0,92.2,Medium,Material_Recyclable_Pct; Repairability/Lifespan,FALSE,,Standard,,,FALSE,,81.4,,,,,100.0,100.0
PROD-2025-0222,Pure Recovery Tools Mat,Fitness,Recovery Tools,25757,3709008.0,117.76,147.2,Bol - BFC XL 2,BFCXL2,8714252028164,"Rietgraaf 10, 6678 PJ Oosterhout",FALSE,FALSE,TRUE,Germany,,Mixed Plastic+Cardboard,6,6.7,24,,FALSE,45.0,24.0,100.0,57.9,87.9,100.0,TRUE,92.1,59.3,Medium,CO2_Footprint_kg,FALSE,,Standard,,PROD-2025-0783,FALSE,,37.2,-31.28,31.28,,15,50.0,53.8
PROD-2025-0223,Ultra Zero-waste Kits Composter,Eco-Friendly,Zero-waste Kits,87510,5513130.0,17.48,98.44,Bol - BFC Site 2,BFC2,8714252028102,"Mechie Trommelenweg 1, 5145 ND Waalwijk",FALSE,TRUE,TRUE,Sweden,25.61,Biodegradable,,,50,,FALSE,90.0,50.0,55.0,65.8,30.9,100.0,FALSE,55.1,51.7,High,Repairability/Lifespan,TRUE,"Carries an eco label, but scores below the category average on our independent check.",Standard,,PROD-2025-0545,FALSE,,73.1,-23.46,23.46,22.4,39,41.5,50.0
PROD-2025-0224,Portable Eco-friendly Cleaning Desk,Home & Garden,Eco-friendly Cleaning,44455,6512657.5,118.68,150.88,Bol - BFC Site 1,BFC1,8714252028140,"Mechie Trommelenweg 1, 5145 ND Waalwijk",FALSE,TRUE,TRUE,Netherlands,,Biodegradable,4,13.0,,,FALSE,90.0,47.5,85.0,75.5,81.1,100.0,TRUE,87.7,61.4,Medium,CO2_Footprint_kg; Material_Recyclable_Pct,FALSE,,Next day,,PROD-2025-0052,FALSE,,41.3,-83.26,83.26,,14,50.0,47.6
PROD-2025-0225,Vital Yoga Gear Shorts,Fitness,Yoga Gear,11322,1437894.0,79.12,154.56,Bol - BFC XL 2,BFCXL2,8714252028164,"Rietgraaf 10, 6678 PJ Oosterhout",FALSE,TRUE,TRUE,China,,,6,8.4,,,FALSE,45.0,52.0,100.0,66.3,6.5,80.0,TRUE,32.3,54.8,Low,CO2_Footprint_kg; Packaging_Type; Material_Recyclable_Pct,FALSE,,Standard,,PROD-2025-0233,FALSE,,39.4,-65.78,65.78,,42,50.0,63.6
PROD-2025-0226,Smart Phone Accessories Projector,Electronics,Phone Accessories,68586,5246829.0,44.16,96.6,Bol - Ingram Micro,INGRAM,8712423020603,"Veerweg 16, 5145 NS Waalwijk",FALSE,FALSE,TRUE,China,,Recyclable Cardboard,7,3.0,9,,FALSE,70.0,9.0,30.0,37.7,35.8,100.0,TRUE,58.3,46.2,Medium,CO2_Footprint_kg,FALSE,,Standard,,PROD-2025-0538,FALSE,,53.2,-12.88,12.88,,60,50.0,42.2
PROD-2025-0227,Zen Educational Toys Diaper,Baby,Educational Toys,266660,21732790.0,49.68,100.28,Bol - BFC Site 2,BFC2,8714252028102,"Mechie Trommelenweg 1, 5145 ND Waalwijk",FALSE,TRUE,TRUE,,3.35,,1,2.9,,,FALSE,45.0,55.5,55.0,51.6,48.6,50.0,TRUE,49.1,59.5,Medium,Packaging_Type; Material_Recyclable_Pct; Country_Of_Origin,FALSE,,Standard,,PROD-2025-0285,FALSE,,71.1,0.46,0.0,,10,95.5,23.2
PROD-2025-0228,Zen Organic Baby Clothing Bib,Baby,Organic Baby Clothing,65997,10163538.0,101.2,182.16,Bol - BFC Site 2,BFC2,8714252028102,"Mechie Trommelenweg 1, 5145 ND Waalwijk",FALSE,FALSE,TRUE,,4.94,Recyclable Cardboard,,,,,FALSE,70.0,55.5,55.0,60.4,48.6,70.0,TRUE,56.1,69.2,Medium,Material_Recyclable_Pct; Country_Of_Origin; Repairability/Lifespan,FALSE,,Standard,,,FALSE,,43.9,,,,,93.2,52.2
PROD-2025-0229,Sustainable Fragrances Lotion,Beauty & Skincare,Fragrances,61004,7961022.0,107.64,132.48,Bol - BFC Site 1,BFC1,8714252028140,"Mechie Trommelenweg 1, 5145 ND Waalwijk",FALSE,TRUE,TRUE,,3.51,Plastic,,1.8,68,,,25.0,68.0,85.0,58.9,38.7,70.0,TRUE,49.7,76.3,High,Country_Of_Origin,FALSE,,Standard,,,TRUE,,68.0,,,,,86.5,95.5
PROD-2025-0230,Aura Smart Fitness Trackers Mat,Fitness,Smart Fitness Trackers,50749,7764597.0,115.0,166.52,Bol - BFC XL,BFCXL,8714252028195,"Divisiedok 1, 3439 JM Nieuwegein",FALSE,TRUE,TRUE,China,33.12,Recyclable Cardboard,,,,,FALSE,70.0,38.5,100.0,71.0,6.5,100.0,TRUE,39.3,61.2,Medium,Material_Recyclable_Pct; Repairability/Lifespan,FALSE,,Next day,,PROD-2025-0064,FALSE,,34.3,-82.34,82.34,17.8,16,71.6,50.0
PROD-2025-0231,Pro Activewear Band,Fitness,Activewear,50654,7496792.0,114.08,158.24,Bol - BFC XL 2,BFCXL2,8714252028164,"Rietgraaf 10, 6678 PJ Oosterhout",TRUE,TRUE,TRUE,USA,,Plastic,3,,,,FALSE,25.0,51.5,100.0,59.2,63.6,100.0,TRUE,76.3,50.0,Medium,CO2_Footprint_kg; Material_Recyclable_Pct,FALSE,,Today,,PROD-2025-0145,FALSE,,20.4,-89.24,89.24,,77,50.0,25.0
PROD-2025-0232,Swift E-books Tool,Digital Goods,E-books,94337,15235425.5,105.8,191.36,Bol - BFC Site 2,BFC2,8714252028102,"Mechie Trommelenweg 1, 5145 ND Waalwijk",FALSE,FALSE,FALSE,USA,0.0,Digital - No Packaging,,,,,,100.0,49.0,55.0,69.0,100.0,100.0,TRUE,100.0,92.2,Medium,Material_Recyclable_Pct; Repairability/Lifespan,FALSE,,Standard,,,FALSE,,11.5,,,,,100.0,100.0
PROD-2025-0233,Zen Yoga Gear Gloves,Fitness,Yoga Gear,93403,5183866.5,41.4,60.72,Bol - BFC XL 2,BFCXL2,8714252028164,"Rietgraaf 10, 6678 PJ Oosterhout",FALSE,TRUE,TRUE,Germany,14.85,Mixed Plastic+Cardboard,6,,,,,45.0,52.0,100.0,66.3,87.9,100.0,TRUE,92.1,77.6,High,Material_Recyclable_Pct,FALSE,,Standard,,,FALSE,,94.2,,,,,90.2,62.5
PROD-2025-0234,Ergonomic E-books Template,Digital Goods,E-books,52346,4711140.0,44.16,121.44,Bol - BFC Site 2,BFC2,8714252028102,"Mechie Trommelenweg 1, 5145 ND Waalwijk",FALSE,FALSE,FALSE,UK,0.0,Digital - No Packaging,,,,,,100.0,49.0,55.0,69.0,100.0,100.0,TRUE,100.0,92.2,Medium,Material_Recyclable_Pct; Repairability/Lifespan,FALSE,,Standard,,,FALSE,,62.8,,,,,100.0,100.0
PROD-2025-0235,Luxe SaaS Subscriptions Tool,Digital Goods,SaaS Subscriptions,77908,13867624.0,137.08,190.44,Bol - BFC XL,BFCXL,8714252028195,"Divisiedok 1, 3439 JM Nieuwegein",FALSE,FALSE,FALSE,,0.0,Digital - No Packaging,,,,,,100.0,49.0,100.0,84.7,100.0,70.0,TRUE,89.5,94.6,Medium,Material_Recyclable_Pct; Country_Of_Origin; Repairability/Lifespan,FALSE,,Standard,,,FALSE,,6.2,,,,,100.0,100.0
PROD-2025-0236,Vital Smart Baby Monitors Diaper,Baby,Smart Baby Monitors,59382,4245813.0,34.04,97.52,Bol - Ingram Micro,INGRAM,8712423020603,"Veerweg 16, 5145 NS Waalwijk",FALSE,TRUE,TRUE,China,18.15,Foam + Plastic,3,3.8,60,,FALSE,10.0,60.0,30.0,32.0,0.0,100.0,TRUE,35.0,40.5,High,None,FALSE,,Next day,,PROD-2025-0352,TRUE,,57.9,-14.26,14.26,10.7,60,43.2,48.7
PROD-2025-0237,Eco Solar Powered Gadgets Kit,Eco-Friendly,Solar Powered Gadgets,94165,11393965.0,106.72,115.92,Bol - BFC Site 1,BFC1,8714252028140,"Mechie Trommelenweg 1, 5145 ND Waalwijk",FALSE,FALSE,TRUE,Netherlands,34.1,Minimal Packaging,,3.9,43,Energy Star,TRUE,80.0,43.0,85.0,70.6,64.7,75.0,FALSE,68.3,42.2,High,None,TRUE,"Carbon-neutral certified, but CO2 is in the top 25% for its category.",Standard,,,FALSE,Energy efficiency,23.7,,,,,21.5,26.9
PROD-2025-0238,Smart Online Courses Guide,Digital Goods,Online Courses,54941,3159107.5,36.8,69.0,Bol - BFC Site 1,BFC1,8714252028140,"Mechie Trommelenweg 1, 5145 ND Waalwijk",FALSE,FALSE,FALSE,USA,0.0,Digital - No Packaging,,,,,,100.0,49.0,85.0,79.5,100.0,100.0,TRUE,100.0,94.9,Medium,Material_Recyclable_Pct; Repairability/Lifespan,FALSE,,Standard,,,FALSE,,87.6,,,,,100.0,100.0
PROD-2025-0239,Eco Baby Safety Gear Monitor,Baby,Baby Safety Gear,18849,2111088.0,91.08,115.0,Bol - BFC Site 1,BFC1,8714252028140,"Mechie Trommelenweg 1, 5145 ND Waalwijk",FALSE,FALSE,TRUE,,3.0,Minimal Packaging,5,4.6,63,,,80.0,63.0,85.0,76.6,48.6,70.0,TRUE,56.1,78.9,High,Country_Of_Origin,FALSE,,Standard,,,TRUE,,68.4,,,,,96.6,69.9
PROD-2025-0240,Organic Eco-friendly Cleaning Blender,Home & Garden,Eco-friendly Cleaning,361775,30750875.0,36.8,119.6,Bol - BFC Site 2,BFC2,8714252028102,"Mechie Trommelenweg 1, 5145 ND Waalwijk",FALSE,TRUE,TRUE,Netherlands,146.02,,3,,,,FALSE,45.0,47.5,55.0,49.2,81.1,80.0,TRUE,80.7,42.5,High,Packaging_Type; Material_Recyclable_Pct,FALSE,,Next day,,PROD-2025-0052,FALSE,,55.8,-26.68,26.68,93.3,64,33.8,25.0
PROD-2025-0241,Nano Hair Care Tools Mask,Beauty & Skincare,Hair Care Tools,23519,1552254.0,50.6,70.84,Bol - BFC Site 1,BFC1,8714252028140,"Mechie Trommelenweg 1, 5145 ND Waalwijk",FALSE,TRUE,TRUE,Germany,4.19,Recyclable Cardboard,2,1.6,18,EU Ecolabel,FALSE,70.0,18.0,85.0,59.6,86.0,100.0,FALSE,90.9,69.0,High,None,TRUE,"Eco claim, but only 18% recyclable material.",Standard,,,FALSE,Lifecycle (broad environmental),90.2,,,,,80.9,48.7
PROD-2025-0242,Vital Organic Pet Food Toy,Pet,Organic Pet Food,73412,9176500.0,93.84,136.16,Bol - BFC Site 1,BFC1,8714252028140,"Mechie Trommelenweg 1, 5145 ND Waalwijk",FALSE,TRUE,TRUE,USA,1.08,Mixed Plastic+Cardboard,5,3.0,27,Cradle to Cradle,FALSE,45.0,27.0,85.0,53.6,40.5,100.0,FALSE,61.4,69.6,High,None,TRUE,"Eco claim, but only 27% recyclable material.",Next day,,,FALSE,Material circularity,57.3,,,,,98.6,50.0
PROD-2025-0243,Ergonomic Home Gym Equipment Tracker,Fitness,Home Gym Equipment,80064,9527616.0,99.36,119.6,Bol - BFC XL,BFCXL,8714252028195,"Divisiedok 1, 3439 JM Nieuwegein",FALSE,TRUE,TRUE,China,70.79,Plastic,,,22,,FALSE,25.0,22.0,100.0,50.4,6.5,100.0,TRUE,39.3,43.0,High,Repairability/Lifespan,FALSE,,Standard,,PROD-2025-0382,FALSE,,26.3,-55.2,55.2,44.8,53,34.3,50.0
PROD-2025-0244,Pure Eco-friendly Diapers Crib,Baby,Eco-friendly Diapers,26979,4019871.0,116.84,157.32,Bol - BFC Site 1,BFC1,8714252028140,"Mechie Trommelenweg 1, 5145 ND Waalwijk",FALSE,FALSE,TRUE,Denmark,7.62,Plastic,,4.9,27,,FALSE,25.0,27.0,85.0,46.6,43.2,100.0,TRUE,63.1,75.5,High,None,FALSE,,Standard,,,FALSE,,50.9,,,,,84.1,100.0
PROD-2025-0245,Wireless Eco-friendly Diapers Monitor,Baby,Eco-friendly Diapers,12856,739220.0,47.84,57.96,Bol - BFC Site 1,BFC1,8714252028140,"Mechie Trommelenweg 1, 5145 ND Waalwijk",FALSE,FALSE,TRUE,China,25.56,Minimal Packaging,5,,,,,80.0,55.5,85.0,74.4,0.0,100.0,TRUE,35.0,41.5,High,Material_Recyclable_Pct,FALSE,,Standard,,PROD-2025-0190,FALSE,,70.2,-23.46,23.46,16.3,52,14.8,50.0
PROD-2025-0246,Luxe Recovery Tools Band,Fitness,Recovery Tools,28168,4464628.0,108.56,183.08,Bol - BFC Site 2,BFC2,8714252028102,"Mechie Trommelenweg 1, 5145 ND Waalwijk",FALSE,FALSE,TRUE,China,,Plastic,5,3.9,76,,FALSE,25.0,76.0,55.0,50.8,6.5,100.0,TRUE,39.3,43.6,Medium,CO2_Footprint_kg,FALSE,,Standard,,PROD-2025-0783,FALSE,,8.0,-44.62,44.62,,56,50.0,29.9
PROD-2025-0247,Organic Organic Makeup Lotion,Beauty & Skincare,Organic Makeup,48447,5862087.0,108.56,114.08,Bol - BFC Site 2,BFC2,8714252028102,"Mechie Trommelenweg 1, 5145 ND Waalwijk",FALSE,TRUE,TRUE,China,14.37,Plastic,1,0.6,61,,FALSE,25.0,61.0,55.0,46.3,23.7,100.0,TRUE,50.4,23.5,High,None,FALSE,,Standard,,PROD-2025-0162,TRUE,,3.3,-69.46,69.46,7.4,92,2.2,14.4
PROD-2025-0248,Portable Footwear Leggings,Fashion,Footwear,31369,5207254.0,112.24,193.2,Bol - BFC Site 2,BFC2,8714252028102,"Mechie Trommelenweg 1, 5145 ND Waalwijk",FALSE,FALSE,TRUE,Portugal,,Mixed Plastic+Cardboard,,,53,,FALSE,45.0,53.0,55.0,50.9,82.4,100.0,TRUE,88.6,57.2,Low,CO2_Footprint_kg; Repairability/Lifespan,FALSE,,Standard,,PROD-2025-0277,FALSE,,27.7,-91.54,91.54,,23,50.0,54.7
PROD-2025-0249,Pure Recovery Tools Band,Fitness,Recovery Tools,483097,80435650.5,115.0,191.36,Bol - BFC Site 1,BFC1,8714252028140,"Mechie Trommelenweg 1, 5145 ND Waalwijk",FALSE,TRUE,TRUE,Germany,,Mixed Plastic+Cardboard,7,5.7,75,,FALSE,45.0,75.0,85.0,68.0,87.9,100.0,TRUE,92.1,62.0,Medium,CO2_Footprint_kg,FALSE,,Standard,,PROD-2025-0783,FALSE,,28.5,-51.98,51.98,,10,50.0,54.6
PROD-2025-0250,Eco Upcycled Fashion Sponge,Eco-Friendly,Upcycled Fashion,25850,3812875.0,98.44,172.96,Bol - BFC Site 1,BFC1,8714252028140,"Mechie Trommelenweg 1, 5145 ND Waalwijk",FALSE,TRUE,TRUE,Germany,9.63,Recyclable Cardboard,4,6.9,75,EU Ecolabel,FALSE,70.0,75.0,85.0,76.8,57.4,100.0,TRUE,72.3,72.6,High,None,FALSE,,Next day,,,TRUE,Lifecycle (broad environmental),48.4,,,,,86.2,49.5
PROD-2025-0251,Pro Personal Care Gadgets Mask,Beauty & Skincare,Personal Care Gadgets,25692,2055360.0,61.64,85.56,Bol - BFC XL 2,BFCXL2,8714252028133,"Rietgraaf 10, 6678 PJ Oosterhout",FALSE,FALSE,TRUE,Germany,13.78,Plastic,3,,52,,FALSE,25.0,52.0,100.0,59.4,86.0,100.0,TRUE,90.9,37.9,High,None,FALSE,,Standard,,PROD-2025-0830,TRUE,,55.7,57.96,0.0,9.1,58,9.0,25.0
PROD-2025-0252,Aura Fragrances Cleanser,Beauty & Skincare,Fragrances,92170,8387470.0,70.84,96.6,Bol - BFC Site 2,BFC2,8714252028102,"Mechie Trommelenweg 1, 5145 ND Waalwijk",FALSE,TRUE,TRUE,,11.71,Mixed Plastic+Cardboard,,0.6,18,,FALSE,45.0,18.0,55.0,40.4,38.7,70.0,TRUE,49.7,33.4,High,Country_Of_Origin,FALSE,,Next day,,PROD-2025-0791,FALSE,,32.0,-59.34,59.34,3.7,33,24.7,28.8
PROD-2025-0253,Zen Eco-friendly Cleaning Blender,Home & Garden,Eco-friendly Cleaning,98644,6115928.0,30.36,83.72,Bol - BFC XL 2,BFCXL2,8714252028164,"Rietgraaf 10, 6678 PJ Oosterhout",FALSE,FALSE,TRUE,,14.51,Recyclable Cardboard,,,,,FALSE,70.0,47.5,100.0,73.8,39.2,70.0,TRUE,50.0,72.7,Medium,Material_Recyclable_Pct; Country_Of_Origin; Repairability/Lifespan,FALSE,,Standard,,,FALSE,,85.6,,,,,97.3,50.8
PROD-2025-0254,Eco Organic Baby Clothing Monitor,Baby,Organic Baby Clothing,24876,3134376.0,69.92,161.92,Bol - BFC Site 1,BFC1,8714252028140,"Mechie Trommelenweg 1, 5145 ND Waalwijk",FALSE,TRUE,TRUE,Germany,,,1,3.3,14,,FALSE,45.0,14.0,85.0,49.7,48.6,80.0,TRUE,59.6,46.7,Medium,CO2_Footprint_kg; Packaging_Type,FALSE,,Next day,,PROD-2025-0552,FALSE,,27.2,-27.14,27.14,,41,50.0,31.2
PROD-2025-0255,Flex Smart Home Devices Earbuds,Electronics,Smart Home Devices,34664,2669128.0,58.88,82.8,Bol - BFC Site 1,BFC1,8714252028140,"Mechie Trommelenweg 1, 5145 ND Waalwijk",FALSE,TRUE,TRUE,China,22.24,Plastic,9,6.4,23,,FALSE,25.0,23.0,85.0,45.4,35.8,100.0,TRUE,58.3,73.7,High,None,FALSE,,Standard,,,FALSE,,81.1,,,,,97.5,78.0
PROD-2025-0256,Ergonomic Footwear Sneakers,Fashion,Footwear,81106,7137328.0,74.52,87.4,Bol - BFC XL,BFCXL,8714252028195,"Divisiedok 1, 3439 JM Nieuwegein",FALSE,FALSE,TRUE,,9.64,,4,4.8,,,FALSE,45.0,49.5,100.0,65.6,20.3,50.0,TRUE,30.7,66.2,Medium,Packaging_Type; Material_Recyclable_Pct; Country_Of_Origin,FALSE,,Standard,,,FALSE,,77.2,,,,,80.0,68.8
PROD-2025-0257,Ultra Reusable Packaging Bag,Eco-Friendly,Reusable Packaging,33039,677299.5,10.12,27.6,Bol - BFC Site 2,BFC2,8714252028102,"Mechie Trommelenweg 1, 5145 ND Waalwijk",FALSE,TRUE,TRUE,,8.07,Minimal Packaging,7,6.4,,,,80.0,70.0,55.0,68.2,44.1,70.0,TRUE,53.2,72.9,Medium,Material_Recyclable_Pct; Country_Of_Origin,FALSE,,Standard,,,FALSE,,100.0,,,,,89.2,66.3
PROD-2025-0258,Swift Athleisure Dress,Fashion,Athleisure,85817,3604314.0,16.56,60.72,Bol - BFC Site 2,BFC2,8714252028102,"Mechie Trommelenweg 1, 5145 ND Waalwijk",FALSE,TRUE,TRUE,,7.7,Foam + Plastic,,3.5,,,FALSE,10.0,49.5,55.0,37.6,20.3,70.0,TRUE,37.7,58.5,Medium,Material_Recyclable_Pct; Country_Of_Origin,FALSE,,Next day,,PROD-2025-0525,FALSE,,95.0,82.34,0.0,,11,91.7,45.3
PROD-2025-0259,Nano Menswear Scarf,Fashion,Menswear,92465,4900645.0,26.68,70.84,Bol - BFC Site 1,BFC1,8714252028140,"Mechie Trommelenweg 1, 5145 ND Waalwijk",TRUE,TRUE,TRUE,,,Plastic,2,2.3,62,,FALSE,25.0,62.0,85.0,57.1,20.3,70.0,TRUE,37.7,41.6,Medium,CO2_Footprint_kg; Country_Of_Origin,FALSE,,Next day,,PROD-2025-0156,FALSE,,80.2,39.1,0.0,,59,50.0,16.6
PROD-2025-0260,Pro Yoga Gear Roller,Fitness,Yoga Gear,65242,8122629.0,74.52,154.56,Bol - BFC Site 1,BFC1,8714252028140,"Mechie Trommelenweg 1, 5145 ND Waalwijk",FALSE,FALSE,TRUE,China,30.01,Recyclable Cardboard,,,8,,FALSE,70.0,8.0,85.0,56.6,6.5,100.0,TRUE,39.3,61.4,High,Repairability/Lifespan,FALSE,,Standard,,PROD-2025-0233,FALSE,,48.9,-63.48,63.48,15.2,26,74.5,61.0
PROD-2025-0261,Glow Smart Home Devices Projector,Electronics,Smart Home Devices,24550,1153850.0,12.88,73.6,Bol - Ingram Micro,INGRAM,8712423020603,"Veerweg 16, 5145 NS Waalwijk",FALSE,FALSE,TRUE,South Korea,,Minimal Packaging,9,,70,,TRUE,80.0,70.0,30.0,59.5,25.9,100.0,TRUE,51.9,65.2,Medium,CO2_Footprint_kg,FALSE,,Standard,,PROD-2025-0638,FALSE,,94.6,68.08,0.0,,14,50.0,100.0
PROD-2025-0262,Vital Organic Pet Food Toy,Pet,Organic Pet Food,35725,1714800.0,11.04,77.28,Bol - BFC Site 1,BFC1,8714252028140,"Mechie Trommelenweg 1, 5145 ND Waalwijk",FALSE,FALSE,TRUE,Germany,,Mixed Plastic+Cardboard,2,2.9,,,TRUE,45.0,44.0,85.0,58.7,64.9,100.0,TRUE,77.2,50.9,Medium,CO2_Footprint_kg; Material_Recyclable_Pct,FALSE,,Standard,,PROD-2025-0242,FALSE,,87.4,70.84,0.0,,37,49.3,29.5
PROD-2025-0263,Wireless Pet Grooming Tools Collar,Pet,Pet Grooming Tools,46460,7108380.0,97.52,184.0,Bol - BFC Site 1,BFC1,8714252028140,"Mechie Trommelenweg 1, 5145 ND Waalwijk",TRUE,TRUE,TRUE,,7.86,Mixed Plastic+Cardboard,,2.3,71,,FALSE,45.0,71.0,85.0,66.8,40.5,70.0,TRUE,50.9,56.3,High,Country_Of_Origin,FALSE,,Standard,,PROD-2025-0497,TRUE,,28.2,-87.4,87.4,5.7,30,67.1,33.9
PROD-2025-0264,Portable Indoor Plants Accessories Shelf,Home & Garden,Indoor Plants Accessories,17698,1672461.0,76.36,97.52,Bol - BFC XL,BFCXL,8714252028195,"Divisiedok 1, 3439 JM Nieuwegein",FALSE,TRUE,TRUE,Italy,,Foam + Plastic,,17.3,,,,10.0,47.5,100.0,52.8,29.7,100.0,TRUE,54.3,61.7,Medium,CO2_Footprint_kg; Material_Recyclable_Pct,FALSE,,Next day,,PROD-2025-0852,FALSE,,69.2,67.62,0.0,,23,50.0,91.5
PROD-2025-0265,Luxe Accessories Sunglasses,Fashion,Accessories,51890,5915460.0,78.2,131.56,Bol - BFC XL,BFCXL,8714252028195,"Divisiedok 1, 3439 JM Nieuwegein",FALSE,TRUE,TRUE,Bangladesh,,Mixed Plastic+Cardboard,2,2.3,,,FALSE,45.0,49.5,100.0,65.6,20.3,100.0,TRUE,48.2,45.3,Medium,CO2_Footprint_kg; Material_Recyclable_Pct,FALSE,,Standard,,PROD-2025-0318,FALSE,,40.6,-62.1,62.1,,45,50.0,16.6
PROD-2025-0266,Eco Pet Apparel Feeder,Pet,Pet Apparel,31676,3927824.0,96.6,131.56,Bol - BFC Site 1,BFC1,8714252028140,"Mechie Trommelenweg 1, 5145 ND Waalwijk",FALSE,TRUE,TRUE,China,17.93,,,3.1,,,FALSE,45.0,44.0,85.0,58.7,0.0,80.0,TRUE,28.0,35.6,High,Packaging_Type; Material_Recyclable_Pct,FALSE,,Next day,,PROD-2025-0165,FALSE,,13.6,-79.12,79.12,10.8,83,9.6,53.6
PROD-2025-0267,Eco Online Courses Guide,Digital Goods,Online Courses,19949,2613319.0,80.96,160.08,Bol - BFC Site 2,BFC2,8714252028102,"Mechie Trommelenweg 1, 5145 ND Waalwijk",FALSE,FALSE,FALSE,USA,0.0,Digital - No Packaging,,,,,,100.0,49.0,55.0,69.0,100.0,100.0,TRUE,100.0,92.2,Medium,Material_Recyclable_Pct; Repairability/Lifespan,FALSE,,Standard,,,FALSE,,35.4,,,,,100.0,100.0
PROD-2025-0268,Premium Smart Baby Monitors Diaper,Baby,Smart Baby Monitors,81267,5119821.0,48.76,67.16,Bol - BFC Site 2,BFC2,8714252028102,"Mechie Trommelenweg 1, 5145 ND Waalwijk",FALSE,TRUE,TRUE,,23.49,Mixed Plastic+Cardboard,,4.7,13,,FALSE,45.0,13.0,55.0,38.9,48.6,70.0,TRUE,56.1,48.9,High,Country_Of_Origin,FALSE,,Next day,,PROD-2025-0352,FALSE,,74.6,-6.44,6.44,16.0,33,21.6,92.8
PROD-2025-0269,Luxe Baby Safety Gear Monitor,Baby,Baby Safety Gear,69109,9122388.0,118.68,124.2,Bol - BFC Site 1,BFC1,8714252028140,"Mechie Trommelenweg 1, 5145 ND Waalwijk",FALSE,TRUE,TRUE,Netherlands,,Mixed Plastic+Cardboard,,3.0,,,,45.0,56.0,85.0,62.3,71.6,100.0,TRUE,81.6,58.4,Medium,CO2_Footprint_kg; Material_Recyclable_Pct,FALSE,,Standard,,PROD-2025-0239,FALSE,,42.1,-18.4,18.4,,35,50.0,52.2
PROD-2025-0270,Pro Hair Care Tools Toner,Beauty & Skincare,Hair Care Tools,12614,693770.0,46.0,55.2,Bol - BFC Site 2,BFC2,8714252028102,"Mechie Trommelenweg 1, 5145 ND Waalwijk",FALSE,FALSE,TRUE,USA,5.87,,2,1.1,49,,FALSE,45.0,49.0,55.0,49.7,38.7,80.0,TRUE,53.2,53.1,High,Packaging_Type,FALSE,,Standard,,PROD-2025-0334,FALSE,,87.7,-25.3,25.3,1.0,10,67.4,36.6
PROD-2025-0271,Aura Activewear Bench,Fitness,Activewear,86021,3182777.0,12.88,55.2,Bol - BFC Site 1,BFC1,8714252028140,"Mechie Trommelenweg 1, 5145 ND Waalwijk",FALSE,TRUE,TRUE,,31.91,Plastic,,10.1,20,,FALSE,25.0,20.0,85.0,44.5,6.5,70.0,TRUE,28.8,60.0,High,Country_Of_Origin,FALSE,,Standard,,PROD-2025-0145,FALSE,,98.5,12.88,0.0,21.8,47,72.5,76.8
PROD-2025-0272,Zen Athleisure Sneakers,Fashion,Athleisure,203031,33500115.0,128.8,174.8,Bol - BFC Site 1,BFC1,8714252028140,"Mechie Trommelenweg 1, 5145 ND Waalwijk",FALSE,TRUE,TRUE,Bangladesh,29.54,Foam + Plastic,2,4.1,52,,FALSE,10.0,52.0,85.0,48.8,20.3,100.0,TRUE,48.2,41.7,High,None,FALSE,,Next day,,,TRUE,,5.9,,,,,35.0,40.2
PROD-2025-0273,Minimalist Korean Skincare Serum,Beauty & Skincare,Korean Skincare,69778,3698234.0,18.4,79.12,Bol - BFC Site 2,BFC2,8714252028102,"Mechie Trommelenweg 1, 5145 ND Waalwijk",FALSE,TRUE,TRUE,France,,Foam + Plastic,,1.6,11,,TRUE,10.0,11.0,55.0,26.1,59.1,100.0,FALSE,73.4,56.0,Medium,CO2_Footprint_kg,TRUE,"Eco claim, but packaged in Foam + Plastic.",Standard,,PROD-2025-0311,FALSE,,91.0,59.8,0.0,,47,49.4,84.8
PROD-2025-0274,Flex Smart Baby Monitors Swaddle,Baby,Smart Baby Monitors,49278,6159750.0,77.28,152.72,Bol - Ingram Micro,INGRAM,8712423020603,"Veerweg 16, 5145 NS Waalwijk",FALSE,FALSE,TRUE,Netherlands,,,,,71,,TRUE,45.0,71.0,30.0,47.5,71.6,80.0,TRUE,74.6,53.6,Low,CO2_Footprint_kg; Packaging_Type; Repairability/Lifespan,FALSE,,Standard,,PROD-2025-0352,FALSE,,40.4,-63.48,63.48,,21,50.0,52.2
PROD-2025-0275,Wireless Baby Safety Gear Crib,Baby,Baby Safety Gear,85886,5196103.0,41.4,69.92,Bol - BFC Site 2,BFC2,8714252028102,"Mechie Trommelenweg 1, 5145 ND Waalwijk",FALSE,TRUE,TRUE,,28.06,Recyclable Cardboard,5,1.9,,,TRUE,70.0,56.0,55.0,60.5,48.6,45.0,FALSE,47.4,34.0,Medium,Material_Recyclable_Pct; Country_Of_Origin,TRUE,"Carbon-neutral certified, but CO2 is in the top 25% for its category.",Standard,,PROD-2025-0114,FALSE,,57.0,-0.92,0.92,25.6,89,6.8,37.3
PROD-2025-0276,Nano Interactive Pet Toys Shampoo,Pet,Interactive Pet Toys,41312,1921008.0,9.2,76.36,Bol - BFC Site 1,BFC1,8714252028140,"Mechie Trommelenweg 1, 5145 ND Waalwijk",FALSE,FALSE,TRUE,China,10.84,Recyclable Cardboard,,,79,,FALSE,70.0,79.0,85.0,78.0,0.0,100.0,TRUE,35.0,56.9,High,Repairability/Lifespan,FALSE,,Standard,,PROD-2025-0712,TRUE,,92.2,111.78,0.0,2.1,31,56.2,50.0
PROD-2025-0277,Organic Footwear Belt,Fashion,Footwear,99983,6648869.5,57.04,65.32,Bol - BFC Site 2,BFC2,8714252028102,"Mechie Trommelenweg 1, 5145 ND Waalwijk",FALSE,FALSE,TRUE,Bangladesh,8.0,,,4.2,73,,FALSE,45.0,73.0,55.0,56.9,20.3,80.0,TRUE,41.2,70.3,High,Packaging_Type,FALSE,,Standard,,,TRUE,,90.1,,,,,90.0,73.6
PROD-2025-0278,Sustainable Smart Pet Feeders Feeder,Pet,Smart Pet Feeders,68509,2226542.5,13.8,46.0,Bol - BFC Site 2,BFC2,8714252028102,"Mechie Trommelenweg 1, 5145 ND Waalwijk",FALSE,FALSE,TRUE,USA,12.15,,,,33,,FALSE,45.0,33.0,55.0,44.9,40.5,80.0,TRUE,54.4,48.2,Medium,Packaging_Type; Repairability/Lifespan,FALSE,,Standard,,PROD-2025-0641,FALSE,,96.1,30.82,0.0,10.8,43,46.6,50.0
PROD-2025-0279,Aura Smart Lighting Shelf,Home & Garden,Smart Lighting,75340,4972440.0,37.72,83.72,Bol - BFC XL,BFCXL,8714252028195,"Divisiedok 1, 3439 JM Nieuwegein",TRUE,TRUE,TRUE,China,,Minimal Packaging,,12.1,,,FALSE,80.0,47.5,100.0,77.2,0.0,100.0,TRUE,35.0,54.4,Medium,CO2_Footprint_kg; Material_Recyclable_Pct,FALSE,,Today,,PROD-2025-0146,FALSE,,77.9,-29.9,29.9,,20,50.0,49.2
PROD-2025-0280,Glow Smart Lighting Shelf,Home & Garden,Smart Lighting,40867,6313951.5,126.04,158.24,Bol - BFC XL 2,BFCXL2,8714252028164,"Rietgraaf 10, 6678 PJ Oosterhout",FALSE,TRUE,TRUE,Italy,,Plastic,3,6.8,,,,25.0,47.5,100.0,58.0,29.7,100.0,TRUE,54.3,44.5,Medium,CO2_Footprint_kg; Material_Recyclable_Pct,FALSE,,Next day,,PROD-2025-0910,FALSE,,8.7,-66.7,66.7,,53,50.0,17.6
PROD-2025-0281,Aura Smart Baby Monitors Bib,Baby,Smart Baby Monitors,293282,24342406.0,68.08,84.64,Bol - BFC XL,BFCXL,8714252028195,"Divisiedok 1, 3439 JM Nieuwegein",FALSE,FALSE,TRUE,Germany,26.67,Plastic,,3.0,,Energy Star,FALSE,25.0,55.5,100.0,60.4,48.6,100.0,FALSE,66.6,41.7,High,Material_Recyclable_Pct,TRUE,"Eco claim, but packaged in Plastic.",Standard,,PROD-2025-0352,FALSE,Energy efficiency,50.0,-24.84,24.84,19.2,55,10.2,52.2
PROD-2025-0282,Premium Stock Media Bundle,Digital Goods,Stock Media,82330,5392615.0,52.44,68.08,Bol - BFC XL,BFCXL,8714252028195,"Divisiedok 1, 3439 JM Nieuwegein",FALSE,FALSE,FALSE,,0.0,Digital - No Packaging,,,,,,100.0,49.0,100.0,84.7,100.0,70.0,TRUE,89.5,94.6,Medium,Material_Recyclable_Pct; Country_Of_Origin; Repairability/Lifespan,FALSE,,Standard,,,FALSE,,82.3,,,,,100.0,100.0
PROD-2025-0283,Pro Yoga Gear Band,Fitness,Yoga Gear,84057,10170897.0,79.12,143.52,Bol - BFC XL 2,BFCXL2,8714252028164,"Rietgraaf 10, 6678 PJ Oosterhout",FALSE,TRUE,TRUE,,34.99,,6,5.9,38,,FALSE,45.0,38.0,100.0,62.1,6.5,50.0,TRUE,21.8,55.5,Medium,Packaging_Type; Country_Of_Origin,FALSE,,Standard,,PROD-2025-0233,FALSE,,43.8,-60.26,60.26,20.1,40,69.6,49.5
PROD-2025-0284,Eco Activewear Dumbbell,Fitness,Activewear,76047,7908888.0,92.0,99.36,Bol - BFC XL 2,BFCXL2,8714252028164,"Rietgraaf 10, 6678 PJ Oosterhout",FALSE,TRUE,TRUE,China,39.68,Mixed Plastic+Cardboard,7,10.3,35,,,45.0,35.0,100.0,61.2,6.5,100.0,TRUE,39.3,62.8,High,None,FALSE,,Next day,,PROD-2025-0145,FALSE,,63.5,-48.76,48.76,29.6,41,63.7,77.1
PROD-2025-0285,Minimalist Educational Toys Monitor,Baby,Educational Toys,72319,5930158.0,46.0,104.88,Bol - BFC XL,BFCXL,8714252028195,"Divisiedok 1, 3439 JM Nieuwegein",FALSE,TRUE,TRUE,,5.77,Mixed Plastic+Cardboard,3,2.2,77,,,45.0,77.0,100.0,73.8,48.6,70.0,TRUE,56.1,65.6,High,Country_Of_Origin,FALSE,,Standard,,,TRUE,,76.3,,,,,89.8,29.2
PROD-2025-0286,Sustainable Interactive Pet Toys Toy,Pet,Interactive Pet Toys,34700,2567800.0,40.48,95.68,Bol - BFC Site 1,BFC1,8714252028140,"Mechie Trommelenweg 1, 5145 ND Waalwijk",FALSE,TRUE,TRUE,China,5.94,Mixed Plastic+Cardboard,3,,,,,45.0,44.0,85.0,58.7,0.0,100.0,TRUE,35.0,51.1,High,Material_Recyclable_Pct,FALSE,,Next day,,PROD-2025-0370,FALSE,,68.0,-1.84,1.84,3.6,23,71.2,25.0
PROD-2025-0287,Ultra Online Courses Course,Digital Goods,Online Courses,81963,14712358.5,136.16,194.12,Bol - BFC Site 2,BFC2,8714252028102,"Mechie Trommelenweg 1, 5145 ND Waalwijk",FALSE,FALSE,FALSE,USA,0.0,Digital - No Packaging,,,,,,100.0,49.0,55.0,69.0,100.0,100.0,TRUE,100.0,92.2,Medium,Material_Recyclable_Pct; Repairability/Lifespan,FALSE,,Standard,,,FALSE,,3.5,,,,,100.0,100.0
PROD-2025-0288,Minimalist Recovery Tools Band,Fitness,Recovery Tools,69047,5247572.0,39.56,100.28,Bol - BFC XL,BFCXL,8714252028195,"Divisiedok 1, 3439 JM Nieuwegein",FALSE,FALSE,TRUE,China,,Recyclable Cardboard,,6.0,78,,TRUE,70.0,78.0,100.0,82.9,6.5,100.0,TRUE,39.3,53.9,Medium,CO2_Footprint_kg,FALSE,,Standard,,PROD-2025-0126,FALSE,,70.8,-4.14,4.14,,12,50.0,39.0
PROD-2025-0289,Luxe Smart Lighting Diffuser,Home & Garden,Smart Lighting,10221,914779.5,39.56,125.12,Bol - BFC Site 2,BFC2,8714252028102,"Mechie Trommelenweg 1, 5145 ND Waalwijk",FALSE,FALSE,TRUE,Germany,178.66,Foam + Plastic,6,11.2,,,FALSE,10.0,47.5,55.0,37.0,51.4,100.0,TRUE,68.4,36.6,High,Material_Recyclable_Pct,FALSE,,Standard,,PROD-2025-0910,FALSE,,38.5,-6.9,6.9,110.5,87,10.8,53.3
PROD-2025-0290,Organic Korean Skincare Dryer,Beauty & Skincare,Korean Skincare,37259,2049245.0,34.96,66.24,Bol - BFC XL 2,BFCXL2,8714252028133,"Rietgraaf 10, 6678 PJ Oosterhout",FALSE,TRUE,TRUE,,,,1,,,Fair Trade,FALSE,45.0,52.5,100.0,66.5,38.7,50.0,FALSE,42.7,40.3,Low,CO2_Footprint_kg; Packaging_Type; Material_Recyclable_Pct; Country_Of_Origin,TRUE,"Carries an eco label, but scores below the category average on our independent check.",Next day,,PROD-2025-0273,FALSE,Social / ethical (not environmental),78.7,-1.84,1.84,,39,49.4,0.0
PROD-2025-0291,Swift Organic Pet Food Treats,Pet,Organic Pet Food,70111,5398547.0,36.8,104.88,Bol - BFC Site 2,BFC2,8714252028102,"Mechie Trommelenweg 1, 5145 ND Waalwijk",FALSE,TRUE,TRUE,,,Recyclable Cardboard,1,,,,FALSE,70.0,44.0,55.0,57.0,40.5,70.0,TRUE,50.9,39.1,Low,CO2_Footprint_kg; Material_Recyclable_Pct; Country_Of_Origin,FALSE,,Standard,,PROD-2025-0192,FALSE,,53.4,-5.06,5.06,,43,49.3,0.0
PROD-2025-0292,Eco Stock Media Template,Digital Goods,Stock Media,407851,33035931.0,34.04,115.0,Bol - BFC XL,BFCXL,8714252028195,"Divisiedok 1, 3439 JM Nieuwegein",FALSE,FALSE,FALSE,USA,0.0,Digital - No Packaging,,,,,,100.0,49.0,100.0,84.7,100.0,100.0,TRUE,100.0,96.2,Medium,Material_Recyclable_Pct; Repairability/Lifespan,FALSE,,Standard,,,FALSE,,78.8,,,,,100.0,100.0
PROD-2025-0293,Vital Menswear Belt,Fashion,Menswear,96792,6243084.0,31.28,87.4,Bol - BFC Site 2,BFC2,8714252028102,"Mechie Trommelenweg 1, 5145 ND Waalwijk",FALSE,FALSE,TRUE,India,28.09,Mixed Plastic+Cardboard,,,,,,45.0,49.5,55.0,49.8,58.1,100.0,TRUE,72.8,50.5,Medium,Material_Recyclable_Pct; Repairability/Lifespan,FALSE,,Standard,,PROD-2025-0156,FALSE,,79.2,28.52,0.0,19.7,31,38.3,54.7
PROD-2025-0294,Flex Recovery Tools Mat,Fitness,Recovery Tools,56268,6527088.0,76.36,137.08,Bol - Ingram Micro,INGRAM,8712423020603,"Veerweg 16, 5145 NS Waalwijk",FALSE,FALSE,TRUE,,,Mixed Plastic+Cardboard,6,,42,,FALSE,45.0,42.0,30.0,38.8,6.5,70.0,TRUE,28.8,47.2,Medium,CO2_Footprint_kg; Country_Of_Origin,FALSE,,Standard,,PROD-2025-0783,FALSE,,35.0,-5.52,5.52,,44,50.0,62.5
PROD-2025-0295,Flex SaaS Subscriptions Guide,Digital Goods,SaaS Subscriptions,177836,30409956.0,121.44,193.2,Bol - BFC Site 2,BFC2,8714252028102,"Mechie Trommelenweg 1, 5145 ND Waalwijk",FALSE,FALSE,FALSE,USA,0.0,Digital - No Packaging,,,,,,100.0,49.0,55.0,69.0,100.0,100.0,TRUE,100.0,92.2,Medium,Material_Recyclable_Pct; Repairability/Lifespan,FALSE,,Standard,,,FALSE,,8.8,,,,,100.0,100.0
PROD-2025-0296,Flex Smart Pet Feeders Leash,Pet,Smart Pet Feeders,74185,6342817.5,46.92,110.4,Bol - BFC XL,BFCXL,8714252028195,"Divisiedok 1, 3439 JM Nieuwegein",FALSE,TRUE,TRUE,USA,12.65,Plastic,5,2.7,28,,,25.0,28.0,100.0,52.1,40.5,100.0,TRUE,61.4,48.7,High,None,FALSE,,Next day,,PROD-2025-0641,FALSE,,59.2,-17.94,17.94,11.3,42,43.8,44.6
PROD-2025-0297,Portable Stock Media Masterclass,Digital Goods,Stock Media,74821,11223150.0,107.64,168.36,Bol - BFC Site 1,BFC1,8714252028140,"Mechie Trommelenweg 1, 5145 ND Waalwijk",FALSE,FALSE,FALSE,Germany,0.0,Digital - No Packaging,,,,,,100.0,49.0,85.0,79.5,100.0,100.0,TRUE,100.0,94.9,Medium,Material_Recyclable_Pct; Repairability/Lifespan,FALSE,,Standard,,,FALSE,,22.1,,,,,100.0,100.0
PROD-2025-0298,Luxe Indoor Plants Accessories Vacuum,Home & Garden,Indoor Plants Accessories,28316,4261558.0,128.8,148.12,Bol - BFC Site 2,BFC2,8714252028102,"Mechie Trommelenweg 1, 5145 ND Waalwijk",FALSE,FALSE,TRUE,,63.6,,2,,,,FALSE,45.0,47.5,55.0,49.2,39.2,50.0,TRUE,43.0,48.4,Medium,Packaging_Type; Material_Recyclable_Pct; Country_Of_Origin,FALSE,,Standard,,PROD-2025-0796,FALSE,,16.3,-76.82,76.82,32.2,35,75.7,12.5
PROD-2025-0299,Glow Smart Fitness Trackers Mat,Fitness,Smart Fitness Trackers,76492,6157606.0,48.76,99.36,Bol - BFC XL 2,BFCXL2,8714252028164,"Rietgraaf 10, 6678 PJ Oosterhout",FALSE,TRUE,TRUE,China,95.41,,3,4.6,37,,,45.0,37.0,100.0,61.8,6.5,80.0,TRUE,32.3,27.7,High,Packaging_Type,FALSE,,Standard,,PROD-2025-0064,FALSE,,23.4,-15.64,15.64,80.1,157,4.9,22.9
PROD-2025-0300,Sustainable Kitchen Gadgets Desk,Home & Garden,Kitchen Gadgets,34111,3786321.0,86.48,117.76,Bol - BFC XL 2,BFCXL2,8714252028164,"Rietgraaf 10, 6678 PJ Oosterhout",FALSE,FALSE,TRUE,Germany,,Biodegradable,3,15.2,,,TRUE,90.0,47.5,100.0,80.8,51.4,100.0,TRUE,68.4,60.4,Medium,CO2_Footprint_kg; Material_Recyclable_Pct,FALSE,,Standard,,,FALSE,,64.4,,,,,50.0,49.8
PROD-2025-0301,Wireless Menswear Belt,Fashion,Menswear,31956,3595050.0,74.52,132.48,Bol - BFC XL 2,BFCXL2,8714252028133,"Rietgraaf 10, 6678 PJ Oosterhout",FALSE,TRUE,TRUE,Bangladesh,43.59,Recyclable Cardboard,3,,79,,TRUE,70.0,79.0,100.0,83.2,20.3,75.0,FALSE,39.4,36.5,High,None,TRUE,"Carbon-neutral certified, but CO2 is in the top 25% for its category.",Standard,,PROD-2025-0156,FALSE,,21.8,-15.64,15.64,35.2,81,10.0,25.0
PROD-2025-0302,Minimalist Smart Fitness Trackers Shorts,Fitness,Smart Fitness Trackers,63885,4631662.5,42.32,91.08,Bol - Ingram Micro,INGRAM,8712423020603,"Veerweg 16, 5145 NS Waalwijk",FALSE,TRUE,TRUE,China,,Recyclable Cardboard,3,,73,Energy Star,FALSE,70.0,73.0,30.0,56.9,6.5,100.0,FALSE,39.3,43.9,High,CO2_Footprint_kg,TRUE,"Carries an eco label, but scores below the category average on our independent check.",Next day,,PROD-2025-0064,FALSE,Energy efficiency,64.2,-8.28,8.28,,62,50.0,25.0
PROD-2025-0303,Wireless Indoor Plants Accessories Organizer,Home & Garden,Indoor Plants Accessories,96466,4485669.0,10.12,75.44,Bol - BFC XL 2,BFCXL2,8714252028164,"Rietgraaf 10, 6678 PJ Oosterhout",FALSE,FALSE,TRUE,China,78.05,,5,13.4,67,,,45.0,67.0,100.0,70.8,0.0,80.0,TRUE,28.0,59.2,High,Packaging_Type,FALSE,,Standard,,PROD-2025-0852,TRUE,,90.4,111.78,0.0,52.8,29,67.6,54.7
PROD-2025-0304,Glow Kitchen Gadgets Desk,Home & Garden,Kitchen Gadgets,23453,3928377.5,129.72,178.48,Bol - BFC Site 2,BFC2,8714252028102,"Mechie Trommelenweg 1, 5145 ND Waalwijk",FALSE,TRUE,TRUE,Poland,23.09,Plastic,,,,,,25.0,47.5,55.0,42.2,39.2,100.0,TRUE,60.5,65.0,Medium,Material_Recyclable_Pct; Repairability/Lifespan,FALSE,,Next day,,,FALSE,,32.7,,,,,93.2,50.8
PROD-2025-0305,Wireless Solar Powered Gadgets Brush,Eco-Friendly,Solar Powered Gadgets,244431,14054782.5,12.88,92.92,Bol - Ingram Micro,INGRAM,8712423020603,"Veerweg 16, 5145 NS Waalwijk",FALSE,TRUE,TRUE,,22.02,Mixed Plastic+Cardboard,7,,,,FALSE,45.0,70.0,30.0,47.2,44.1,70.0,FALSE,53.2,55.8,Medium,Material_Recyclable_Pct; Country_Of_Origin,TRUE,"Carries an eco label, but scores below the category average on our independent check.",Standard,,PROD-2025-0803,FALSE,,80.6,-11.5,11.5,6.4,26,49.2,75.0
PROD-2025-0306,Flex Baby Safety Gear Bottle,Baby,Baby Safety Gear,23434,4194686.0,134.32,195.04,Bol - BFC Site 2,BFC2,8714252028102,"Mechie Trommelenweg 1, 5145 ND Waalwijk",TRUE,TRUE,TRUE,Netherlands,,,,,54,,FALSE,45.0,54.0,55.0,51.2,71.6,80.0,TRUE,74.6,55.6,Low,CO2_Footprint_kg; Packaging_Type; Repairability/Lifespan,FALSE,,Today,,PROD-2025-0239,FALSE,,14.0,-61.64,61.64,,42,50.0,56.5
PROD-2025-0307,Pro Hair Care Tools Cleanser,Beauty & Skincare,Hair Care Tools,225513,23227839.0,79.12,110.4,Bol - BFC Site 1,BFC1,8714252028140,"Mechie Trommelenweg 1, 5145 ND Waalwijk",FALSE,TRUE,TRUE,France,13.4,,1,,58,,,45.0,58.0,85.0,62.9,59.1,80.0,TRUE,66.4,29.6,High,Packaging_Type,FALSE,,Standard,,PROD-2025-0241,TRUE,,18.0,-34.04,34.04,9.2,133,11.2,0.0
PROD-2025-0308,Minimalist Footwear T-Shirt,Fashion,Footwear,79276,8482532.0,74.52,122.36,Bol - BFC Site 2,BFC2,8714252028102,"Mechie Trommelenweg 1, 5145 ND Waalwijk",FALSE,FALSE,TRUE,Bangladesh,,Recyclable Cardboard,,,,,FALSE,70.0,49.5,55.0,58.6,20.3,100.0,TRUE,48.2,53.1,Low,CO2_Footprint_kg; Material_Recyclable_Pct; Repairability/Lifespan,FALSE,,Standard,,PROD-2025-0277,FALSE,,54.5,-37.26,37.26,,32,50.0,54.7
PROD-2025-0309,Glow Organic Makeup Perfume,Beauty & Skincare,Organic Makeup,39511,3536234.5,64.4,100.28,Bol - BFC Site 2,BFC2,8714252028102,"Mechie Trommelenweg 1, 5145 ND Waalwijk",FALSE,FALSE,TRUE,Germany,6.69,,4,1.4,61,,FALSE,45.0,61.0,55.0,53.3,86.0,80.0,TRUE,83.9,59.3,High,Packaging_Type,FALSE,,Standard,,PROD-2025-0217,TRUE,,74.6,35.88,0.0,1.3,30,55.1,56.6
PROD-2025-0310,Smart Athleisure Hoodie,Fashion,Athleisure,41405,7390792.5,129.72,198.72,Bol - BFC XL,BFCXL,8714252028195,"Divisiedok 1, 3439 JM Nieuwegein",FALSE,FALSE,TRUE,India,,Plastic,3,,55,,,25.0,55.0,100.0,60.2,58.1,100.0,TRUE,72.8,49.7,Medium,CO2_Footprint_kg,FALSE,,Standard,,PROD-2025-0909,FALSE,,12.9,-106.26,106.26,,26,50.0,25.0
PROD-2025-0311,Ultra Korean Skincare Brush,Beauty & Skincare,Korean Skincare,93294,11008692.0,92.92,124.2,Bol - BFC Site 1,BFC1,8714252028140,"Mechie Trommelenweg 1, 5145 ND Waalwijk",TRUE,TRUE,TRUE,,0.6,Plastic,,1.9,75,,FALSE,25.0,75.0,85.0,61.0,38.7,70.0,TRUE,49.7,82.3,High,Country_Of_Origin,FALSE,,Standard,,,TRUE,,77.9,,,,,98.9,100.0
PROD-2025-0312,Pure Organic Pet Food Bowl,Pet,Organic Pet Food,13390,482040.0,28.52,37.72,Bol - BFC Site 2,BFC2,8714252028102,"Mechie Trommelenweg 1, 5145 ND Waalwijk",FALSE,TRUE,TRUE,China,,Mixed Plastic+Cardboard,2,3.9,27,,FALSE,45.0,27.0,55.0,43.1,0.0,100.0,TRUE,35.0,43.6,Medium,CO2_Footprint_kg,FALSE,,Next day,,PROD-2025-0242,FALSE,,91.3,81.88,0.0,,60,49.3,41.1
PROD-2025-0313,Nano Organic Baby Clothing Stroller,Baby,Organic Baby Clothing,442939,76628447.0,122.36,195.96,Bol - BFC XL,BFCXL,8714252028195,"Divisiedok 1, 3439 JM Nieuwegein",FALSE,TRUE,TRUE,,12.68,Foam + Plastic,,2.7,20,,FALSE,10.0,20.0,100.0,44.5,48.6,70.0,TRUE,56.1,53.9,High,Country_Of_Origin,FALSE,,Standard,,PROD-2025-0552,FALSE,,14.9,-70.38,70.38,5.4,22,67.0,43.5
PROD-2025-0314,Portable Interactive Pet Toys Toy,Pet,Interactive Pet Toys,89570,7792590.0,58.88,101.2,Bol - Ingram Micro,INGRAM,8712423020603,"Veerweg 16, 5145 NS Waalwijk",FALSE,TRUE,TRUE,China,3.84,Plastic,,2.6,,,FALSE,25.0,44.0,30.0,32.5,0.0,100.0,TRUE,35.0,52.5,High,Material_Recyclable_Pct,FALSE,,Next day,,PROD-2025-0370,FALSE,,63.1,-13.8,13.8,1.5,20,84.9,37.5
PROD-2025-0315,Sustainable Smart Home Devices Adapter,Electronics,Smart Home Devices,23558,1036552.0,32.2,48.76,Bol - Ingram Micro,INGRAM,8712423020603,"Veerweg 16, 5145 NS Waalwijk",FALSE,TRUE,TRUE,China,34.99,Biodegradable,,,67,,FALSE,90.0,67.0,30.0,62.1,35.8,100.0,TRUE,58.3,69.1,High,Repairability/Lifespan,FALSE,,Standard,,PROD-2025-0638,TRUE,,95.5,70.84,0.0,,8,93.8,48.0
PROD-2025-0316,Portable E-books Template,Digital Goods,E-books,79186,6651624.0,38.64,115.92,Bol - BFC XL 2,BFCXL2,8714252028133,"Rietgraaf 10, 6678 PJ Oosterhout",FALSE,FALSE,FALSE,USA,0.0,Digital - No Packaging,,,,,,100.0,49.0,100.0,84.7,100.0,100.0,TRUE,100.0,96.2,Medium,Material_Recyclable_Pct; Repairability/Lifespan,FALSE,,Standard,,,FALSE,,76.1,,,,,100.0,100.0
PROD-2025-0317,Sustainable Womenswear Leggings,Fashion,Womenswear,21723,1900762.5,37.72,123.28,Bol - BFC Site 1,BFC1,8714252028140,"Mechie Trommelenweg 1, 5145 ND Waalwijk",FALSE,FALSE,TRUE,,20.17,Plastic,3,,,,FALSE,25.0,49.5,85.0,53.3,20.3,70.0,TRUE,37.7,41.6,Medium,Material_Recyclable_Pct; Country_Of_Origin,FALSE,,Standard,,PROD-2025-0670,FALSE,,50.5,-2.76,2.76,,33,46.7,25.0
PROD-2025-0318,Ultra Accessories Leggings,Fashion,Accessories,63023,2930569.5,32.2,53.36,Bol - BFC XL 2,BFCXL2,8714252028133,"Rietgraaf 10, 6678 PJ Oosterhout",FALSE,FALSE,TRUE,,7.03,Plastic,2,4.3,,Energy Star,TRUE,25.0,49.5,100.0,58.6,20.3,70.0,FALSE,37.7,65.5,High,Material_Recyclable_Pct; Country_Of_Origin,TRUE,"Eco claim, but packaged in Plastic.",Standard,,,FALSE,Energy efficiency,96.0,,,,,95.0,47.8
PROD-2025-0319,Flex Portable Audio Power Bank,Electronics,Portable Audio,86607,5759365.5,26.68,95.68,Bol - Ingram Micro,INGRAM,8712423020603,"Veerweg 16, 5145 NS Waalwijk",FALSE,TRUE,TRUE,China,186.53,,3,,72,,,45.0,72.0,30.0,47.8,35.8,80.0,TRUE,51.3,38.6,High,Packaging_Type,FALSE,,Standard,,PROD-2025-0944,TRUE,,51.4,-26.68,26.68,75.2,69,36.2,25.0
PROD-2025-0320,Flex Interactive Pet Toys Toy,Pet,Interactive Pet Toys,43424,2192912.0,12.88,80.04,Bol - BFC Site 1,BFC1,8714252028140,"Mechie Trommelenweg 1, 5145 ND Waalwijk",FALSE,FALSE,TRUE,,1.16,Plastic,3,1.1,54,,FALSE,25.0,54.0,85.0,54.7,40.5,70.0,TRUE,50.9,59.4,High,Country_Of_Origin,FALSE,,Standard,,PROD-2025-0712,TRUE,,90.3,108.1,0.0,,26,97.3,16.1
PROD-2025-0321,Eco Activewear Shorts,Fitness,Activewear,82090,7634370.0,46.92,124.2,Bol - BFC Site 1,BFC1,8714252028140,"Mechie Trommelenweg 1, 5145 ND Waalwijk",FALSE,FALSE,TRUE,China,48.51,Recyclable Cardboard,,6.0,,,FALSE,70.0,51.5,85.0,69.7,6.5,100.0,TRUE,39.3,53.7,High,Material_Recyclable_Pct,FALSE,,Standard,,PROD-2025-0145,FALSE,,58.4,-38.64,38.64,38.4,65,58.8,39.0
PROD-2025-0322,Eco Educational Toys Diaper,Baby,Educational Toys,17823,757477.5,23.0,55.2,Bol - BFC Site 2,BFC2,8714252028102,"Mechie Trommelenweg 1, 5145 ND Waalwijk",FALSE,FALSE,TRUE,USA,26.6,Minimal Packaging,,2.1,,,,80.0,55.5,55.0,63.9,24.3,100.0,TRUE,50.8,35.2,High,Material_Recyclable_Pct,FALSE,,Standard,,PROD-2025-1000,FALSE,,77.2,-21.62,21.62,8.2,27,11.4,30.4
PROD-2025-0323,Swift Personal Care Gadgets Toner,Beauty & Skincare,Personal Care Gadgets,95397,10779861.0,79.12,128.8,Bol - BFC Site 1,BFC1,8714252028140,"Mechie Trommelenweg 1, 5145 ND Waalwijk",FALSE,FALSE,TRUE,France,,Foam + Plastic,3,0.4,79,,FALSE,10.0,79.0,85.0,56.9,59.1,100.0,TRUE,73.4,47.2,Medium,CO2_Footprint_kg,FALSE,,Standard,,PROD-2025-0739,FALSE,,42.6,-83.26,83.26,,39,49.4,18.6
PROD-2025-0324,Zen Pet Apparel Carrier,Pet,Pet Apparel,39507,3911193.0,55.2,126.96,Bol - BFC Site 2,BFC2,8714252028102,"Mechie Trommelenweg 1, 5145 ND Waalwijk",FALSE,TRUE,TRUE,Netherlands,,Foam + Plastic,,4.8,,,FALSE,10.0,44.0,55.0,36.0,82.4,100.0,TRUE,88.6,63.2,Medium,CO2_Footprint_kg; Material_Recyclable_Pct,FALSE,,Next day,,,FALSE,,67.0,,,,,49.3,94.6
PROD-2025-0325,Luxe Fragrances Brush,Beauty & Skincare,Fragrances,27218,2789845.0,69.0,119.6,Bol - BFC Site 2,BFC2,8714252028102,"Mechie Trommelenweg 1, 5145 ND Waalwijk",FALSE,TRUE,TRUE,South Korea,13.46,Plastic,1,,,,FALSE,25.0,52.5,55.0,43.8,0.0,100.0,TRUE,35.0,19.7,High,Material_Recyclable_Pct,FALSE,,Standard,,PROD-2025-0097,FALSE,,2.5,-6.9,6.9,9.0,194,10.1,0.0
PROD-2025-0326,Premium Athleisure Jacket,Fashion,Athleisure,61596,4681296.0,35.88,103.96,Bol - BFC Site 2,BFC2,8714252028102,"Mechie Trommelenweg 1, 5145 ND Waalwijk",FALSE,TRUE,TRUE,,9.3,Mixed Plastic+Cardboard,2,3.0,,,,45.0,49.5,55.0,49.8,20.3,70.0,TRUE,37.7,53.7,Medium,Material_Recyclable_Pct; Country_Of_Origin,FALSE,,Next day,,PROD-2025-0909,FALSE,,75.2,-11.96,11.96,,17,85.0,23.2
PROD-2025-0327,Aura Baby Safety Gear Swaddle,Baby,Baby Safety Gear,12430,596640.0,23.0,65.32,Bol - BFC Site 2,BFC2,8714252028102,"Mechie Trommelenweg 1, 5145 ND Waalwijk",TRUE,TRUE,TRUE,China,29.67,Recyclable Cardboard,4,3.0,,,FALSE,70.0,56.0,55.0,60.5,0.0,100.0,TRUE,35.0,32.0,High,Material_Recyclable_Pct,FALSE,,Today,,PROD-2025-0351,FALSE,,66.7,-3.68,3.68,10.9,50,1.1,44.8
PROD-2025-0328,Flex Organic Baby Clothing Swaddle,Baby,Organic Baby Clothing,90306,12055851.0,115.92,129.72,Bol - Ingram Micro,INGRAM,8712423020603,"Veerweg 16, 5145 NS Waalwijk",FALSE,TRUE,TRUE,China,18.63,Minimal Packaging,5,,10,,FALSE,80.0,10.0,30.0,41.5,0.0,100.0,TRUE,35.0,42.4,High,None,FALSE,,Next day,,PROD-2025-0552,FALSE,,19.3,-34.04,34.04,11.3,56,40.9,50.0
PROD-2025-0329,Pure Educational Toys Bib,Baby,Educational Toys,83952,10326096.0,69.92,156.4,Bol - Ingram Micro,INGRAM,8712423020603,"Veerweg 16, 5145 NS Waalwijk",FALSE,FALSE,TRUE,Netherlands,26.76,Plastic,,,71,,FALSE,25.0,71.0,30.0,40.5,71.6,100.0,TRUE,81.6,38.6,High,Repairability/Lifespan,FALSE,,Standard,,PROD-2025-0285,TRUE,,16.7,-37.72,37.72,21.0,70,9.1,52.2
PROD-2025-0330,Organic Educational Toys Crib,Baby,Educational Toys,97869,6312550.5,48.76,69.92,Bol - BFC Site 2,BFC2,8714252028102,"Mechie Trommelenweg 1, 5145 ND Waalwijk",FALSE,FALSE,TRUE,China,11.06,,6,4.5,,,FALSE,45.0,55.5,55.0,51.6,0.0,80.0,TRUE,28.0,61.8,High,Packaging_Type; Material_Recyclable_Pct,FALSE,,Standard,,,FALSE,,82.5,,,,,73.9,75.5
PROD-2025-0331,Wireless Smart Home Devices Charger,Electronics,Smart Home Devices,46528,4140992.0,52.44,111.32,Bol - Ingram Micro,INGRAM,8712423020603,"Veerweg 16, 5145 NS Waalwijk",FALSE,TRUE,TRUE,China,,Biodegradable,7,5.0,,,FALSE,90.0,44.5,30.0,55.3,35.8,100.0,TRUE,58.3,54.3,Medium,CO2_Footprint_kg; Material_Recyclable_Pct,FALSE,,Standard,,PROD-2025-0255,FALSE,,54.1,-11.04,11.04,,36,50.0,56.8
PROD-2025-0332,Pro Home Gym Equipment Scale,Fitness,Home Gym Equipment,91013,6780468.5,36.8,100.28,Bol - BFC Site 1,BFC1,8714252028140,"Mechie Trommelenweg 1, 5145 ND Waalwijk",FALSE,TRUE,TRUE,China,78.02,Mixed Plastic+Cardboard,,,,,FALSE,45.0,48.0,85.0,59.9,6.5,100.0,TRUE,39.3,42.6,Medium,Material_Recyclable_Pct; Repairability/Lifespan,FALSE,,Next day,,PROD-2025-0513,FALSE,,56.9,-12.42,12.42,59.9,58,26.5,50.0
PROD-2025-0333,Vital Solar Powered Gadgets Brush,Eco-Friendly,Solar Powered Gadgets,72179,3825487.0,19.32,78.2,Bol - BFC Site 2,BFC2,8714252028102,"Mechie Trommelenweg 1, 5145 ND Waalwijk",TRUE,TRUE,TRUE,Netherlands,17.0,,4,4.2,92,,,70.0,92.0,55.0,71.3,64.7,80.0,TRUE,70.1,57.9,High,Packaging_Type,FALSE,,Today,,PROD-2025-0803,TRUE,,84.9,-7.36,7.36,1.4,22,60.0,34.1
PROD-2025-0334,Premium Hair Care Tools Lipstick,Beauty & Skincare,Hair Care Tools,30195,830362.5,12.88,37.72,Bol - BFC Site 2,BFC2,8714252028102,"Mechie Trommelenweg 1, 5145 ND Waalwijk",TRUE,TRUE,TRUE,Germany,4.83,Recyclable Cardboard,2,,,,FALSE,70.0,52.5,55.0,59.5,86.0,100.0,TRUE,90.9,58.4,High,Material_Recyclable_Pct,FALSE,,Next day,,PROD-2025-0241,FALSE,,95.1,35.42,0.0,0.6,18,76.4,12.5
PROD-2025-0335,Vital Portable Audio Charger,Electronics,Portable Audio,52938,6220215.0,75.44,140.76,Bol - BFC XL 2,BFCXL2,8714252028133,"Rietgraaf 10, 6678 PJ Oosterhout",FALSE,TRUE,TRUE,,90.86,Minimal Packaging,9,4.3,,,FALSE,80.0,43.5,100.0,76.0,35.8,70.0,TRUE,47.8,65.1,Medium,Material_Recyclable_Pct; Country_Of_Origin,FALSE,,Standard,,,FALSE,,49.5,,,,,67.5,61.3
PROD-2025-0336,Nano Organic Makeup Oil,Beauty & Skincare,Organic Makeup,87301,10083265.5,70.84,141.68,Bol - BFC Site 2,BFC2,8714252028102,"Mechie Trommelenweg 1, 5145 ND Waalwijk",FALSE,TRUE,TRUE,USA,7.51,Foam + Plastic,3,1.7,,,FALSE,10.0,52.5,55.0,38.5,38.7,100.0,TRUE,60.2,49.3,High,Material_Recyclable_Pct,FALSE,,Next day,,PROD-2025-0309,FALSE,,44.3,-23.92,23.92,0.8,20,47.2,56.4
PROD-2025-0337,Organic Korean Skincare Cleanser,Beauty & Skincare,Korean Skincare,41499,4917631.5,100.28,117.76,Bol - BFC Site 2,BFC2,8714252028102,"Mechie Trommelenweg 1, 5145 ND Waalwijk",FALSE,TRUE,TRUE,China,,Recyclable Cardboard,,1.6,31,,FALSE,70.0,31.0,55.0,53.0,23.7,100.0,TRUE,50.4,59.3,Medium,CO2_Footprint_kg,FALSE,,Standard,,PROD-2025-0311,FALSE,,60.7,-0.46,0.46,,39,49.4,84.8
PROD-2025-0338,Nano Pet Grooming Tools Treats,Pet,Pet Grooming Tools,85210,3919660.0,17.48,67.16,Bol - BFC Site 2,BFC2,8714252028102,"Mechie Trommelenweg 1, 5145 ND Waalwijk",FALSE,TRUE,TRUE,,,Plastic,3,1.5,,,FALSE,25.0,44.0,55.0,41.2,40.5,70.0,TRUE,50.9,41.0,Low,CO2_Footprint_kg; Material_Recyclable_Pct; Country_Of_Origin,FALSE,,Next day,,PROD-2025-0497,FALSE,,81.6,11.04,0.0,,79,49.3,23.2
PROD-2025-0339,Ultra Stock Media Preset,Digital Goods,Stock Media,259558,42178175.0,126.96,172.04,Bol - BFC Site 2,BFC2,8714252028102,"Mechie Trommelenweg 1, 5145 ND Waalwijk",FALSE,FALSE,FALSE,,0.0,Digital - No Packaging,,,,,,100.0,49.0,55.0,69.0,100.0,70.0,TRUE,89.5,90.7,Medium,Material_Recyclable_Pct; Country_Of_Origin; Repairability/Lifespan,FALSE,,Standard,,,FALSE,,10.6,,,,,100.0,100.0
PROD-2025-0340,Organic Home Office Decor Blender,Home & Garden,Home Office Decor,88276,4413800.0,15.64,76.36,Bol - BFC XL,BFCXL,8714252028195,"Divisiedok 1, 3439 JM Nieuwegein",FALSE,TRUE,TRUE,,,Minimal Packaging,5,11.2,71,,FALSE,80.0,71.0,100.0,84.3,39.2,70.0,TRUE,50.0,57.8,Medium,CO2_Footprint_kg; Country_Of_Origin,FALSE,,Next day,,,FALSE,,84.6,,,,,50.0,47.0
PROD-2025-0341,Vital Phone Accessories Charger,Electronics,Phone Accessories,216206,27782471.0,72.68,163.76,Bol - BFC Site 1,BFC1,8714252028140,"Mechie Trommelenweg 1, 5145 ND Waalwijk",FALSE,TRUE,TRUE,Taiwan,242.86,Recyclable Cardboard,8,3.3,28,,FALSE,70.0,28.0,85.0,62.6,0.0,100.0,TRUE,35.0,35.6,High,None,FALSE,,Standard,,PROD-2025-0538,FALSE,,6.3,-60.72,60.72,218.7,107,5.0,51.8
PROD-2025-0342,Pure Sustainable Apparel Belt,Fashion,Sustainable Apparel,33609,2033344.5,22.08,89.24,Bol - BFC Site 1,BFC1,8714252028140,"Mechie Trommelenweg 1, 5145 ND Waalwijk",TRUE,TRUE,TRUE,India,,Foam + Plastic,,,,,FALSE,10.0,49.5,85.0,48.1,58.1,100.0,TRUE,72.8,54.1,Low,CO2_Footprint_kg; Material_Recyclable_Pct; Repairability/Lifespan,FALSE,,Today,,PROD-2025-0810,FALSE,,86.1,-11.96,11.96,,21,50.0,54.7
PROD-2025-0343,Premium Pet Grooming Tools Carrier,Pet,Pet Grooming Tools,85154,10729404.0,103.96,127.88,Bol - Ingram Micro,INGRAM,8712423020603,"Veerweg 16, 5145 NS Waalwijk",FALSE,TRUE,TRUE,,14.92,Biodegradable,,4.3,21,,,90.0,21.0,30.0,48.3,40.5,70.0,TRUE,50.9,49.0,High,Country_Of_Origin,FALSE,,Standard,,PROD-2025-0497,FALSE,,33.0,-62.56,62.56,12.7,49,30.1,75.0
PROD-2025-0344,Luxe Organic Baby Clothing Crib,Baby,Organic Baby Clothing,35437,2002190.5,46.92,57.04,Bol - BFC Site 1,BFC1,8714252028140,"Mechie Trommelenweg 1, 5145 ND Waalwijk",FALSE,TRUE,TRUE,Netherlands,26.41,Minimal Packaging,,4.0,,,FALSE,80.0,55.5,85.0,74.4,71.6,100.0,TRUE,81.6,55.5,High,Material_Recyclable_Pct,FALSE,,Next day,,PROD-2025-0552,FALSE,,84.2,36.8,0.0,19.1,19,12.5,81.2
PROD-2025-0345,Pro Hair Care Tools Perfume,Beauty & Skincare,Hair Care Tools,458819,19040988.5,20.24,56.12,Bol - BFC Site 1,BFC1,8714252028140,"Mechie Trommelenweg 1, 5145 ND Waalwijk",FALSE,TRUE,TRUE,South Korea,,,1,,,,,45.0,52.5,85.0,61.2,0.0,80.0,TRUE,28.0,36.8,Low,CO2_Footprint_kg; Packaging_Type; Material_Recyclable_Pct,FALSE,,Standard,,PROD-2025-0334,FALSE,,82.8,-12.88,12.88,,59,49.4,0.0
PROD-2025-0346,Glow Organic Makeup Oil,Beauty & Skincare,Organic Makeup,40384,3008608.0,24.84,112.24,Bol - BFC Site 2,BFC2,8714252028102,"Mechie Trommelenweg 1, 5145 ND Waalwijk",FALSE,TRUE,TRUE,,5.41,Recyclable Cardboard,1,,,,,70.0,52.5,55.0,59.5,38.7,70.0,TRUE,49.7,47.1,Medium,Material_Recyclable_Pct; Country_Of_Origin,FALSE,,Next day,,PROD-2025-0217,FALSE,,73.8,49.68,0.0,,63,70.8,0.0
PROD-2025-0347,Wireless Smart Lighting Desk,Home & Garden,Smart Lighting,65648,9912848.0,133.4,144.44,Bol - BFC XL,BFCXL,8714252028195,"Divisiedok 1, 3439 JM Nieuwegein",FALSE,FALSE,TRUE,Germany,165.31,Mixed Plastic+Cardboard,8,13.5,,,,45.0,47.5,100.0,65.0,51.4,100.0,TRUE,68.4,52.4,High,Material_Recyclable_Pct,FALSE,,Standard,,PROD-2025-0910,FALSE,,26.9,-63.48,63.48,97.1,30,20.3,75.1
PROD-2025-0348,Premium Activewear Scale,Fitness,Activewear,72167,2706262.5,9.2,59.8,Bol - BFC Site 2,BFC2,8714252028102,"Mechie Trommelenweg 1, 5145 ND Waalwijk",FALSE,FALSE,TRUE,Germany,,Plastic,4,9.0,46,,,25.0,46.0,55.0,41.8,87.9,100.0,TRUE,92.1,55.4,Medium,CO2_Footprint_kg,FALSE,,Standard,,PROD-2025-0145,FALSE,,95.6,12.42,0.0,,60,50.0,54.7
PROD-2025-0349,Flex Fragrances Toner,Beauty & Skincare,Fragrances,479657,56119869.0,83.72,131.56,Bol - BFC Site 2,BFC2,8714252028102,"Mechie Trommelenweg 1, 5145 ND Waalwijk",FALSE,TRUE,TRUE,,9.26,,,1.6,,,FALSE,45.0,52.5,55.0,50.8,38.7,50.0,TRUE,42.7,52.5,Medium,Packaging_Type; Material_Recyclable_Pct; Country_Of_Origin,FALSE,,Standard,,PROD-2025-0593,FALSE,,52.5,-68.08,68.08,6.8,28,34.8,84.8
PROD-2025-0350,Premium Personal Care Gadgets Cleanser,Beauty & Skincare,Personal Care Gadgets,38695,6520107.5,123.28,186.76,Bol - BFC Site 1,BFC1,8714252028140,"Mechie Trommelenweg 1, 5145 ND Waalwijk",FALSE,TRUE,TRUE,South Korea,12.3,Biodegradable,3,0.6,14,,FALSE,90.0,14.0,85.0,65.4,0.0,100.0,TRUE,35.0,35.0,High,None,FALSE,,Next day,,PROD-2025-0830,FALSE,,4.9,-23.46,23.46,7.6,71,19.1,26.9
PROD-2025-0351,Luxe Baby Safety Gear Toy,Baby,Baby Safety Gear,97000,4268000.0,23.92,57.04,Bol - BFC Site 2,BFC2,8714252028102,"Mechie Trommelenweg 1, 5145 ND Waalwijk",FALSE,TRUE,TRUE,Germany,18.75,Mixed Plastic+Cardboard,3,3.6,,,FALSE,45.0,56.0,55.0,51.8,48.6,100.0,TRUE,66.6,48.1,High,Material_Recyclable_Pct,FALSE,,Standard,,PROD-2025-0239,FALSE,,90.4,62.56,0.0,15.8,64,38.6,46.6
PROD-2025-0352,Zen Smart Baby Monitors Bottle,Baby,Smart Baby Monitors,10968,614208.0,13.8,89.24,Bol - Ingram Micro,INGRAM,8712423020603,"Veerweg 16, 5145 NS Waalwijk",FALSE,TRUE,TRUE,Germany,7.48,Plastic,6,,60,,FALSE,25.0,60.0,30.0,37.2,48.6,100.0,TRUE,66.6,64.8,High,None,FALSE,,Next day,,,TRUE,,92.1,,,,,85.2,62.5
PROD-2025-0353,Smart Home Gym Equipment Mat,Fitness,Home Gym Equipment,47053,1223378.0,14.72,33.12,Bol - BFC XL,BFCXL,8714252028195,"Divisiedok 1, 3439 JM Nieuwegein",FALSE,FALSE,TRUE,China,96.95,,5,,,,FALSE,45.0,48.0,100.0,65.2,6.5,80.0,TRUE,32.3,35.0,High,Packaging_Type; Material_Recyclable_Pct,FALSE,,Standard,,PROD-2025-0177,FALSE,,93.4,103.04,0.0,79.4,113,3.9,50.0
PROD-2025-0354,Sustainable Wearable Tech Projector,Electronics,Wearable Tech,39639,3349495.5,54.28,101.2,Bol - BFC Site 1,BFC1,8714252028140,"Mechie Trommelenweg 1, 5145 ND Waalwijk",FALSE,TRUE,TRUE,China,,,9,8.7,,,,45.0,43.5,85.0,58.5,35.8,80.0,TRUE,51.3,62.5,Low,CO2_Footprint_kg; Packaging_Type; Material_Recyclable_Pct,FALSE,,Next day,,PROD-2025-0713,FALSE,,66.7,-20.24,20.24,,22,50.0,90.7
PROD-2025-0355,Vital Smart Fitness Trackers Gloves,Fitness,Smart Fitness Trackers,85926,6014820.0,21.16,107.64,Bol - BFC Site 1,BFC1,8714252028140,"Mechie Trommelenweg 1, 5145 ND Waalwijk",TRUE,TRUE,TRUE,China,99.07,,6,11.0,59,,FALSE,45.0,59.0,85.0,63.2,6.5,80.0,TRUE,32.3,39.4,High,Packaging_Type,FALSE,,Next day,,PROD-2025-0064,TRUE,,55.5,-5.98,5.98,83.8,80,0.0,75.2
PROD-2025-0356,Eco Indoor Plants Accessories Mug,Home & Garden,Indoor Plants Accessories,52977,6224797.5,92.0,124.2,Bol - BFC XL,BFCXL,8714252028195,"Divisiedok 1, 3439 JM Nieuwegein",FALSE,TRUE,TRUE,,148.87,Plastic,6,,77,,FALSE,25.0,77.0,100.0,66.8,39.2,70.0,TRUE,50.0,50.7,High,Country_Of_Origin,FALSE,,Next day,,PROD-2025-0796,TRUE,,45.2,-46.46,46.46,117.5,29,31.1,62.5
PROD-2025-0357,Wireless Reusable Packaging Brush,Eco-Friendly,Reusable Packaging,90280,16114980.0,123.28,205.16,Bol - BFC XL 2,BFCXL2,8714252028133,"Rietgraaf 10, 6678 PJ Oosterhout",FALSE,FALSE,TRUE,USA,21.16,Biodegradable,,7.3,83,Fair Trade,,90.0,83.0,100.0,91.4,0.0,100.0,TRUE,35.0,63.2,High,None,FALSE,,Standard,,,TRUE,Social / ethical (not environmental),25.8,,,,,50.8,69.2
PROD-2025-0358,Ultra Digital Planners Bundle,Digital Goods,Digital Planners,92192,8850432.0,53.36,123.28,Bol - BFC Site 1,BFC1,8714252028140,"Mechie Trommelenweg 1, 5145 ND Waalwijk",FALSE,FALSE,FALSE,USA,0.0,Digital - No Packaging,,,,,,100.0,49.0,85.0,79.5,100.0,100.0,TRUE,100.0,94.9,Medium,Material_Recyclable_Pct; Repairability/Lifespan,FALSE,,Standard,,,FALSE,,60.2,,,,,100.0,100.0
PROD-2025-0359,Aura Sustainable Apparel Sunglasses,Fashion,Sustainable Apparel,50155,5692592.5,62.56,146.28,Bol - BFC Site 2,BFC2,8714252028102,"Mechie Trommelenweg 1, 5145 ND Waalwijk",FALSE,FALSE,TRUE,Bangladesh,,Biodegradable,5,,79,,,90.0,79.0,55.0,74.4,20.3,100.0,TRUE,48.2,55.8,Medium,CO2_Footprint_kg,FALSE,,Standard,,PROD-2025-0810,FALSE,,52.5,-60.72,60.72,,18,50.0,50.0
PROD-2025-0360,Wireless Smart Pet Feeders Treats,Pet,Smart Pet Feeders,19940,2352920.0,72.68,144.44,Bol - BFC XL 2,BFCXL2,8714252028133,"Rietgraaf 10, 6678 PJ Oosterhout",FALSE,FALSE,TRUE,China,17.18,Recyclable Cardboard,,1.1,,,FALSE,70.0,44.0,100.0,72.7,0.0,100.0,TRUE,35.0,30.0,High,Material_Recyclable_Pct,FALSE,,Standard,,PROD-2025-0641,FALSE,,6.8,-47.84,47.84,15.9,130,13.7,7.1
PROD-2025-0361,Smart Smart Fitness Trackers Shorts,Fitness,Smart Fitness Trackers,35399,2955816.5,45.08,108.56,Bol - BFC XL,BFCXL,8714252028195,"Divisiedok 1, 3439 JM Nieuwegein",FALSE,TRUE,TRUE,China,86.89,Recyclable Cardboard,,4.4,57,,FALSE,70.0,57.0,100.0,76.6,6.5,100.0,TRUE,39.3,34.1,High,None,FALSE,,Standard,,PROD-2025-0064,TRUE,,35.8,-18.4,18.4,71.6,109,12.7,18.3
PROD-2025-0362,Smart Portable Audio Power Bank,Electronics,Portable Audio,96736,5610688.0,35.88,70.84,Bol - Ingram Micro,INGRAM,8712423020603,"Veerweg 16, 5145 NS Waalwijk",FALSE,TRUE,TRUE,Japan,,Plastic,,8.0,53,,FALSE,25.0,53.0,30.0,35.1,9.9,100.0,TRUE,41.4,50.5,Medium,CO2_Footprint_kg,FALSE,,Next day,,PROD-2025-0944,FALSE,,73.0,-18.86,18.86,,29,50.0,72.0
PROD-2025-0363,Premium SaaS Subscriptions Software,Digital Goods,SaaS Subscriptions,492003,78720480.0,102.12,192.28,Bol - BFC Site 1,BFC1,8714252028140,"Mechie Trommelenweg 1, 5145 ND Waalwijk",FALSE,FALSE,FALSE,Germany,0.0,Digital - No Packaging,,,,,,100.0,49.0,85.0,79.5,100.0,100.0,TRUE,100.0,94.9,Medium,Material_Recyclable_Pct; Repairability/Lifespan,FALSE,,Standard,,,FALSE,,14.2,,,,,100.0,100.0
PROD-2025-0364,Minimalist Charging Solutions Earbuds,Electronics,Charging Solutions,34113,4059447.0,70.84,148.12,Bol - Ingram Micro,INGRAM,8712423020603,"Veerweg 16, 5145 NS Waalwijk",FALSE,FALSE,TRUE,,98.15,Mixed Plastic+Cardboard,5,,,,FALSE,45.0,43.5,30.0,39.3,35.8,70.0,TRUE,47.8,52.2,Medium,Material_Recyclable_Pct; Country_Of_Origin,FALSE,,Standard,,PROD-2025-0072,FALSE,,34.2,-21.62,21.62,52.6,26,65.0,50.0
PROD-2025-0365,Luxe Eco-friendly Diapers Crib,Baby,Eco-friendly Diapers,45931,8405373.0,127.88,208.84,Bol - BFC Site 2,BFC2,8714252028102,"Mechie Trommelenweg 1, 5145 ND Waalwijk",FALSE,FALSE,TRUE,Netherlands,21.33,Mixed Plastic+Cardboard,1,,,,FALSE,45.0,55.5,55.0,51.6,71.6,100.0,TRUE,81.6,37.1,High,Material_Recyclable_Pct,FALSE,,Standard,,PROD-2025-0244,FALSE,,2.6,-31.28,31.28,13.7,104,34.1,0.0
PROD-2025-0366,Zen Organic Makeup Oil,Beauty & Skincare,Organic Makeup,69182,8267249.0,100.28,119.6,Bol - BFC Site 1,BFC1,8714252028140,"Mechie Trommelenweg 1, 5145 ND Waalwijk",FALSE,TRUE,TRUE,,10.02,Foam + Plastic,1,,53,,FALSE,10.0,53.0,85.0,49.1,38.7,70.0,TRUE,49.7,31.1,High,Country_Of_Origin,FALSE,,Next day,,PROD-2025-0309,TRUE,,9.0,-27.6,27.6,3.3,91,32.6,0.0
PROD-2025-0367,Glow Fragrances Mask,Beauty & Skincare,Fragrances,17111,829883.5,32.2,57.04,Bol - BFC XL,BFCXL,8714252028195,"Divisiedok 1, 3439 JM Nieuwegein",FALSE,TRUE,TRUE,China,13.88,Plastic,3,,40,,TRUE,25.0,40.0,100.0,55.8,23.7,75.0,FALSE,41.6,29.2,High,None,TRUE,"Carbon-neutral certified, but CO2 is in the top 25% for its category.",Standard,,PROD-2025-0905,FALSE,,70.5,88.78,0.0,10.6,115,7.9,25.0
PROD-2025-0368,Swift Reusable Packaging Kit,Eco-Friendly,Reusable Packaging,81046,12156900.0,106.72,169.28,Bol - BFC XL 2,BFCXL2,8714252028133,"Rietgraaf 10, 6678 PJ Oosterhout",FALSE,TRUE,TRUE,USA,20.19,,4,2.8,,,,70.0,70.0,100.0,80.5,0.0,80.0,FALSE,28.0,49.1,High,Packaging_Type; Material_Recyclable_Pct,TRUE,"Carries an eco label, but scores below the category average on our independent check.",Next day,,PROD-2025-0257,FALSE,,15.1,-119.14,119.14,12.1,48,53.8,23.6
PROD-2025-0369,Sustainable Activewear Shorts,Fitness,Activewear,59569,3663493.5,36.8,76.36,Bol - BFC Site 1,BFC1,8714252028140,"Mechie Trommelenweg 1, 5145 ND Waalwijk",FALSE,FALSE,TRUE,,67.02,,,,,,TRUE,45.0,51.5,85.0,60.9,6.5,25.0,FALSE,13.0,47.3,Low,Packaging_Type; Material_Recyclable_Pct; Country_Of_Origin; Repairability/Lifespan,TRUE,"Marketed as eco, but shipped from far away with an above-average footprint.",Standard,,PROD-2025-0145,FALSE,,75.2,-9.66,9.66,56.9,87,37.3,68.3
PROD-2025-0370,Premium Interactive Pet Toys Treats,Pet,Interactive Pet Toys,86878,6255216.0,21.16,111.32,Bol - BFC Site 2,BFC2,8714252028102,"Mechie Trommelenweg 1, 5145 ND Waalwijk",FALSE,TRUE,TRUE,Germany,2.33,Plastic,4,,50,,TRUE,25.0,50.0,55.0,43.0,64.9,100.0,FALSE,77.2,62.9,High,None,TRUE,"Eco claim, but packaged in Plastic.",Next day,,PROD-2025-0712,FALSE,,78.6,88.32,0.0,,19,89.0,37.5
PROD-2025-0371,Vital Activewear Band,Fitness,Activewear,97974,12785607.0,103.04,137.08,Bol - BFC XL 2,BFCXL2,8714252028164,"Rietgraaf 10, 6678 PJ Oosterhout",FALSE,TRUE,TRUE,China,77.24,Plastic,6,5.7,,,FALSE,25.0,51.5,100.0,59.2,6.5,100.0,TRUE,39.3,42.4,High,Material_Recyclable_Pct,FALSE,,Standard,,PROD-2025-0145,FALSE,,17.5,-73.14,73.14,67.1,108,27.5,48.3
PROD-2025-0372,Pro Smart Fitness Trackers Gloves,Fitness,Smart Fitness Trackers,68762,8698393.0,74.52,158.24,Bol - BFC XL 2,BFCXL2,8714252028164,"Rietgraaf 10, 6678 PJ Oosterhout",FALSE,TRUE,TRUE,,,Plastic,7,7.5,62,EU Ecolabel,FALSE,25.0,62.0,100.0,62.3,6.5,70.0,FALSE,28.8,53.5,Medium,CO2_Footprint_kg; Country_Of_Origin,TRUE,"Eco claim, but packaged in Plastic.",Next day,,PROD-2025-0064,FALSE,Lifecycle (broad environmental),38.0,-57.96,57.96,,33,50.0,64.3
PROD-2025-0373,Ultra Smart Pet Feeders Leash,Pet,Smart Pet Feeders,56816,6505432.0,69.0,141.68,Bol - BFC Site 2,BFC2,8714252028102,"Mechie Trommelenweg 1, 5145 ND Waalwijk",FALSE,TRUE,TRUE,USA,17.53,Biodegradable,,,67,,TRUE,90.0,67.0,55.0,70.8,40.5,75.0,FALSE,52.6,41.9,High,Repairability/Lifespan,TRUE,"Carbon-neutral certified, but CO2 is in the top 25% for its category.",Standard,,PROD-2025-0641,FALSE,,27.2,-44.62,44.62,16.2,65,11.0,50.0
PROD-2025-0374,Aura Korean Skincare Brush,Beauty & Skincare,Korean Skincare,14178,1268931.0,61.64,103.04,Bol - BFC Site 2,BFC2,8714252028102,"Mechie Trommelenweg 1, 5145 ND Waalwijk",FALSE,TRUE,TRUE,,12.01,Recyclable Cardboard,1,,33,,FALSE,70.0,33.0,55.0,53.6,38.7,70.0,TRUE,49.7,28.3,High,Country_Of_Origin,FALSE,,Next day,,PROD-2025-0463,FALSE,,23.8,-21.62,21.62,9.8,122,21.3,0.0
PROD-2025-0375,Portable Hair Care Tools Perfume,Beauty & Skincare,Hair Care Tools,87403,1616955.5,9.2,24.84,Bol - BFC XL,BFCXL,8714252028195,"Divisiedok 1, 3439 JM Nieuwegein",FALSE,TRUE,TRUE,,8.42,Foam + Plastic,,,,,FALSE,10.0,52.5,100.0,54.2,38.7,70.0,TRUE,49.7,48.5,Medium,Material_Recyclable_Pct; Country_Of_Origin; Repairability/Lifespan,FALSE,,Standard,,PROD-2025-0241,FALSE,,96.7,43.7,0.0,4.2,42,42.7,50.0
PROD-2025-0376,Wireless Korean Skincare Perfume,Beauty & Skincare,Korean Skincare,30066,3728184.0,90.16,138.0,Bol - BFC Site 1,BFC1,8714252028140,"Mechie Trommelenweg 1, 5145 ND Waalwijk",FALSE,TRUE,TRUE,,2.43,Mixed Plastic+Cardboard,2,,5,,FALSE,45.0,5.0,85.0,47.0,38.7,70.0,TRUE,49.7,54.6,High,Country_Of_Origin,FALSE,,Next day,,PROD-2025-0311,FALSE,,49.2,-5.52,5.52,1.8,51,92.1,12.5
PROD-2025-0377,Aura Solar Powered Gadgets Brush,Eco-Friendly,Solar Powered Gadgets,54304,8362816.0,132.48,150.88,Bol - BFC Site 2,BFC2,8714252028102,"Mechie Trommelenweg 1, 5145 ND Waalwijk",FALSE,FALSE,TRUE,Denmark,,,,3.9,,Cradle to Cradle,FALSE,70.0,70.0,55.0,64.8,44.1,80.0,FALSE,56.7,48.7,Medium,CO2_Footprint_kg; Packaging_Type; Material_Recyclable_Pct,TRUE,"Carries an eco label, but scores below the category average on our independent check.",Standard,,PROD-2025-0803,FALSE,Material circularity,11.8,-100.28,100.28,,45,49.2,26.9
PROD-2025-0378,Sustainable Home Gym Equipment Gloves,Fitness,Home Gym Equipment,54468,8333604.0,126.96,154.56,Bol - BFC Site 1,BFC1,8714252028140,"Mechie Trommelenweg 1, 5145 ND Waalwijk",FALSE,TRUE,TRUE,USA,,Foam + Plastic,7,7.2,31,,,10.0,31.0,85.0,42.5,63.6,100.0,TRUE,76.3,54.9,Medium,CO2_Footprint_kg,FALSE,,Next day,,PROD-2025-0177,FALSE,,25.5,-13.8,13.8,,36,50.0,61.3
PROD-2025-0379,Sustainable Korean Skincare Brush,Beauty & Skincare,Korean Skincare,88743,11891562.0,109.48,137.08,Bol - BFC Site 2,BFC2,8714252028102,"Mechie Trommelenweg 1, 5145 ND Waalwijk",FALSE,FALSE,TRUE,France,1.13,Plastic,3,1.8,18,,,25.0,18.0,55.0,33.4,59.1,100.0,TRUE,73.4,68.6,High,None,FALSE,,Standard,,,FALSE,,62.3,,,,,97.8,60.2
PROD-2025-0380,Glow Digital Planners Course,Digital Goods,Digital Planners,78899,8599991.0,77.28,123.28,Bol - BFC Site 2,BFC2,8714252028102,"Mechie Trommelenweg 1, 5145 ND Waalwijk",FALSE,FALSE,FALSE,USA,0.0,Digital - No Packaging,,,,,,100.0,49.0,55.0,69.0,100.0,100.0,TRUE,100.0,92.2,Medium,Material_Recyclable_Pct; Repairability/Lifespan,FALSE,,Standard,,,FALSE,,45.1,,,,,100.0,100.0
PROD-2025-0381,Organic SaaS Subscriptions Course,Digital Goods,SaaS Subscriptions,39497,1876107.5,40.48,46.92,Bol - BFC Site 2,BFC2,8714252028102,"Mechie Trommelenweg 1, 5145 ND Waalwijk",FALSE,FALSE,FALSE,USA,0.0,Digital - No Packaging,,,,,,100.0,49.0,55.0,69.0,100.0,100.0,TRUE,100.0,92.2,Medium,Material_Recyclable_Pct; Repairability/Lifespan,FALSE,,Standard,,,FALSE,,93.8,,,,,100.0,100.0
PROD-2025-0382,Smart Home Gym Equipment Shorts,Fitness,Home Gym Equipment,79438,4686842.0,48.76,59.8,Bol - BFC XL 2,BFCXL2,8714252028164,"Rietgraaf 10, 6678 PJ Oosterhout",FALSE,TRUE,TRUE,Germany,25.96,Mixed Plastic+Cardboard,4,,27,,,45.0,27.0,100.0,58.8,87.9,100.0,TRUE,92.1,66.0,High,None,FALSE,,Next day,,PROD-2025-0177,FALSE,,87.6,72.68,0.0,8.4,13,80.4,37.5
PROD-2025-0383,Wireless Smart Lighting Organizer,Home & Garden,Smart Lighting,38293,4748332.0,98.44,129.72,Bol - BFC XL 2,BFCXL2,8714252028164,"Rietgraaf 10, 6678 PJ Oosterhout",FALSE,FALSE,TRUE,,,Recyclable Cardboard,,11.9,,,FALSE,70.0,47.5,100.0,73.8,39.2,70.0,TRUE,50.0,55.3,Low,CO2_Footprint_kg; Material_Recyclable_Pct; Country_Of_Origin,FALSE,,Standard,,PROD-2025-0910,FALSE,,47.1,-38.64,38.64,,24,50.0,47.5
PROD-2025-0384,Organic Indoor Plants Accessories Cleaner,Home & Garden,Indoor Plants Accessories,89219,14542697.0,110.4,189.52,Bol - BFC XL 2,BFCXL2,8714252028164,"Rietgraaf 10, 6678 PJ Oosterhout",FALSE,FALSE,TRUE,,172.45,,5,8.2,64,,FALSE,45.0,64.0,100.0,69.9,39.2,50.0,TRUE,43.0,39.2,Medium,Packaging_Type; Country_Of_Origin,FALSE,,Standard,,PROD-2025-0796,FALSE,,4.8,-88.32,88.32,141.1,67,14.9,40.3
PROD-2025-0385,Ergonomic Smart Fitness Trackers Tracker,Fitness,Smart Fitness Trackers,37193,2733685.5,64.4,70.84,Bol - BFC Site 2,BFC2,8714252028102,"Mechie Trommelenweg 1, 5145 ND Waalwijk",FALSE,FALSE,TRUE,USA,,Recyclable Cardboard,3,9.6,59,,FALSE,70.0,59.0,55.0,61.5,63.6,100.0,TRUE,76.3,56.9,Medium,CO2_Footprint_kg,FALSE,,Standard,,PROD-2025-0064,FALSE,,75.9,-9.2,9.2,,25,50.0,50.3
PROD-2025-0386,Aura Home Gym Equipment Mat,Fitness,Home Gym Equipment,25226,4578519.0,138.0,195.96,Bol - BFC XL,BFCXL,8714252028195,"Divisiedok 1, 3439 JM Nieuwegein",FALSE,FALSE,TRUE,,95.24,,,3.8,44,,FALSE,45.0,44.0,100.0,63.9,6.5,50.0,TRUE,21.8,23.4,Medium,Packaging_Type; Country_Of_Origin,FALSE,,Standard,,PROD-2025-0177,FALSE,,0.7,-40.02,40.02,77.7,219,5.9,8.5
PROD-2025-0387,Portable Digital Planners Tool,Digital Goods,Digital Planners,56134,7381621.0,81.88,160.08,Bol - BFC Site 2,BFC2,8714252028102,"Mechie Trommelenweg 1, 5145 ND Waalwijk",FALSE,FALSE,FALSE,USA,0.0,Digital - No Packaging,,,,,,100.0,49.0,55.0,69.0,100.0,100.0,TRUE,100.0,92.2,Medium,Material_Recyclable_Pct; Repairability/Lifespan,FALSE,,Standard,,,FALSE,,34.5,,,,,100.0,100.0
PROD-2025-0388,Portable Athleisure Dress,Fashion,Athleisure,92075,13627100.0,116.84,155.48,Bol - BFC Site 2,BFC2,8714252028102,"Mechie Trommelenweg 1, 5145 ND Waalwijk",FALSE,FALSE,TRUE,Turkey,,Plastic,5,,,,FALSE,25.0,49.5,55.0,42.9,73.0,100.0,TRUE,82.4,53.1,Medium,CO2_Footprint_kg; Material_Recyclable_Pct,FALSE,,Standard,,PROD-2025-0525,FALSE,,31.7,-15.18,15.18,,22,50.0,50.0
PROD-2025-0389,Luxe Organic Pet Food Bowl,Pet,Organic Pet Food,30463,807269.5,9.2,39.56,Bol - BFC Site 2,BFC2,8714252028102,"Mechie Trommelenweg 1, 5145 ND Waalwijk",FALSE,TRUE,TRUE,Germany,,Mixed Plastic+Cardboard,1,,10,,,45.0,10.0,55.0,38.0,64.9,100.0,TRUE,77.2,38.3,Medium,CO2_Footprint_kg,FALSE,,Standard,,PROD-2025-0242,FALSE,,95.1,90.62,0.0,,82,49.3,0.0
PROD-2025-0390,Premium Accessories Belt,Fashion,Accessories,71318,8700796.0,108.56,115.92,Bol - BFC Site 2,BFC2,8714252028102,"Mechie Trommelenweg 1, 5145 ND Waalwijk",TRUE,TRUE,TRUE,Bangladesh,14.22,,5,3.8,33,,FALSE,45.0,33.0,55.0,44.9,20.3,80.0,TRUE,41.2,52.9,High,Packaging_Type,FALSE,,Today,,PROD-2025-0009,FALSE,,43.6,-89.24,89.24,,32,63.3,53.3
PROD-2025-0391,Zen Smart Fitness Trackers Tracker,Fitness,Smart Fitness Trackers,19826,1298603.0,42.32,78.2,Bol - BFC XL,BFCXL,8714252028195,"Divisiedok 1, 3439 JM Nieuwegein",TRUE,TRUE,TRUE,China,83.81,Mixed Plastic+Cardboard,5,6.3,13,,FALSE,45.0,13.0,100.0,54.6,6.5,100.0,TRUE,39.3,38.2,High,None,FALSE,,Next day,,PROD-2025-0064,FALSE,,59.1,-1.84,1.84,68.5,86,20.6,45.7
PROD-2025-0392,Ultra Smart Fitness Trackers Bottle,Fitness,Smart Fitness Trackers,20538,1109052.0,34.04,65.32,Bol - BFC XL,BFCXL,8714252028195,"Divisiedok 1, 3439 JM Nieuwegein",FALSE,FALSE,TRUE,,,,,,,EU Ecolabel,FALSE,45.0,38.5,100.0,62.3,6.5,50.0,FALSE,21.8,48.8,Low,CO2_Footprint_kg; Packaging_Type; Material_Recyclable_Pct; Country_Of_Origin; Repairability/Lifespan,TRUE,"Carries an eco label, but scores below the category average on our independent check.",Standard,,PROD-2025-0064,FALSE,Lifecycle (broad environmental),80.3,8.74,0.0,,46,50.0,50.0
PROD-2025-0393,Zen Solar Powered Gadgets Wrap,Eco-Friendly,Solar Powered Gadgets,49991,6498830.0,94.76,144.44,Bol - BFC XL 2,BFCXL2,8714252028133,"Rietgraaf 10, 6678 PJ Oosterhout",FALSE,TRUE,TRUE,Netherlands,,,7,5.3,,Fair Trade,FALSE,70.0,70.0,100.0,80.5,64.7,80.0,TRUE,70.1,63.0,Medium,CO2_Footprint_kg; Packaging_Type; Material_Recyclable_Pct,FALSE,,Standard,,PROD-2025-0803,FALSE,Social / ethical (not environmental),45.2,-78.2,78.2,,12,49.2,60.6
PROD-2025-0394,Aura E-books Guide,Digital Goods,E-books,99960,9396240.0,77.28,95.68,Bol - BFC Site 2,BFC2,8714252028102,"Mechie Trommelenweg 1, 5145 ND Waalwijk",FALSE,FALSE,FALSE,USA,0.0,Digital - No Packaging,,,,,,100.0,49.0,55.0,69.0,100.0,100.0,TRUE,100.0,92.2,Medium,Material_Recyclable_Pct; Repairability/Lifespan,FALSE,,Standard,,,FALSE,,59.3,,,,,100.0,100.0
PROD-2025-0395,Pure Smart Lighting Vacuum,Home & Garden,Smart Lighting,15396,2956032.0,137.08,216.2,Bol - BFC XL 2,BFCXL2,8714252028164,"Rietgraaf 10, 6678 PJ Oosterhout",FALSE,TRUE,TRUE,Poland,18.99,Mixed Plastic+Cardboard,,15.7,,,FALSE,45.0,47.5,100.0,65.0,39.2,100.0,TRUE,60.5,78.8,High,Material_Recyclable_Pct,FALSE,,Standard,,,FALSE,,39.4,,,,,94.6,81.4
PROD-2025-0396,Wireless Upcycled Fashion Brush,Eco-Friendly,Upcycled Fashion,70970,6919575.0,48.76,130.64,Bol - BFC Site 1,BFC1,8714252028140,"Mechie Trommelenweg 1, 5145 ND Waalwijk",FALSE,TRUE,TRUE,Netherlands,,Biodegradable,,,,,FALSE,90.0,70.0,85.0,82.2,64.7,100.0,TRUE,77.1,61.9,Low,CO2_Footprint_kg; Material_Recyclable_Pct; Repairability/Lifespan,FALSE,,Next day,,PROD-2025-0250,FALSE,,61.3,46.0,0.0,,17,49.2,50.0
PROD-2025-0397,Smart Baby Safety Gear Pacifier,Baby,Baby Safety Gear,196756,27742596.0,119.6,139.84,Bol - BFC Site 1,BFC1,8714252028140,"Mechie Trommelenweg 1, 5145 ND Waalwijk",FALSE,TRUE,TRUE,Netherlands,10.97,,5,,65,,FALSE,45.0,65.0,85.0,65.0,71.6,80.0,TRUE,74.6,66.2,High,Packaging_Type,FALSE,,Standard,,PROD-2025-0239,TRUE,,45.6,-26.68,26.68,8.0,19,75.0,50.0
PROD-2025-0398,Vital Pet Apparel Collar,Pet,Pet Apparel,68123,6131070.0,47.84,117.76,Bol - BFC Site 2,BFC2,8714252028102,"Mechie Trommelenweg 1, 5145 ND Waalwijk",FALSE,FALSE,TRUE,China,,Recyclable Cardboard,1,,,,,70.0,44.0,55.0,57.0,0.0,100.0,TRUE,35.0,36.7,Medium,CO2_Footprint_kg; Material_Recyclable_Pct,FALSE,,Standard,,PROD-2025-0165,FALSE,,34.0,-47.84,47.84,,77,49.3,0.0
PROD-2025-0399,Swift Baby Safety Gear Bib,Baby,Baby Safety Gear,108389,4660727.0,35.88,43.24,Bol - Ingram Micro,INGRAM,8712423020603,"Veerweg 16, 5145 NS Waalwijk",FALSE,TRUE,TRUE,,9.78,,4,4.8,55,,FALSE,45.0,55.0,30.0,42.8,48.6,50.0,TRUE,49.1,61.9,Medium,Packaging_Type; Country_Of_Origin,FALSE,,Standard,,PROD-2025-0239,FALSE,,93.9,63.48,0.0,6.8,27,77.3,67.3
PROD-2025-0400,Ergonomic Smart Baby Monitors Bib,Baby,Smart Baby Monitors,22863,605869.5,16.56,32.2,Bol - BFC XL 2,BFCXL2,8714252028133,"Rietgraaf 10, 6678 PJ Oosterhout",FALSE,TRUE,TRUE,,12.35,Plastic,4,1.4,61,,FALSE,25.0,61.0,100.0,62.0,48.6,70.0,TRUE,56.1,54.7,High,Country_Of_Origin,FALSE,,Next day,,PROD-2025-0352,TRUE,,97.4,27.14,0.0,4.9,18,69.3,26.0
PROD-2025-0401,Glow Portable Audio Earbuds,Electronics,Portable Audio,71156,6083838.0,57.96,99.36,Bol - BFC Site 2,BFC2,8714252028102,"Mechie Trommelenweg 1, 5145 ND Waalwijk",FALSE,FALSE,TRUE,Japan,48.76,Foam + Plastic,5,,53,,FALSE,10.0,53.0,55.0,38.6,9.9,100.0,TRUE,41.4,58.1,High,None,FALSE,,Standard,,,TRUE,,62.2,,,,,85.0,50.0
PROD-2025-0402,Eco Digital Planners Course,Digital Goods,Digital Planners,91608,8748564.0,70.84,104.88,Bol - BFC Site 1,BFC1,8714252028140,"Mechie Trommelenweg 1, 5145 ND Waalwijk",FALSE,FALSE,FALSE,Germany,0.0,Digital - No Packaging,,,,Energy Star,,100.0,49.0,85.0,79.5,100.0,100.0,TRUE,100.0,94.9,High,Material_Recyclable_Pct; Repairability/Lifespan,FALSE,,Standard,,,TRUE,Energy efficiency,61.1,,,,,100.0,100.0
PROD-2025-0403,Smart Kitchen Gadgets Organizer,Home & Garden,Kitchen Gadgets,471850,80922275.0,116.84,198.72,Bol - BFC Site 1,BFC1,8714252028140,"Mechie Trommelenweg 1, 5145 ND Waalwijk",FALSE,TRUE,TRUE,,168.57,Mixed Plastic+Cardboard,2,7.3,,,,45.0,47.5,85.0,59.8,39.2,70.0,TRUE,50.0,32.3,Medium,Material_Recyclable_Pct; Country_Of_Origin,FALSE,,Standard,,PROD-2025-0304,FALSE,,1.0,-3.68,3.68,145.5,101,17.6,14.7
PROD-2025-0404,Nano Menswear Sunglasses,Fashion,Menswear,55100,4049850.0,25.76,109.48,Bol - BFC Site 2,BFC2,8714252028102,"Mechie Trommelenweg 1, 5145 ND Waalwijk",FALSE,TRUE,TRUE,China,,Mixed Plastic+Cardboard,5,3.3,38,,FALSE,45.0,38.0,55.0,46.4,0.0,100.0,TRUE,35.0,45.8,Medium,CO2_Footprint_kg,FALSE,,Next day,,PROD-2025-0156,FALSE,,71.3,20.24,0.0,,44,50.0,45.8
PROD-2025-0405,Ergonomic Pet Grooming Tools Leash,Pet,Pet Grooming Tools,62495,4655877.5,54.28,82.8,Bol - BFC Site 2,BFC2,8714252028102,"Mechie Trommelenweg 1, 5145 ND Waalwijk",FALSE,FALSE,TRUE,,,Minimal Packaging,,,,,FALSE,80.0,44.0,55.0,60.5,40.5,70.0,TRUE,50.9,52.5,Low,CO2_Footprint_kg; Material_Recyclable_Pct; Country_Of_Origin; Repairability/Lifespan,FALSE,,Standard,,PROD-2025-0497,FALSE,,70.9,-15.18,15.18,,39,49.3,50.0
PROD-2025-0406,Smart Educational Toys Bottle,Baby,Educational Toys,331126,8443713.0,19.32,27.6,Bol - BFC Site 1,BFC1,8714252028140,"Mechie Trommelenweg 1, 5145 ND Waalwijk",FALSE,FALSE,TRUE,USA,,,5,,,,FALSE,45.0,55.5,85.0,62.1,24.3,80.0,TRUE,43.8,52.1,Low,CO2_Footprint_kg; Packaging_Type; Material_Recyclable_Pct,FALSE,,Standard,,PROD-2025-0285,FALSE,,96.5,51.98,0.0,,26,50.0,50.0
PROD-2025-0407,Minimalist Eco-friendly Diapers Stroller,Baby,Eco-friendly Diapers,20243,1811748.5,56.12,108.56,Bol - BFC Site 1,BFC1,8714252028140,"Mechie Trommelenweg 1, 5145 ND Waalwijk",FALSE,TRUE,TRUE,,,Biodegradable,2,,,,,90.0,55.5,85.0,77.9,48.6,70.0,TRUE,56.1,48.5,Low,CO2_Footprint_kg; Material_Recyclable_Pct; Country_Of_Origin,FALSE,,Standard,,PROD-2025-0190,FALSE,,54.4,-52.9,52.9,,30,50.0,12.5
PROD-2025-0408,Zen Sustainable Apparel Dress,Fashion,Sustainable Apparel,26827,1542552.5,43.24,62.56,Bol - BFC XL,BFCXL,8714252028195,"Divisiedok 1, 3439 JM Nieuwegein",FALSE,FALSE,TRUE,China,38.55,,1,,,,FALSE,45.0,49.5,100.0,65.6,0.0,80.0,TRUE,28.0,25.8,High,Packaging_Type; Material_Recyclable_Pct,FALSE,,Standard,,PROD-2025-0810,FALSE,,45.5,-9.2,9.2,25.1,154,15.0,0.0
PROD-2025-0409,Pro Solar Powered Gadgets Straws,Eco-Friendly,Solar Powered Gadgets,62536,10130832.0,126.04,172.04,Bol - BFC Site 1,BFC1,8714252028140,"Mechie Trommelenweg 1, 5145 ND Waalwijk",FALSE,FALSE,TRUE,USA,,Biodegradable,,,84,,,90.0,84.0,85.0,86.4,0.0,100.0,FALSE,35.0,56.6,Low,CO2_Footprint_kg; Repairability/Lifespan,TRUE,"Carries an eco label, but scores below the category average on our independent check.",Standard,,PROD-2025-0803,FALSE,,24.7,-107.64,107.64,,25,49.2,50.0
PROD-2025-0410,Vital Baby Safety Gear Bottle,Baby,Baby Safety Gear,97963,11755560.0,89.24,131.56,Bol - Ingram Micro,INGRAM,8712423020603,"Veerweg 16, 5145 NS Waalwijk",FALSE,FALSE,TRUE,,23.21,,,3.1,,,TRUE,45.0,56.0,30.0,43.0,48.6,25.0,FALSE,40.4,38.9,Medium,Packaging_Type; Material_Recyclable_Pct; Country_Of_Origin,TRUE,"Carbon-neutral certified, but CO2 is in the top 25% for its category.",Standard,,PROD-2025-0239,FALSE,,20.2,-7.36,7.36,20.2,103,22.7,56.5
PROD-2025-0411,Pure Sustainable Apparel Scarf,Fashion,Sustainable Apparel,99605,11753390.0,66.24,150.88,Bol - BFC Site 2,BFC2,8714252028102,"Mechie Trommelenweg 1, 5145 ND Waalwijk",FALSE,FALSE,TRUE,Bangladesh,11.68,Recyclable Cardboard,3,2.4,,,FALSE,70.0,49.5,55.0,58.6,20.3,100.0,TRUE,48.2,55.2,High,Material_Recyclable_Pct,FALSE,,Standard,,PROD-2025-0810,FALSE,,49.5,-64.86,64.86,,19,78.3,23.8
PROD-2025-0412,Wireless Organic Pet Food Leash,Pet,Organic Pet Food,63944,5754960.0,79.12,86.48,Bol - Ingram Micro,INGRAM,8712423020603,"Veerweg 16, 5145 NS Waalwijk",FALSE,TRUE,TRUE,,,Foam + Plastic,1,4.7,65,,FALSE,10.0,65.0,30.0,33.5,40.5,70.0,TRUE,50.9,44.4,Medium,CO2_Footprint_kg; Country_Of_Origin,FALSE,,Next day,,PROD-2025-0192,FALSE,,52.4,-17.02,17.02,,26,49.3,44.6
PROD-2025-0413,Ergonomic Reusable Packaging Utensils,Eco-Friendly,Reusable Packaging,79967,6477327.0,35.88,113.16,Bol - BFC XL 2,BFCXL2,8714252028133,"Rietgraaf 10, 6678 PJ Oosterhout",FALSE,TRUE,TRUE,Netherlands,,,3,6.2,63,EU Ecolabel,FALSE,70.0,63.0,100.0,78.4,64.7,80.0,TRUE,70.1,57.2,Medium,CO2_Footprint_kg; Packaging_Type,FALSE,,Standard,,PROD-2025-0183,FALSE,Lifecycle (broad environmental),69.9,-17.02,17.02,,10,49.2,39.4
PROD-2025-0414,Pure SaaS Subscriptions Guide,Digital Goods,SaaS Subscriptions,147520,22791840.0,111.32,172.96,Bol - BFC Site 1,BFC1,8714252028140,"Mechie Trommelenweg 1, 5145 ND Waalwijk",FALSE,FALSE,FALSE,USA,0.0,Digital - No Packaging,,,,,,100.0,49.0,85.0,79.5,100.0,100.0,TRUE,100.0,94.9,Medium,Material_Recyclable_Pct; Repairability/Lifespan,FALSE,,Standard,,,FALSE,,18.6,,,,,100.0,100.0
PROD-2025-0415,Minimalist SaaS Subscriptions Guide,Digital Goods,SaaS Subscriptions,440675,44728512.5,57.04,129.72,Bol - BFC Site 2,BFC2,8714252028102,"Mechie Trommelenweg 1, 5145 ND Waalwijk",FALSE,FALSE,FALSE,UK,0.0,Digital - No Packaging,,,,,,100.0,49.0,55.0,69.0,100.0,100.0,TRUE,100.0,92.2,Medium,Material_Recyclable_Pct; Repairability/Lifespan,FALSE,,Standard,,,FALSE,,52.2,,,,,100.0,100.0
PROD-2025-0416,Portable Wearable Tech Adapter,Electronics,Wearable Tech,88639,12453779.5,120.52,138.0,Bol - Ingram Micro,INGRAM,8712423020603,"Veerweg 16, 5145 NS Waalwijk",FALSE,TRUE,TRUE,China,130.54,,8,3.0,,,FALSE,45.0,43.5,30.0,39.3,35.8,80.0,TRUE,51.3,50.6,High,Packaging_Type; Material_Recyclable_Pct,FALSE,,Next day,,PROD-2025-0713,FALSE,,20.7,-71.76,71.76,100.6,51,60.0,48.4
PROD-2025-0417,Eco Baby Safety Gear Bottle,Baby,Baby Safety Gear,70047,10156815.0,122.36,144.44,Bol - BFC Site 1,BFC1,8714252028140,"Mechie Trommelenweg 1, 5145 ND Waalwijk",FALSE,TRUE,TRUE,,13.32,Plastic,6,3.4,56,,FALSE,25.0,56.0,85.0,55.3,48.6,70.0,TRUE,56.1,61.3,High,Country_Of_Origin,FALSE,,Standard,,PROD-2025-0239,TRUE,,38.6,-30.36,30.36,10.3,29,65.9,63.9
PROD-2025-0418,Nano Menswear Bag,Fashion,Menswear,31951,2987418.5,40.48,131.56,Bol - BFC XL 2,BFCXL2,8714252028133,"Rietgraaf 10, 6678 PJ Oosterhout",FALSE,TRUE,TRUE,Bangladesh,13.85,Recyclable Cardboard,1,1.1,,,FALSE,70.0,49.5,100.0,74.3,20.3,100.0,TRUE,48.2,50.2,High,Material_Recyclable_Pct,FALSE,,Next day,,PROD-2025-0156,FALSE,,63.4,1.84,0.0,5.4,31,68.3,1.9
PROD-2025-0419,Flex Digital Planners Masterclass,Digital Goods,Digital Planners,33278,1613983.0,24.84,64.4,Bol - BFC Site 2,BFC2,8714252028102,"Mechie Trommelenweg 1, 5145 ND Waalwijk",FALSE,FALSE,FALSE,Netherlands,0.0,Digital - No Packaging,,,,,,100.0,49.0,55.0,69.0,100.0,100.0,TRUE,100.0,92.2,Medium,Material_Recyclable_Pct; Repairability/Lifespan,FALSE,,Standard,,,FALSE,,92.0,,,,,100.0,100.0
PROD-2025-0420,Vital Eco-friendly Diapers Swaddle,Baby,Eco-friendly Diapers,82886,13386089.0,109.48,187.68,Bol - BFC Site 2,BFC2,8714252028102,"Mechie Trommelenweg 1, 5145 ND Waalwijk",FALSE,TRUE,TRUE,China,17.13,,4,1.5,53,,,45.0,53.0,55.0,50.9,0.0,80.0,TRUE,28.0,39.9,High,Packaging_Type,FALSE,,Next day,,PROD-2025-0244,TRUE,,7.0,-11.5,11.5,9.5,89,45.5,28.2
PROD-2025-0421,Ultra Sustainable Apparel Leggings,Fashion,Sustainable Apparel,33366,4237482.0,91.08,142.6,Bol - BFC Site 1,BFC1,8714252028140,"Mechie Trommelenweg 1, 5145 ND Waalwijk",FALSE,FALSE,TRUE,Bangladesh,17.69,Biodegradable,4,3.7,65,Cradle to Cradle,,90.0,65.0,85.0,80.8,20.3,100.0,TRUE,48.2,57.6,High,None,FALSE,,Standard,,,TRUE,Material circularity,47.5,,,,,53.3,46.1
PROD-2025-0422,Wireless Smart Home Devices Power Bank,Electronics,Smart Home Devices,42851,4006568.5,55.2,116.84,Bol - Ingram Micro,INGRAM,8712423020603,"Veerweg 16, 5145 NS Waalwijk",FALSE,TRUE,TRUE,Japan,,,4,4.8,8,,FALSE,45.0,8.0,30.0,28.6,9.9,80.0,TRUE,34.4,38.5,Medium,CO2_Footprint_kg; Packaging_Type,FALSE,,Next day,,PROD-2025-0255,FALSE,,27.9,-15.18,15.18,,91,50.0,34.8
PROD-2025-0423,Swift Smart Lighting Organizer,Home & Garden,Smart Lighting,55922,7577431.0,92.92,156.4,Bol - BFC XL 2,BFCXL2,8714252028164,"Rietgraaf 10, 6678 PJ Oosterhout",FALSE,TRUE,TRUE,,,Recyclable Cardboard,8,,,,FALSE,70.0,47.5,100.0,73.8,39.2,70.0,TRUE,50.0,65.3,Low,CO2_Footprint_kg; Material_Recyclable_Pct; Country_Of_Origin,FALSE,,Standard,,PROD-2025-0395,FALSE,,53.8,51.98,0.0,,21,50.0,87.5
PROD-2025-0424,Flex Eco-friendly Cleaning Mug,Home & Garden,Eco-friendly Cleaning,38205,1394482.5,30.36,36.8,Bol - BFC XL 2,BFCXL2,8714252028164,"Rietgraaf 10, 6678 PJ Oosterhout",FALSE,FALSE,TRUE,Germany,197.3,Plastic,8,15.4,,,FALSE,25.0,47.5,100.0,58.0,51.4,100.0,TRUE,68.4,45.2,High,Material_Recyclable_Pct,FALSE,,Standard,,PROD-2025-0454,FALSE,,87.5,-1.38,1.38,119.1,34,0.0,81.9
PROD-2025-0425,Ultra Smart Home Devices Projector,Electronics,Smart Home Devices,70414,5105015.0,46.92,86.48,Bol - Ingram Micro,INGRAM,8712423020603,"Veerweg 16, 5145 NS Waalwijk",FALSE,FALSE,TRUE,,243.92,,4,,,,FALSE,45.0,44.5,30.0,39.6,35.8,50.0,TRUE,40.8,26.3,Medium,Packaging_Type; Material_Recyclable_Pct; Country_Of_Origin,FALSE,,Standard,,PROD-2025-0315,FALSE,,21.6,-26.22,26.22,208.9,163,2.5,37.5
PROD-2025-0426,Aura Digital Planners App,Digital Goods,Digital Planners,21908,2092214.0,62.56,113.16,Bol - Ingram Micro,INGRAM,8712423020603,"Veerweg 16, 5145 NS Waalwijk",FALSE,FALSE,FALSE,USA,0.0,Digital - No Packaging,,,,,,100.0,49.0,30.0,60.2,100.0,100.0,TRUE,100.0,90.0,Medium,Material_Recyclable_Pct; Repairability/Lifespan,FALSE,,Standard,,,FALSE,,55.8,,,,,100.0,100.0
PROD-2025-0427,Luxe Home Office Decor Mug,Home & Garden,Home Office Decor,304449,31510471.5,69.92,120.52,Bol - BFC Site 1,BFC1,8714252028140,"Mechie Trommelenweg 1, 5145 ND Waalwijk",FALSE,TRUE,TRUE,,133.79,Minimal Packaging,6,,,,FALSE,80.0,47.5,85.0,72.0,39.2,70.0,TRUE,50.0,54.8,Medium,Material_Recyclable_Pct; Country_Of_Origin,FALSE,,Standard,,PROD-2025-0749,FALSE,,62.5,27.6,0.0,75.8,14,39.2,62.5
PROD-2025-0428,Ultra Smart Lighting Planter,Home & Garden,Smart Lighting,144567,19805679.0,84.64,167.44,Bol - BFC XL,BFCXL,8714252028195,"Divisiedok 1, 3439 JM Nieuwegein",FALSE,TRUE,TRUE,China,135.55,Foam + Plastic,,17.1,60,,,10.0,60.0,100.0,56.5,0.0,100.0,TRUE,35.0,55.1,High,None,FALSE,,Next day,,PROD-2025-0146,TRUE,,37.5,-95.22,95.22,109.3,19,37.8,89.8
PROD-2025-0429,Pro Hair Care Tools Lotion,Beauty & Skincare,Hair Care Tools,16965,1391130.0,31.28,119.6,Bol - BFC Site 1,BFC1,8714252028140,"Mechie Trommelenweg 1, 5145 ND Waalwijk",FALSE,TRUE,TRUE,Germany,6.45,Foam + Plastic,4,,,,FALSE,10.0,52.5,85.0,49.0,86.0,100.0,TRUE,90.9,56.9,High,Material_Recyclable_Pct,FALSE,,Standard,,PROD-2025-0241,FALSE,,77.0,-14.72,14.72,2.3,21,61.8,37.5
PROD-2025-0430,Pure Baby Safety Gear Bib,Baby,Baby Safety Gear,69682,4564171.0,30.36,90.16,Bol - BFC Site 1,BFC1,8714252028140,"Mechie Trommelenweg 1, 5145 ND Waalwijk",FALSE,TRUE,TRUE,Germany,29.76,Foam + Plastic,,,,,FALSE,10.0,56.0,85.0,50.0,48.6,100.0,TRUE,66.6,36.6,Medium,Material_Recyclable_Pct; Repairability/Lifespan,FALSE,,Next day,,PROD-2025-0464,FALSE,,56.1,-1.38,1.38,24.1,90,0.0,56.5
PROD-2025-0431,Vital Yoga Gear Mat,Fitness,Yoga Gear,60389,4740536.5,60.72,83.72,Bol - Ingram Micro,INGRAM,8712423020603,"Veerweg 16, 5145 NS Waalwijk",FALSE,FALSE,TRUE,,34.82,Recyclable Cardboard,5,11.0,,,FALSE,70.0,52.0,30.0,50.6,6.5,70.0,TRUE,28.8,58.9,Medium,Material_Recyclable_Pct; Country_Of_Origin,FALSE,,Standard,,PROD-2025-0233,FALSE,,73.7,-21.16,21.16,20.0,32,70.6,68.9
PROD-2025-0432,Ultra Smart Home Devices Stand,Electronics,Smart Home Devices,80403,5145792.0,25.76,92.0,Bol - BFC Site 1,BFC1,8714252028140,"Mechie Trommelenweg 1, 5145 ND Waalwijk",FALSE,FALSE,TRUE,Japan,131.67,,9,4.6,54,,FALSE,45.0,54.0,85.0,61.7,9.9,80.0,TRUE,34.4,56.6,High,Packaging_Type,FALSE,,Standard,,PROD-2025-0315,TRUE,,74.8,-18.4,18.4,96.7,22,56.2,65.3
PROD-2025-0433,Premium Fragrances Oil,Beauty & Skincare,Fragrances,42409,2926221.0,54.28,72.68,Bol - BFC Site 1,BFC1,8714252028140,"Mechie Trommelenweg 1, 5145 ND Waalwijk",FALSE,TRUE,TRUE,China,,Mixed Plastic+Cardboard,,1.1,,,FALSE,45.0,52.5,85.0,61.2,23.7,100.0,TRUE,50.4,55.3,Medium,CO2_Footprint_kg; Material_Recyclable_Pct,FALSE,,Standard,,PROD-2025-0593,FALSE,,81.1,-23.92,23.92,,21,49.4,60.6
PROD-2025-0434,Luxe Athleisure Jacket,Fashion,Athleisure,31328,5560720.0,118.68,207.92,Bol - BFC Site 2,BFC2,8714252028102,"Mechie Trommelenweg 1, 5145 ND Waalwijk",FALSE,TRUE,TRUE,Portugal,,Biodegradable,,3.7,,,FALSE,90.0,49.5,55.0,65.6,82.4,100.0,TRUE,88.6,60.9,Medium,CO2_Footprint_kg; Material_Recyclable_Pct,FALSE,,Next day,,,FALSE,,26.7,,,,,50.0,54.7
PROD-2025-0435,Nano Digital Planners App,Digital Goods,Digital Planners,75687,10936771.5,123.28,142.6,Bol - BFC XL,BFCXL,8714252028195,"Divisiedok 1, 3439 JM Nieuwegein",FALSE,FALSE,FALSE,Netherlands,0.0,Digital - No Packaging,,,,,,100.0,49.0,100.0,84.7,100.0,100.0,TRUE,100.0,96.2,Medium,Material_Recyclable_Pct; Repairability/Lifespan,FALSE,,Standard,,,FALSE,,29.2,,,,,100.0,100.0
PROD-2025-0436,Ultra Eco-friendly Cleaning Shelf,Home & Garden,Eco-friendly Cleaning,431441,20924888.5,17.48,71.76,Bol - BFC XL,BFCXL,8714252028195,"Divisiedok 1, 3439 JM Nieuwegein",TRUE,TRUE,TRUE,Poland,67.17,Biodegradable,,7.4,,,FALSE,90.0,47.5,100.0,80.8,39.2,100.0,TRUE,60.5,59.5,High,Material_Recyclable_Pct,FALSE,,Next day,,PROD-2025-0052,FALSE,,86.5,6.9,0.0,14.5,17,73.0,18.6
PROD-2025-0437,Eco Eco-friendly Cleaning Desk,Home & Garden,Eco-friendly Cleaning,43372,4272142.0,69.0,112.24,Bol - BFC XL 2,BFCXL2,8714252028164,"Rietgraaf 10, 6678 PJ Oosterhout",FALSE,TRUE,TRUE,Netherlands,186.03,Plastic,2,15.5,50,,FALSE,25.0,50.0,100.0,58.8,81.1,100.0,TRUE,87.7,42.2,High,None,FALSE,,Standard,,PROD-2025-0052,TRUE,,44.2,-39.1,39.1,133.3,65,8.1,46.1
PROD-2025-0438,Ultra Interactive Pet Toys Bed,Pet,Interactive Pet Toys,69094,10156818.0,111.32,159.16,Bol - BFC Site 1,BFC1,8714252028140,"Mechie Trommelenweg 1, 5145 ND Waalwijk",FALSE,FALSE,TRUE,China,13.18,,,,19,,FALSE,45.0,19.0,85.0,51.2,0.0,80.0,TRUE,28.0,43.9,Medium,Packaging_Type; Repairability/Lifespan,FALSE,,Standard,,PROD-2025-0370,FALSE,,14.6,-69.0,69.0,10.8,43,41.1,50.0
PROD-2025-0439,Sustainable Smart Fitness Trackers Bench,Fitness,Smart Fitness Trackers,78314,2545205.0,25.76,34.04,Bol - BFC XL 2,BFCXL2,8714252028164,"Rietgraaf 10, 6678 PJ Oosterhout",FALSE,FALSE,TRUE,Taiwan,50.44,Plastic,5,4.8,,,FALSE,25.0,38.5,100.0,55.3,0.0,100.0,TRUE,35.0,48.1,High,Material_Recyclable_Pct,FALSE,,Standard,,PROD-2025-0064,FALSE,,96.4,28.52,0.0,35.1,48,56.9,36.6
PROD-2025-0440,Aura E-books Guide,Digital Goods,E-books,16616,2799796.0,125.12,184.92,Bol - BFC Site 2,BFC2,8714252028102,"Mechie Trommelenweg 1, 5145 ND Waalwijk",FALSE,FALSE,FALSE,,0.0,Digital - No Packaging,,,,,,100.0,49.0,55.0,69.0,100.0,70.0,TRUE,89.5,90.7,Medium,Material_Recyclable_Pct; Country_Of_Origin; Repairability/Lifespan,FALSE,,Standard,,,FALSE,,8.0,,,,,100.0,100.0
PROD-2025-0441,Swift Activewear Dumbbell,Fitness,Activewear,48660,2943930.0,37.72,73.6,Bol - BFC XL,BFCXL,8714252028195,"Divisiedok 1, 3439 JM Nieuwegein",FALSE,FALSE,TRUE,China,21.03,Plastic,,,,Energy Star,FALSE,25.0,51.5,100.0,59.2,6.5,100.0,FALSE,39.3,66.9,High,Material_Recyclable_Pct; Repairability/Lifespan,TRUE,"Eco claim, but packaged in Plastic.",Standard,,PROD-2025-0145,FALSE,Energy efficiency,86.1,-8.74,8.74,10.9,32,83.3,68.3
PROD-2025-0442,Pro Kitchen Gadgets Diffuser,Home & Garden,Kitchen Gadgets,76398,5118666.0,49.68,73.6,Bol - BFC XL 2,BFCXL2,8714252028164,"Rietgraaf 10, 6678 PJ Oosterhout",FALSE,FALSE,TRUE,,46.2,Biodegradable,,7.0,32,,FALSE,90.0,32.0,100.0,76.1,39.2,70.0,TRUE,50.0,59.2,High,Country_Of_Origin,FALSE,,Standard,,,FALSE,,79.8,,,,,83.8,13.6
PROD-2025-0443,Ergonomic Pet Apparel Leash,Pet,Pet Apparel,414614,69862459.0,112.24,197.8,Bol - BFC Site 1,BFC1,8714252028140,"Mechie Trommelenweg 1, 5145 ND Waalwijk",FALSE,TRUE,TRUE,USA,8.02,Mixed Plastic+Cardboard,,,,,FALSE,45.0,44.0,85.0,58.7,40.5,100.0,TRUE,61.4,58.4,Medium,Material_Recyclable_Pct; Repairability/Lifespan,FALSE,,Standard,,PROD-2025-0165,FALSE,,23.3,-120.06,120.06,0.9,11,63.0,50.0
PROD-2025-0444,Ergonomic Accessories Sneakers,Fashion,Accessories,91481,13584928.5,105.8,167.44,Bol - BFC Site 2,BFC2,8714252028102,"Mechie Trommelenweg 1, 5145 ND Waalwijk",FALSE,TRUE,TRUE,,14.04,Foam + Plastic,5,4.2,,,FALSE,10.0,49.5,55.0,37.6,20.3,70.0,TRUE,37.7,53.2,Medium,Material_Recyclable_Pct; Country_Of_Origin,FALSE,,Next day,,PROD-2025-0318,FALSE,,31.7,-93.84,93.84,7.0,23,65.0,61.8
PROD-2025-0445,Flex Footwear Hoodie,Fashion,Footwear,13886,687357.0,27.6,63.48,Bol - BFC Site 1,BFC1,8714252028140,"Mechie Trommelenweg 1, 5145 ND Waalwijk",FALSE,TRUE,TRUE,,,Plastic,1,,23,,FALSE,25.0,23.0,85.0,45.4,20.3,70.0,TRUE,37.7,34.5,Medium,CO2_Footprint_kg; Country_Of_Origin,FALSE,,Standard,,PROD-2025-0643,FALSE,,74.3,-6.44,6.44,,101,50.0,0.0
PROD-2025-0446,Wireless E-books Asset,Digital Goods,E-books,38203,6303495.0,108.56,195.04,Bol - BFC Site 1,BFC1,8714252028140,"Mechie Trommelenweg 1, 5145 ND Waalwijk",FALSE,FALSE,FALSE,USA,0.0,Digital - No Packaging,,,,,,100.0,49.0,85.0,79.5,100.0,100.0,TRUE,100.0,94.9,Medium,Material_Recyclable_Pct; Repairability/Lifespan,FALSE,,Standard,,,FALSE,,12.4,,,,,100.0,100.0
PROD-2025-0447,Ultra Activewear Mat,Fitness,Activewear,63536,3430944.0,16.56,82.8,Bol - BFC XL,BFCXL,8714252028195,"Divisiedok 1, 3439 JM Nieuwegein",FALSE,TRUE,TRUE,Germany,46.4,Biodegradable,4,11.3,61,,,90.0,61.0,100.0,84.8,87.9,100.0,TRUE,92.1,72.4,High,None,FALSE,,Standard,,PROD-2025-0145,TRUE,,92.7,-2.76,2.76,36.3,22,60.8,64.5
PROD-2025-0448,Wireless Stock Media Course,Digital Goods,Stock Media,89440,2549040.0,13.8,38.64,Bol - BFC Site 1,BFC1,8714252028140,"Mechie Trommelenweg 1, 5145 ND Waalwijk",FALSE,FALSE,FALSE,,0.0,Digital - No Packaging,,,,,,100.0,49.0,85.0,79.5,100.0,70.0,TRUE,89.5,93.3,Medium,Material_Recyclable_Pct; Country_Of_Origin; Repairability/Lifespan,FALSE,,Standard,,,FALSE,,99.1,,,,,100.0,100.0
PROD-2025-0449,Glow Digital Planners Masterclass,Digital Goods,Digital Planners,64133,8657955.0,92.92,155.48,Bol - BFC Site 2,BFC2,8714252028102,"Mechie Trommelenweg 1, 5145 ND Waalwijk",FALSE,FALSE,FALSE,UK,0.0,Digital - No Packaging,,,,EU Ecolabel,,100.0,49.0,55.0,69.0,100.0,100.0,TRUE,100.0,92.2,High,Material_Recyclable_Pct; Repairability/Lifespan,FALSE,,Standard,,,TRUE,Lifecycle (broad environmental),31.0,,,,,100.0,100.0
PROD-2025-0450,Smart Charging Solutions Stand,Electronics,Charging Solutions,43571,3703535.0,69.0,87.4,Bol - Ingram Micro,INGRAM,8712423020603,"Veerweg 16, 5145 NS Waalwijk",FALSE,TRUE,TRUE,Japan,44.06,,4,8.0,77,,FALSE,45.0,77.0,30.0,49.3,9.9,80.0,TRUE,34.4,62.3,High,Packaging_Type,FALSE,,Next day,,PROD-2025-0695,TRUE,,64.0,85.1,0.0,0.6,22,88.8,54.8
PROD-2025-0451,Glow Charging Solutions Power Bank,Electronics,Charging Solutions,27408,4124904.0,112.24,164.68,Bol - BFC Site 1,BFC1,8714252028140,"Mechie Trommelenweg 1, 5145 ND Waalwijk",FALSE,TRUE,TRUE,,174.07,Recyclable Cardboard,8,,,Energy Star,TRUE,70.0,43.5,85.0,67.3,35.8,45.0,FALSE,39.0,58.6,High,Material_Recyclable_Pct; Country_Of_Origin,TRUE,"Marketed as eco, but shipped from far away with an above-average footprint.",Standard,,PROD-2025-0124,FALSE,Energy efficiency,25.2,-47.84,47.84,82.0,10,40.0,87.5
PROD-2025-0452,Eco Solar Powered Gadgets Kit,Eco-Friendly,Solar Powered Gadgets,37621,6696538.0,122.36,205.16,Bol - BFC Site 2,BFC2,8714252028102,"Mechie Trommelenweg 1, 5145 ND Waalwijk",FALSE,FALSE,TRUE,Sweden,116.01,Minimal Packaging,7,,91,,,80.0,91.0,55.0,74.5,30.9,100.0,FALSE,55.1,46.7,High,None,TRUE,"Carries an eco label, but scores below the category average on our independent check.",Standard,,PROD-2025-0112,FALSE,,4.3,-56.58,56.58,103.8,34,3.1,75.0
PROD-2025-0453,Smart Wearable Tech Case,Electronics,Wearable Tech,82984,8505860.0,56.12,132.48,Bol - Ingram Micro,INGRAM,8712423020603,"Veerweg 16, 5145 NS Waalwijk",FALSE,TRUE,TRUE,China,218.4,,4,,,,,45.0,43.5,30.0,39.3,35.8,80.0,TRUE,51.3,33.5,High,Packaging_Type; Material_Recyclable_Pct,FALSE,,Standard,,PROD-2025-0713,FALSE,,15.3,-36.8,36.8,188.5,128,18.8,37.5
PROD-2025-0454,Vital Eco-friendly Cleaning Mug,Home & Garden,Eco-friendly Cleaning,274369,9602915.0,21.16,43.24,Bol - BFC Site 2,BFC2,8714252028102,"Mechie Trommelenweg 1, 5145 ND Waalwijk",FALSE,TRUE,TRUE,Poland,78.22,,3,18.3,77,Fair Trade,FALSE,45.0,77.0,55.0,58.1,39.2,80.0,TRUE,53.5,60.7,High,Packaging_Type,FALSE,,Next day,,PROD-2025-0052,TRUE,Social / ethical (not environmental),96.2,19.32,0.0,25.5,15,66.2,60.0
PROD-2025-0455,Sustainable Pet Grooming Tools Toy,Pet,Pet Grooming Tools,80207,7018112.5,77.28,83.72,Bol - BFC Site 1,BFC1,8714252028140,"Mechie Trommelenweg 1, 5145 ND Waalwijk",FALSE,TRUE,TRUE,Netherlands,13.3,Foam + Plastic,5,,15,,,10.0,15.0,85.0,37.8,82.4,100.0,TRUE,88.6,49.1,High,None,FALSE,,Standard,,PROD-2025-0497,FALSE,,58.3,-27.14,27.14,11.1,49,39.7,50.0
PROD-2025-0456,Aura Interactive Pet Toys Carrier,Pet,Interactive Pet Toys,26453,859722.5,23.0,36.8,Bol - BFC Site 1,BFC1,8714252028140,"Mechie Trommelenweg 1, 5145 ND Waalwijk",FALSE,FALSE,TRUE,China,,,,,,,FALSE,45.0,44.0,85.0,58.7,0.0,80.0,TRUE,28.0,48.6,Low,CO2_Footprint_kg; Packaging_Type; Material_Recyclable_Pct; Repairability/Lifespan,FALSE,,Standard,,PROD-2025-0712,FALSE,,97.1,124.66,0.0,,54,49.3,50.0
PROD-2025-0457,Vital Digital Planners Preset,Digital Goods,Digital Planners,21953,768355.0,28.52,35.88,Bol - BFC Site 1,BFC1,8714252028140,"Mechie Trommelenweg 1, 5145 ND Waalwijk",FALSE,FALSE,FALSE,USA,0.0,Digital - No Packaging,,,,Energy Star,,100.0,49.0,85.0,79.5,100.0,100.0,TRUE,100.0,94.9,High,Material_Recyclable_Pct; Repairability/Lifespan,FALSE,,Standard,,,TRUE,Energy efficiency,97.3,,,,,100.0,100.0
PROD-2025-0458,Portable Upcycled Fashion Sponge,Eco-Friendly,Upcycled Fashion,29355,2509852.5,57.04,100.28,Bol - BFC Site 2,BFC2,8714252028102,"Mechie Trommelenweg 1, 5145 ND Waalwijk",FALSE,TRUE,TRUE,Netherlands,23.9,Biodegradable,5,,91,,FALSE,90.0,91.0,55.0,78.0,64.7,100.0,TRUE,77.1,60.3,High,None,FALSE,,Next day,,PROD-2025-0250,TRUE,,68.8,57.04,0.0,14.3,20,47.7,50.0
PROD-2025-0459,Ergonomic Charging Solutions Hub,Electronics,Charging Solutions,34712,4356356.0,87.4,143.52,Bol - BFC Site 2,BFC2,8714252028102,"Mechie Trommelenweg 1, 5145 ND Waalwijk",FALSE,TRUE,TRUE,,,Mixed Plastic+Cardboard,9,8.0,43,,FALSE,45.0,43.0,55.0,47.9,35.8,70.0,TRUE,47.8,58.1,Medium,CO2_Footprint_kg; Country_Of_Origin,FALSE,,Standard,,PROD-2025-0072,FALSE,,37.8,-27.6,27.6,,13,50.0,86.0
PROD-2025-0460,Swift Eco-friendly Diapers Swaddle,Baby,Eco-friendly Diapers,35347,6645236.0,131.56,214.36,Bol - BFC Site 2,BFC2,8714252028102,"Mechie Trommelenweg 1, 5145 ND Waalwijk",FALSE,TRUE,TRUE,,,,,4.4,,,FALSE,45.0,55.5,55.0,51.6,48.6,50.0,TRUE,49.1,59.5,Low,CO2_Footprint_kg; Packaging_Type; Material_Recyclable_Pct; Country_Of_Origin,FALSE,,Next day,,PROD-2025-0244,FALSE,,17.5,-35.88,35.88,,27,50.0,87.0
PROD-2025-0461,Pro Pet Apparel Carrier,Pet,Pet Apparel,41772,1357590.0,24.84,34.96,Bol - BFC Site 2,BFC2,8714252028102,"Mechie Trommelenweg 1, 5145 ND Waalwijk",FALSE,TRUE,TRUE,USA,,Recyclable Cardboard,4,4.4,30,,FALSE,70.0,30.0,55.0,52.8,40.5,100.0,TRUE,61.4,54.4,Medium,CO2_Footprint_kg,FALSE,,Standard,,PROD-2025-0165,FALSE,,98.1,5.06,0.0,,20,49.3,58.9
PROD-2025-0462,Sustainable Activewear Bottle,Fitness,Activewear,36196,1556428.0,13.8,65.32,Bol - BFC Site 2,BFC2,8714252028102,"Mechie Trommelenweg 1, 5145 ND Waalwijk",FALSE,FALSE,TRUE,China,59.97,Foam + Plastic,,,67,,,10.0,67.0,55.0,42.8,6.5,100.0,TRUE,39.3,48.8,High,Repairability/Lifespan,FALSE,,Standard,,PROD-2025-0271,TRUE,,88.3,-5.52,5.52,28.1,23,43.1,68.3
PROD-2025-0463,Pro Korean Skincare Dryer,Beauty & Skincare,Korean Skincare,94450,6233700.0,34.04,87.4,Bol - Ingram Micro,INGRAM,8712423020603,"Veerweg 16, 5145 NS Waalwijk",FALSE,FALSE,TRUE,USA,2.2,Mixed Plastic+Cardboard,4,,,,FALSE,45.0,52.5,30.0,42.0,38.7,100.0,TRUE,60.2,62.7,High,Material_Recyclable_Pct,FALSE,,Standard,,PROD-2025-0311,FALSE,,86.9,47.84,0.0,1.6,31,96.6,37.5
PROD-2025-0464,Portable Baby Safety Gear Toy,Baby,Baby Safety Gear,56090,3589760.0,16.56,101.2,Bol - BFC Site 1,BFC1,8714252028140,"Mechie Trommelenweg 1, 5145 ND Waalwijk",FALSE,TRUE,TRUE,USA,5.67,Biodegradable,6,2.4,25,,FALSE,90.0,25.0,85.0,68.8,24.3,100.0,TRUE,50.8,69.5,High,None,FALSE,,Next day,,,FALSE,,89.5,,,,,90.9,51.5
PROD-2025-0465,Pro Biodegradable Products Sponge,Eco-Friendly,Biodegradable Products,70240,6286480.0,41.4,123.28,Bol - BFC Site 1,BFC1,8714252028140,"Mechie Trommelenweg 1, 5145 ND Waalwijk",FALSE,FALSE,TRUE,,12.84,Recyclable Cardboard,,4.9,,,,70.0,70.0,85.0,75.2,44.1,70.0,TRUE,53.2,62.7,Medium,Material_Recyclable_Pct; Country_Of_Origin,FALSE,,Standard,,PROD-2025-0729,FALSE,,67.7,-25.3,25.3,,17,73.8,40.4
PROD-2025-0466,Premium Wearable Tech Earbuds,Electronics,Wearable Tech,18762,3030063.0,118.68,178.48,Bol - Ingram Micro,INGRAM,8712423020603,"Veerweg 16, 5145 NS Waalwijk",FALSE,FALSE,TRUE,,,Plastic,3,6.5,70,Energy Star,,25.0,70.0,30.0,40.2,35.8,70.0,FALSE,47.8,45.0,Medium,CO2_Footprint_kg; Country_Of_Origin,TRUE,"Eco claim, but packaged in Plastic.",Standard,,PROD-2025-0713,FALSE,Energy efficiency,7.2,-91.08,91.08,,70,50.0,41.2
PROD-2025-0467,Smart Womenswear T-Shirt,Fashion,Womenswear,51118,7335433.0,119.6,144.44,Bol - BFC XL 2,BFCXL2,8714252028133,"Rietgraaf 10, 6678 PJ Oosterhout",FALSE,FALSE,TRUE,Portugal,31.65,Recyclable Cardboard,5,,31,Cradle to Cradle,FALSE,70.0,31.0,100.0,68.8,82.4,100.0,TRUE,88.6,54.1,High,None,FALSE,,Standard,,,TRUE,Material circularity,34.7,,,,,31.7,50.0
PROD-2025-0468,Flex Home Gym Equipment Scale,Fitness,Home Gym Equipment,38001,3629095.5,52.44,123.28,Bol - BFC XL,BFCXL,8714252028195,"Divisiedok 1, 3439 JM Nieuwegein",FALSE,TRUE,TRUE,China,,Plastic,3,,48,,,25.0,48.0,100.0,58.1,6.5,100.0,TRUE,39.3,44.2,Medium,CO2_Footprint_kg,FALSE,,Next day,,PROD-2025-0382,FALSE,,44.5,-33.58,33.58,,49,50.0,25.0
PROD-2025-0469,Ultra Home Gym Equipment Bottle,Fitness,Home Gym Equipment,96280,5921220.0,15.64,97.52,Bol - BFC Site 2,BFC2,8714252028102,"Mechie Trommelenweg 1, 5145 ND Waalwijk",FALSE,TRUE,TRUE,China,55.32,Recyclable Cardboard,6,11.6,51,,FALSE,70.0,51.0,55.0,59.0,6.5,100.0,TRUE,39.3,57.3,High,None,FALSE,,Standard,,PROD-2025-0382,TRUE,,81.8,-2.3,2.3,29.4,15,48.0,79.4
PROD-2025-0470,Aura Personal Care Gadgets Perfume,Beauty & Skincare,Personal Care Gadgets,68730,7972680.0,97.52,115.92,Bol - BFC Site 2,BFC2,8714252028102,"Mechie Trommelenweg 1, 5145 ND Waalwijk",TRUE,TRUE,TRUE,South Korea,6.79,Recyclable Cardboard,2,0.3,71,,FALSE,70.0,71.0,55.0,65.0,0.0,100.0,TRUE,35.0,42.5,High,None,FALSE,,Standard,,PROD-2025-0038,TRUE,,31.1,-20.24,20.24,2.4,38,52.8,10.0
PROD-2025-0471,Pro Eco-friendly Cleaning Vacuum,Home & Garden,Eco-friendly Cleaning,325527,26855977.5,37.72,114.08,Bol - BFC XL 2,BFCXL2,8714252028164,"Rietgraaf 10, 6678 PJ Oosterhout",FALSE,TRUE,TRUE,Italy,125.98,,7,,61,,FALSE,45.0,61.0,100.0,69.0,29.7,80.0,TRUE,47.3,57.8,High,Packaging_Type,FALSE,,Standard,,PROD-2025-0052,TRUE,,72.1,-24.38,24.38,73.3,21,41.9,75.0
PROD-2025-0472,Eco Organic Makeup Mask,Beauty & Skincare,Organic Makeup,53716,9131720.0,116.84,195.96,Bol - BFC Site 1,BFC1,8714252028140,"Mechie Trommelenweg 1, 5145 ND Waalwijk",FALSE,TRUE,TRUE,Germany,2.33,Plastic,,1.1,25,,FALSE,25.0,25.0,85.0,46.0,86.0,100.0,TRUE,90.9,73.3,High,None,FALSE,,Next day,,,FALSE,,45.1,,,,,94.4,60.6
PROD-2025-0473,Ultra Smart Pet Feeders Carrier,Pet,Smart Pet Feeders,56381,7329530.0,95.68,143.52,Bol - BFC Site 1,BFC1,8714252028140,"Mechie Trommelenweg 1, 5145 ND Waalwijk",FALSE,TRUE,TRUE,USA,16.99,Mixed Plastic+Cardboard,,4.8,,EU Ecolabel,FALSE,45.0,44.0,85.0,58.7,40.5,100.0,FALSE,61.4,53.3,High,Material_Recyclable_Pct,TRUE,"Marketed as eco, but shipped from far away with an above-average footprint.",Standard,,PROD-2025-0641,FALSE,Lifecycle (broad environmental),35.9,-58.88,58.88,15.7,29,16.4,94.6
PROD-2025-0474,Organic Sustainable Apparel Bag,Fashion,Sustainable Apparel,80326,9880098.0,90.16,136.16,Bol - BFC Site 2,BFC2,8714252028102,"Mechie Trommelenweg 1, 5145 ND Waalwijk",FALSE,FALSE,TRUE,China,13.99,Mixed Plastic+Cardboard,5,3.9,36,,FALSE,45.0,36.0,55.0,45.8,0.0,100.0,TRUE,35.0,53.8,High,None,FALSE,,Standard,,PROD-2025-0679,FALSE,,44.6,37.72,0.0,0.3,14,66.7,55.2
PROD-2025-0475,Minimalist Smart Fitness Trackers Bench,Fitness,Smart Fitness Trackers,74226,4973142.0,51.52,71.76,Bol - BFC XL 2,BFCXL2,8714252028164,"Rietgraaf 10, 6678 PJ Oosterhout",FALSE,TRUE,TRUE,China,,Recyclable Cardboard,,,56,,FALSE,70.0,56.0,100.0,76.3,6.5,100.0,TRUE,39.3,55.0,Low,CO2_Footprint_kg; Repairability/Lifespan,FALSE,,Standard,,PROD-2025-0064,FALSE,,78.1,-3.22,3.22,,29,50.0,50.0
PROD-2025-0476,Wireless Smart Lighting Vacuum,Home & Garden,Smart Lighting,22691,2745611.0,92.92,129.72,Bol - BFC XL,BFCXL,8714252028195,"Divisiedok 1, 3439 JM Nieuwegein",FALSE,TRUE,TRUE,Netherlands,166.52,,,6.9,72,,FALSE,45.0,72.0,100.0,72.3,81.1,80.0,TRUE,80.7,39.8,High,Packaging_Type,FALSE,,Next day,,PROD-2025-0910,TRUE,,18.3,-35.88,35.88,98.3,72,18.9,11.9
PROD-2025-0477,Ergonomic Organic Makeup Dryer,Beauty & Skincare,Organic Makeup,96932,14636732.0,106.72,171.12,Bol - BFC Site 2,BFC2,8714252028102,"Mechie Trommelenweg 1, 5145 ND Waalwijk",FALSE,TRUE,TRUE,USA,2.25,Recyclable Cardboard,,,43,,,70.0,43.0,55.0,56.6,38.7,100.0,TRUE,60.2,69.1,High,Repairability/Lifespan,FALSE,,Standard,,PROD-2025-0217,FALSE,,53.3,-20.7,20.7,,11,95.5,50.0
PROD-2025-0478,Eco Personal Care Gadgets Brush,Beauty & Skincare,Personal Care Gadgets,84498,9970764.0,86.48,130.64,Bol - BFC Site 1,BFC1,8714252028140,"Mechie Trommelenweg 1, 5145 ND Waalwijk",FALSE,TRUE,TRUE,South Korea,,Biodegradable,,0.3,,,FALSE,90.0,60.0,85.0,79.2,0.0,100.0,TRUE,35.0,44.3,Medium,CO2_Footprint_kg; Material_Recyclable_Pct,FALSE,,Next day,,PROD-2025-0739,FALSE,,33.6,-87.86,87.86,,48,49.4,7.6
PROD-2025-0479,Swift SaaS Subscriptions Asset,Digital Goods,SaaS Subscriptions,40768,4362176.0,92.0,104.88,Bol - BFC Site 1,BFC1,8714252028140,"Mechie Trommelenweg 1, 5145 ND Waalwijk",FALSE,FALSE,FALSE,Germany,0.0,Digital - No Packaging,,,,Energy Star,,100.0,49.0,85.0,79.5,100.0,100.0,TRUE,100.0,94.9,High,Material_Recyclable_Pct; Repairability/Lifespan,FALSE,,Standard,,,TRUE,Energy efficiency,49.6,,,,,100.0,100.0
PROD-2025-0480,Pure Pet Grooming Tools Toy,Pet,Pet Grooming Tools,20522,2790992.0,113.16,137.08,Bol - BFC Site 1,BFC1,8714252028140,"Mechie Trommelenweg 1, 5145 ND Waalwijk",FALSE,FALSE,TRUE,China,2.7,Mixed Plastic+Cardboard,4,,,,FALSE,45.0,44.0,85.0,58.7,0.0,100.0,TRUE,35.0,60.0,High,Material_Recyclable_Pct,FALSE,,Standard,,PROD-2025-0497,FALSE,,44.7,-71.76,71.76,0.5,22,87.7,37.5
PROD-2025-0481,Premium Charging Solutions Earbuds,Electronics,Charging Solutions,31967,1726218.0,26.68,72.68,Bol - Ingram Micro,INGRAM,8712423020603,"Veerweg 16, 5145 NS Waalwijk",TRUE,TRUE,TRUE,Japan,166.61,Recyclable Cardboard,7,2.4,29,,,70.0,29.0,30.0,43.7,9.9,100.0,TRUE,41.4,43.6,High,None,FALSE,,Next day,,PROD-2025-0847,FALSE,,69.4,42.78,0.0,103.9,25,47.5,39.5
PROD-2025-0482,Sustainable Organic Pet Food Feeder,Pet,Organic Pet Food,26425,3818412.5,96.6,169.28,Bol - BFC Site 2,BFC2,8714252028102,"Mechie Trommelenweg 1, 5145 ND Waalwijk",FALSE,FALSE,TRUE,China,16.94,Recyclable Cardboard,3,1.2,7,,,70.0,7.0,55.0,45.9,0.0,100.0,TRUE,35.0,27.6,High,None,FALSE,,Standard,,PROD-2025-0242,FALSE,,1.9,-17.94,17.94,15.9,152,17.8,18.8
PROD-2025-0483,Aura Stock Media Course,Digital Goods,Stock Media,66665,4499887.5,27.6,96.6,Bol - Ingram Micro,INGRAM,8712423020603,"Veerweg 16, 5145 NS Waalwijk",FALSE,FALSE,FALSE,USA,0.0,Digital - No Packaging,,,,,,100.0,49.0,30.0,60.2,100.0,100.0,TRUE,100.0,90.0,Medium,Material_Recyclable_Pct; Repairability/Lifespan,FALSE,,Standard,,,FALSE,,80.5,,,,,100.0,100.0
PROD-2025-0484,Swift Kitchen Gadgets Lamp,Home & Garden,Kitchen Gadgets,496837,69060343.0,99.36,156.4,Bol - BFC XL 2,BFCXL2,8714252028164,"Rietgraaf 10, 6678 PJ Oosterhout",FALSE,TRUE,TRUE,,39.3,Mixed Plastic+Cardboard,,7.7,43,,FALSE,45.0,43.0,100.0,63.6,39.2,70.0,TRUE,50.0,59.1,High,Country_Of_Origin,FALSE,,Next day,,,FALSE,,43.3,,,,,85.1,23.7
PROD-2025-0485,Eco Wearable Tech Case,Electronics,Wearable Tech,69726,5578080.0,61.64,85.56,Bol - Ingram Micro,INGRAM,8712423020603,"Veerweg 16, 5145 NS Waalwijk",FALSE,FALSE,TRUE,,,Mixed Plastic+Cardboard,9,9.6,,,TRUE,45.0,43.5,30.0,39.3,35.8,70.0,TRUE,47.8,58.8,Low,CO2_Footprint_kg; Material_Recyclable_Pct; Country_Of_Origin,FALSE,,Standard,,PROD-2025-0713,FALSE,,64.9,-16.1,16.1,,30,50.0,97.3
PROD-2025-0486,Premium Charging Solutions Earbuds,Electronics,Charging Solutions,31476,1495110.0,26.68,60.72,Bol - Ingram Micro,INGRAM,8712423020603,"Veerweg 16, 5145 NS Waalwijk",FALSE,FALSE,TRUE,,152.75,,8,4.4,,,FALSE,45.0,43.5,30.0,39.3,35.8,50.0,TRUE,40.8,47.8,Medium,Packaging_Type; Material_Recyclable_Pct; Country_Of_Origin,FALSE,,Standard,,PROD-2025-0619,FALSE,,83.8,-1.38,1.38,94.5,26,51.2,55.8
PROD-2025-0487,Sustainable Home Gym Equipment Dumbbell,Fitness,Home Gym Equipment,99951,17091621.0,129.72,184.92,Bol - BFC XL 2,BFCXL2,8714252028164,"Rietgraaf 10, 6678 PJ Oosterhout",FALSE,FALSE,TRUE,USA,91.59,Recyclable Cardboard,7,,5,,FALSE,70.0,5.0,100.0,61.0,63.6,100.0,TRUE,76.3,48.5,High,None,FALSE,,Standard,,PROD-2025-0177,FALSE,,10.2,-30.36,30.36,74.1,54,8.8,75.0
PROD-2025-0488,Pro Portable Audio Earbuds,Electronics,Portable Audio,20877,720256.5,23.92,39.56,Bol - Ingram Micro,INGRAM,8712423020603,"Veerweg 16, 5145 NS Waalwijk",FALSE,FALSE,TRUE,China,81.11,Mixed Plastic+Cardboard,,,22,,FALSE,45.0,22.0,30.0,32.8,35.8,100.0,TRUE,58.3,55.0,High,Repairability/Lifespan,FALSE,,Standard,,PROD-2025-0944,FALSE,,96.4,2.76,0.0,,19,72.5,50.7
PROD-2025-0489,Pro Eco-friendly Cleaning Planter,Home & Garden,Eco-friendly Cleaning,93933,3851253.0,21.16,54.28,Bol - BFC XL,BFCXL,8714252028195,"Divisiedok 1, 3439 JM Nieuwegein",FALSE,FALSE,TRUE,Germany,144.47,Mixed Plastic+Cardboard,,,47,,FALSE,45.0,47.0,100.0,64.8,51.4,100.0,TRUE,68.4,51.5,High,Repairability/Lifespan,FALSE,,Standard,,PROD-2025-0454,FALSE,,89.4,-5.52,5.52,66.2,18,35.1,50.8
PROD-2025-0490,Smart Womenswear Bag,Fashion,Womenswear,41051,6609211.0,130.64,165.6,Bol - Ingram Micro,INGRAM,8712423020603,"Veerweg 16, 5145 NS Waalwijk",FALSE,FALSE,TRUE,India,36.06,Mixed Plastic+Cardboard,1,4.6,61,,FALSE,45.0,61.0,30.0,44.5,58.1,100.0,TRUE,72.8,42.2,High,None,FALSE,,Standard,,PROD-2025-0984,TRUE,,8.9,-34.5,34.5,28.8,82,23.3,48.1
PROD-2025-0491,Vital Smart Home Devices Projector,Electronics,Smart Home Devices,91241,8622274.5,72.68,101.2,Bol - Ingram Micro,INGRAM,8712423020603,"Veerweg 16, 5145 NS Waalwijk",FALSE,FALSE,TRUE,China,235.02,Plastic,,,50,,FALSE,25.0,50.0,30.0,34.2,35.8,100.0,TRUE,58.3,32.4,High,Repairability/Lifespan,FALSE,,Standard,,PROD-2025-0255,TRUE,,17.1,-16.1,16.1,212.8,127,8.8,48.0
PROD-2025-0492,Pro Reusable Packaging Utensils,Eco-Friendly,Reusable Packaging,80580,14987880.0,136.16,206.08,Bol - BFC XL,BFCXL,8714252028195,"Divisiedok 1, 3439 JM Nieuwegein",FALSE,FALSE,TRUE,Netherlands,24.64,,8,,76,,,70.0,76.0,100.0,82.3,64.7,80.0,TRUE,70.1,68.6,High,Packaging_Type,FALSE,,Standard,,,TRUE,,29.0,,,,,44.6,87.5
PROD-2025-0493,Zen Smart Baby Monitors Toy,Baby,Smart Baby Monitors,16801,2637757.0,110.4,178.48,Bol - BFC Site 2,BFC2,8714252028102,"Mechie Trommelenweg 1, 5145 ND Waalwijk",FALSE,FALSE,TRUE,,22.89,,2,3.9,,EU Ecolabel,FALSE,45.0,55.5,55.0,51.6,48.6,50.0,FALSE,49.1,40.4,Medium,Packaging_Type; Material_Recyclable_Pct; Country_Of_Origin,TRUE,"Carries an eco label, but scores below the category average on our independent check.",Standard,,PROD-2025-0352,FALSE,Lifecycle (broad environmental),8.8,-92.92,92.92,15.4,60,25.0,45.4
PROD-2025-0494,Flex Reusable Packaging Composter,Eco-Friendly,Reusable Packaging,32128,2891520.0,52.44,113.16,Bol - BFC Site 2,BFC2,8714252028102,"Mechie Trommelenweg 1, 5145 ND Waalwijk",FALSE,FALSE,TRUE,,26.35,Recyclable Cardboard,6,,69,EU Ecolabel,TRUE,70.0,69.0,55.0,64.5,44.1,45.0,FALSE,44.4,51.3,High,Country_Of_Origin,TRUE,"Carries an eco label, but scores below the category average on our independent check.",Standard,,PROD-2025-0496,FALSE,Lifecycle (broad environmental),57.0,22.54,0.0,6.9,31,36.9,62.5
PROD-2025-0495,Luxe Biodegradable Products Bottle,Eco-Friendly,Biodegradable Products,91668,7104270.0,56.12,86.48,Bol - BFC XL 2,BFCXL2,8714252028133,"Rietgraaf 10, 6678 PJ Oosterhout",FALSE,TRUE,TRUE,Germany,39.62,Biodegradable,4,,,,TRUE,90.0,70.0,100.0,87.5,57.4,75.0,FALSE,63.5,44.0,High,Material_Recyclable_Pct,TRUE,"Carbon-neutral certified, but CO2 is in the top 25% for its category.",Standard,,PROD-2025-0729,FALSE,,54.8,-14.26,14.26,24.5,66,9.2,37.5
PROD-2025-0496,Ergonomic Reusable Packaging Kit,Eco-Friendly,Reusable Packaging,27104,3103408.0,69.92,140.76,Bol - BFC Site 1,BFC1,8714252028140,"Mechie Trommelenweg 1, 5145 ND Waalwijk",TRUE,TRUE,TRUE,USA,19.47,Minimal Packaging,7,9.5,79,,FALSE,80.0,79.0,85.0,81.5,0.0,100.0,TRUE,35.0,67.2,High,None,FALSE,,Next day,,,TRUE,,58.1,,,,,56.9,86.5
PROD-2025-0497,Ergonomic Pet Grooming Tools Bowl,Pet,Pet Grooming Tools,85389,4952562.0,33.12,73.6,Bol - BFC XL 2,BFCXL2,8714252028133,"Rietgraaf 10, 6678 PJ Oosterhout",FALSE,TRUE,TRUE,Germany,2.18,Recyclable Cardboard,4,,76,,FALSE,70.0,76.0,100.0,82.3,64.9,100.0,TRUE,77.2,73.2,High,None,FALSE,,Standard,,,TRUE,,93.2,,,,,90.4,37.5
PROD-2025-0498,Portable Organic Makeup Serum,Beauty & Skincare,Organic Makeup,47546,4683281.0,53.36,127.88,Bol - BFC Site 2,BFC2,8714252028102,"Mechie Trommelenweg 1, 5145 ND Waalwijk",FALSE,FALSE,TRUE,USA,7.23,Mixed Plastic+Cardboard,,1.4,,,,45.0,52.5,55.0,50.8,38.7,100.0,TRUE,60.2,57.6,High,Material_Recyclable_Pct,FALSE,,Standard,,PROD-2025-0217,FALSE,,67.2,27.6,0.0,1.9,34,48.3,75.8
PROD-2025-0499,Zen Solar Powered Gadgets Soap,Eco-Friendly,Solar Powered Gadgets,22599,3084763.5,121.44,129.72,Bol - Ingram Micro,INGRAM,8712423020603,"Veerweg 16, 5145 NS Waalwijk",FALSE,FALSE,TRUE,USA,,Recyclable Cardboard,7,3.9,43,Cradle to Cradle,FALSE,70.0,43.0,30.0,47.9,0.0,100.0,FALSE,35.0,47.2,High,CO2_Footprint_kg,TRUE,"Carries an eco label, but scores below the category average on our independent check.",Standard,,PROD-2025-0112,FALSE,Material circularity,21.5,-18.4,18.4,,32,49.2,51.0
PROD-2025-0500,Zen Womenswear Jacket,Fashion,Womenswear,18710,3105860.0,118.68,186.76,Bol - BFC Site 2,BFC2,8714252028102,"Mechie Trommelenweg 1, 5145 ND Waalwijk",FALSE,TRUE,TRUE,China,,Mixed Plastic+Cardboard,2,,76,,,45.0,76.0,55.0,57.8,0.0,100.0,TRUE,35.0,40.3,Medium,CO2_Footprint_kg,FALSE,,Next day,,PROD-2025-0984,FALSE,,5.0,-39.1,39.1,,91,50.0,12.5
PROD-2025-0501,Aura SaaS Subscriptions App,Digital Goods,SaaS Subscriptions,21099,3323092.5,129.72,160.08,Bol - BFC Site 1,BFC1,8714252028140,"Mechie Trommelenweg 1, 5145 ND Waalwijk",FALSE,FALSE,FALSE,Germany,0.0,Digital - No Packaging,,,,,,100.0,49.0,85.0,79.5,100.0,100.0,TRUE,100.0,94.9,Medium,Material_Recyclable_Pct; Repairability/Lifespan,FALSE,,Standard,,,FALSE,,15.9,,,,,100.0,100.0
PROD-2025-0502,Smart Charging Solutions Earbuds,Electronics,Charging Solutions,312706,28456246.0,61.64,105.8,Bol - BFC Site 1,BFC1,8714252028140,"Mechie Trommelenweg 1, 5145 ND Waalwijk",FALSE,FALSE,TRUE,China,241.32,Plastic,,8.3,,,,25.0,43.5,85.0,51.5,35.8,100.0,TRUE,58.3,43.1,High,Material_Recyclable_Pct,FALSE,,Standard,,PROD-2025-0450,FALSE,,40.5,-5.52,5.52,197.3,45,6.2,77.3
PROD-2025-0503,Portable Digital Planners App,Digital Goods,Digital Planners,48238,7235700.0,119.6,156.4,Bol - BFC Site 1,BFC1,8714252028140,"Mechie Trommelenweg 1, 5145 ND Waalwijk",FALSE,FALSE,FALSE,,0.0,Digital - No Packaging,,,,,,100.0,49.0,85.0,79.5,100.0,70.0,TRUE,89.5,93.3,Medium,Material_Recyclable_Pct; Country_Of_Origin; Repairability/Lifespan,FALSE,,Standard,,,FALSE,,20.4,,,,,100.0,100.0
PROD-2025-0504,Zen Fragrances Lipstick,Beauty & Skincare,Fragrances,16804,2865082.0,125.12,188.6,Bol - BFC Site 2,BFC2,8714252028102,"Mechie Trommelenweg 1, 5145 ND Waalwijk",FALSE,TRUE,TRUE,France,,Plastic,,,,,,25.0,52.5,55.0,43.8,59.1,100.0,TRUE,73.4,51.8,Low,CO2_Footprint_kg; Material_Recyclable_Pct; Repairability/Lifespan,FALSE,,Next day,,PROD-2025-0229,FALSE,,20.5,-36.8,36.8,,47,49.4,50.0
PROD-2025-0505,Zen Eco-friendly Diapers Stroller,Baby,Eco-friendly Diapers,61497,5596227.0,75.44,92.0,Bol - BFC Site 2,BFC2,8714252028102,"Mechie Trommelenweg 1, 5145 ND Waalwijk",FALSE,TRUE,TRUE,,,Minimal Packaging,3,2.0,,,FALSE,80.0,55.5,55.0,63.9,48.6,70.0,TRUE,56.1,48.3,Low,CO2_Footprint_kg; Material_Recyclable_Pct; Country_Of_Origin,FALSE,,Standard,,PROD-2025-0190,FALSE,,52.6,-54.28,54.28,,30,50.0,25.5
PROD-2025-0506,Smart Educational Toys Stroller,Baby,Educational Toys,170547,25070409.0,117.76,152.72,Bol - BFC XL,BFCXL,8714252028195,"Divisiedok 1, 3439 JM Nieuwegein",FALSE,TRUE,TRUE,Germany,,Plastic,2,4.9,60,Fair Trade,,25.0,60.0,100.0,61.8,48.6,100.0,FALSE,66.6,57.0,High,CO2_Footprint_kg,TRUE,"Eco claim, but packaged in Plastic.",Next day,,,FALSE,Social / ethical (not environmental),33.3,,,,,50.0,56.2
PROD-2025-0507,Wireless Stock Media Bundle,Digital Goods,Stock Media,28472,1751028.0,24.84,88.32,Bol - BFC XL,BFCXL,8714252028195,"Divisiedok 1, 3439 JM Nieuwegein",FALSE,FALSE,FALSE,USA,0.0,Digital - No Packaging,,,,,,100.0,49.0,100.0,84.7,100.0,100.0,TRUE,100.0,96.2,Medium,Material_Recyclable_Pct; Repairability/Lifespan,FALSE,,Standard,,,FALSE,,85.0,,,,,100.0,100.0
PROD-2025-0508,Ultra Sustainable Apparel Jacket,Fashion,Sustainable Apparel,17397,1626619.5,41.4,130.64,Bol - BFC Site 1,BFC1,8714252028140,"Mechie Trommelenweg 1, 5145 ND Waalwijk",FALSE,FALSE,TRUE,,,Recyclable Cardboard,2,,,,FALSE,70.0,49.5,85.0,69.1,20.3,70.0,TRUE,37.7,43.6,Low,CO2_Footprint_kg; Material_Recyclable_Pct; Country_Of_Origin,FALSE,,Standard,,PROD-2025-0810,FALSE,,48.5,-42.32,42.32,,50,50.0,12.5
PROD-2025-0509,Swift Solar Powered Gadgets Brush,Eco-Friendly,Solar Powered Gadgets,41282,5449224.0,114.08,128.8,Bol - BFC XL,BFCXL,8714252028195,"Divisiedok 1, 3439 JM Nieuwegein",FALSE,TRUE,TRUE,Sweden,,Biodegradable,7,,51,,FALSE,90.0,51.0,100.0,81.8,30.9,100.0,TRUE,55.1,64.7,Medium,CO2_Footprint_kg,FALSE,,Standard,,PROD-2025-0803,FALSE,,47.3,-80.04,80.04,,9,49.2,75.0
PROD-2025-0510,Wireless Charging Solutions Adapter,Electronics,Charging Solutions,32696,1569408.0,23.92,64.4,Bol - Ingram Micro,INGRAM,8712423020603,"Veerweg 16, 5145 NS Waalwijk",FALSE,TRUE,TRUE,China,,Plastic,6,,,,,25.0,43.5,30.0,32.3,35.8,100.0,TRUE,58.3,49.9,Medium,CO2_Footprint_kg; Material_Recyclable_Pct,FALSE,,Next day,,PROD-2025-0619,FALSE,,87.4,-1.84,1.84,,21,50.0,62.5
PROD-2025-0511,Ultra Activewear Scale,Fitness,Activewear,44991,1507198.5,18.4,43.24,Bol - BFC XL 2,BFCXL2,8714252028164,"Rietgraaf 10, 6678 PJ Oosterhout",FALSE,TRUE,TRUE,China,26.87,,5,7.2,,,FALSE,45.0,51.5,100.0,66.2,6.5,80.0,TRUE,32.3,61.0,High,Packaging_Type; Material_Recyclable_Pct,FALSE,,Standard,,PROD-2025-0145,FALSE,,100.0,16.1,0.0,16.8,45,78.4,48.8
PROD-2025-0512,Luxe Organic Baby Clothing Bottle,Baby,Organic Baby Clothing,56957,2563065.0,35.88,46.92,Bol - BFC Site 1,BFC1,8714252028140,"Mechie Trommelenweg 1, 5145 ND Waalwijk",FALSE,TRUE,TRUE,,16.36,Biodegradable,1,,,,FALSE,90.0,55.5,85.0,77.9,48.6,70.0,TRUE,56.1,45.4,Medium,Material_Recyclable_Pct; Country_Of_Origin,FALSE,,Next day,,PROD-2025-0552,FALSE,,85.1,47.38,0.0,9.0,45,50.0,0.0
PROD-2025-0513,Zen Home Gym Equipment Gloves,Fitness,Home Gym Equipment,55500,3385500.0,36.8,75.44,Bol - BFC XL,BFCXL,8714252028195,"Divisiedok 1, 3439 JM Nieuwegein",FALSE,FALSE,TRUE,,18.1,Biodegradable,5,,,,FALSE,90.0,48.0,100.0,80.9,6.5,70.0,TRUE,28.8,67.2,Medium,Material_Recyclable_Pct; Country_Of_Origin,FALSE,,Standard,,PROD-2025-0177,FALSE,,85.4,70.84,0.0,0.6,11,86.3,50.0
PROD-2025-0514,Swift Wearable Tech Power Bank,Electronics,Wearable Tech,85239,5753632.5,16.56,107.64,Bol - BFC Site 1,BFC1,8714252028140,"Mechie Trommelenweg 1, 5145 ND Waalwijk",FALSE,TRUE,TRUE,Japan,,Plastic,6,,75,,FALSE,25.0,75.0,85.0,61.0,9.9,100.0,TRUE,41.4,54.6,Medium,CO2_Footprint_kg,FALSE,,Next day,,PROD-2025-0713,FALSE,,70.3,-4.6,4.6,,40,50.0,62.5
PROD-2025-0515,Wireless Kitchen Gadgets Cleaner,Home & Garden,Kitchen Gadgets,37746,3736854.0,86.48,95.68,Bol - BFC Site 2,BFC2,8714252028102,"Mechie Trommelenweg 1, 5145 ND Waalwijk",FALSE,FALSE,TRUE,China,116.1,Mixed Plastic+Cardboard,,5.1,50,,FALSE,45.0,50.0,55.0,50.0,0.0,100.0,TRUE,35.0,33.8,High,None,FALSE,,Standard,,PROD-2025-0781,TRUE,,25.0,-14.72,14.72,50.1,86,44.6,1.7
PROD-2025-0516,Eco Eco-friendly Diapers Toy,Baby,Eco-friendly Diapers,63603,7568757.0,90.16,128.8,Bol - BFC Site 1,BFC1,8714252028140,"Mechie Trommelenweg 1, 5145 ND Waalwijk",FALSE,TRUE,TRUE,Netherlands,27.82,Foam + Plastic,,3.4,55,FSC Certified,FALSE,10.0,55.0,85.0,49.8,71.6,100.0,FALSE,81.6,43.8,High,None,TRUE,"Eco claim, but packaged in Foam + Plastic.",Next day,,,FALSE,Sustainable forestry,26.3,,,,,8.0,65.2
PROD-2025-0517,Wireless Stock Media Guide,Digital Goods,Stock Media,246158,21908062.0,52.44,111.32,Bol - BFC Site 1,BFC1,8714252028140,"Mechie Trommelenweg 1, 5145 ND Waalwijk",FALSE,FALSE,FALSE,,0.0,Digital - No Packaging,,,,,,100.0,49.0,85.0,79.5,100.0,70.0,TRUE,89.5,93.3,Medium,Material_Recyclable_Pct; Country_Of_Origin; Repairability/Lifespan,FALSE,,Standard,,,FALSE,,66.4,,,,,100.0,100.0
PROD-2025-0518,Aura Indoor Plants Accessories Diffuser,Home & Garden,Indoor Plants Accessories,90326,6503472.0,48.76,83.72,Bol - BFC XL 2,BFCXL2,8714252028164,"Rietgraaf 10, 6678 PJ Oosterhout",FALSE,TRUE,TRUE,China,102.84,Recyclable Cardboard,4,,,,TRUE,70.0,47.5,100.0,73.8,0.0,100.0,FALSE,35.0,52.0,High,Material_Recyclable_Pct,TRUE,"Carries an eco label, but scores below the category average on our independent check.",Next day,,PROD-2025-0796,FALSE,,73.1,-4.6,4.6,71.5,26,54.1,37.5
PROD-2025-0519,Ergonomic Educational Toys Stroller,Baby,Educational Toys,53408,10120816.0,135.24,213.44,Bol - BFC XL 2,BFCXL2,8714252028133,"Rietgraaf 10, 6678 PJ Oosterhout",FALSE,FALSE,TRUE,,22.81,Foam + Plastic,,2.2,65,,FALSE,10.0,65.0,100.0,58.0,48.6,70.0,TRUE,56.1,40.4,High,Country_Of_Origin,FALSE,,Standard,,PROD-2025-0285,TRUE,,3.5,-98.9,98.9,17.0,62,26.1,33.3
PROD-2025-0520,Vital Organic Baby Clothing Crib,Baby,Organic Baby Clothing,96557,16752639.5,127.88,191.36,Bol - BFC Site 1,BFC1,8714252028140,"Mechie Trommelenweg 1, 5145 ND Waalwijk",FALSE,TRUE,TRUE,,14.48,Mixed Plastic+Cardboard,,,67,,FALSE,45.0,67.0,85.0,65.6,48.6,70.0,TRUE,56.1,58.9,Medium,Country_Of_Origin; Repairability/Lifespan,FALSE,,Next day,,PROD-2025-0552,FALSE,,21.9,-70.84,70.84,7.2,12,60.2,52.2
PROD-2025-0521,Premium Personal Care Gadgets Oil,Beauty & Skincare,Personal Care Gadgets,15172,2169596.0,98.44,164.68,Bol - BFC Site 1,BFC1,8714252028140,"Mechie Trommelenweg 1, 5145 ND Waalwijk",FALSE,TRUE,TRUE,Germany,,Minimal Packaging,,,60,,FALSE,80.0,60.0,85.0,75.8,86.0,100.0,TRUE,90.9,62.4,Low,CO2_Footprint_kg; Repairability/Lifespan,FALSE,,Standard,,,FALSE,,47.5,,,,,49.4,50.0
PROD-2025-0522,Premium SaaS Subscriptions Course,Digital Goods,SaaS Subscriptions,43905,5312505.0,99.36,123.28,Bol - BFC Site 2,BFC2,8714252028102,"Mechie Trommelenweg 1, 5145 ND Waalwijk",FALSE,FALSE,FALSE,UK,0.0,Digital - No Packaging,,,,,,100.0,49.0,55.0,69.0,100.0,100.0,TRUE,100.0,92.2,Medium,Material_Recyclable_Pct; Repairability/Lifespan,FALSE,,Standard,,,FALSE,,38.9,,,,,100.0,100.0
PROD-2025-0523,Vital Educational Toys Bottle,Baby,Educational Toys,84696,5759328.0,28.52,96.6,Bol - BFC XL,BFCXL,8714252028195,"Divisiedok 1, 3439 JM Nieuwegein",FALSE,FALSE,TRUE,Denmark,22.23,Mixed Plastic+Cardboard,5,,,,FALSE,45.0,55.5,100.0,67.4,43.2,100.0,TRUE,63.1,48.8,High,Material_Recyclable_Pct,FALSE,,Standard,,PROD-2025-0285,FALSE,,69.3,12.88,0.0,16.5,34,28.4,50.0
PROD-2025-0524,Nano Smart Pet Feeders Treats,Pet,Smart Pet Feeders,69846,9499056.0,103.04,147.2,Bol - BFC Site 1,BFC1,8714252028140,"Mechie Trommelenweg 1, 5145 ND Waalwijk",FALSE,TRUE,TRUE,,13.84,Plastic,2,,,,FALSE,25.0,44.0,85.0,51.7,40.5,70.0,TRUE,50.9,35.7,Medium,Material_Recyclable_Pct; Country_Of_Origin,FALSE,,Next day,,PROD-2025-0641,FALSE,,9.7,-64.4,64.4,12.5,93,34.2,12.5
PROD-2025-0525,Smart Athleisure Sneakers,Fashion,Athleisure,29574,3888981.0,117.76,124.2,Bol - BFC Site 2,BFC2,8714252028102,"Mechie Trommelenweg 1, 5145 ND Waalwijk",FALSE,TRUE,TRUE,Bangladesh,9.59,Minimal Packaging,,,,,FALSE,80.0,49.5,55.0,62.1,20.3,100.0,TRUE,48.2,65.0,Medium,Material_Recyclable_Pct; Repairability/Lifespan,FALSE,,Standard,,,FALSE,,53.5,,,,,81.7,54.7
PROD-2025-0526,Wireless Pet Grooming Tools Bowl,Pet,Pet Grooming Tools,53441,2939255.0,46.92,54.28,Bol - Ingram Micro,INGRAM,8712423020603,"Veerweg 16, 5145 NS Waalwijk",FALSE,FALSE,TRUE,,5.12,,2,1.2,71,,FALSE,45.0,71.0,30.0,47.5,40.5,50.0,TRUE,43.9,48.0,Medium,Packaging_Type; Country_Of_Origin,FALSE,,Standard,,PROD-2025-0497,FALSE,,77.7,2.76,0.0,2.9,52,75.3,12.5
PROD-2025-0527,Pure Personal Care Gadgets Lipstick,Beauty & Skincare,Personal Care Gadgets,54581,8732960.0,125.12,169.28,Bol - BFC Site 1,BFC1,8714252028140,"Mechie Trommelenweg 1, 5145 ND Waalwijk",TRUE,TRUE,TRUE,,11.62,Plastic,,,,,,25.0,60.0,85.0,56.5,38.7,70.0,TRUE,49.7,43.1,Medium,Material_Recyclable_Pct; Country_Of_Origin; Repairability/Lifespan,FALSE,,Standard,,PROD-2025-0739,FALSE,,13.9,-126.5,126.5,6.7,52,25.8,50.0
PROD-2025-0528,Sustainable Kitchen Gadgets Shelf,Home & Garden,Kitchen Gadgets,101388,11558232.0,80.96,128.8,Bol - BFC XL,BFCXL,8714252028195,"Divisiedok 1, 3439 JM Nieuwegein",FALSE,FALSE,TRUE,Italy,,Plastic,,,29,,FALSE,25.0,29.0,100.0,52.5,29.7,100.0,TRUE,54.3,51.5,Low,CO2_Footprint_kg; Repairability/Lifespan,FALSE,,Standard,,PROD-2025-0781,FALSE,,49.0,-28.52,28.52,,22,50.0,50.8
PROD-2025-0529,Minimalist Phone Accessories Earbuds,Electronics,Phone Accessories,25139,4638145.5,124.2,215.28,Bol - Ingram Micro,INGRAM,8712423020603,"Veerweg 16, 5145 NS Waalwijk",FALSE,TRUE,TRUE,,17.82,Plastic,5,5.0,,,FALSE,25.0,43.5,30.0,32.3,35.8,70.0,TRUE,47.8,60.9,Medium,Material_Recyclable_Pct; Country_Of_Origin,FALSE,,Standard,,PROD-2025-0538,FALSE,,16.2,-112.24,112.24,,21,98.8,44.3
PROD-2025-0530,Ergonomic Eco-friendly Diapers Stroller,Baby,Eco-friendly Diapers,47159,6177829.0,80.04,161.0,Bol - BFC XL 2,BFCXL2,8714252028133,"Rietgraaf 10, 6678 PJ Oosterhout",FALSE,TRUE,TRUE,USA,,Mixed Plastic+Cardboard,6,,22,,FALSE,45.0,22.0,100.0,57.3,24.3,100.0,TRUE,50.8,55.1,Medium,CO2_Footprint_kg,FALSE,,Next day,,PROD-2025-0190,FALSE,,37.7,-91.08,91.08,,14,50.0,62.5
PROD-2025-0531,Pure Zero-waste Kits Utensils,Eco-Friendly,Zero-waste Kits,97838,14480024.0,128.8,143.52,Bol - BFC Site 1,BFC1,8714252028140,"Mechie Trommelenweg 1, 5145 ND Waalwijk",FALSE,TRUE,TRUE,Sweden,25.98,Biodegradable,4,,47,,TRUE,90.0,47.0,85.0,75.3,30.9,75.0,FALSE,46.3,48.6,High,None,TRUE,"Carries an eco label, but scores below the category average on our independent check.",Standard,,PROD-2025-0731,FALSE,,16.1,-60.72,60.72,22.8,86,38.5,37.5
PROD-2025-0532,Zen Charging Solutions Speaker,Electronics,Charging Solutions,14585,590692.5,17.48,57.04,Bol - Ingram Micro,INGRAM,8712423020603,"Veerweg 16, 5145 NS Waalwijk",FALSE,TRUE,TRUE,,,Mixed Plastic+Cardboard,8,3.1,,EU Ecolabel,FALSE,45.0,43.5,30.0,39.3,35.8,70.0,FALSE,47.8,47.1,Medium,CO2_Footprint_kg; Material_Recyclable_Pct; Country_Of_Origin,TRUE,"Carries an eco label, but scores below the category average on our independent check.",Next day,,PROD-2025-0695,FALSE,Lifecycle (broad environmental),89.2,126.04,0.0,,62,50.0,50.4
PROD-2025-0533,Zen SaaS Subscriptions Masterclass,Digital Goods,SaaS Subscriptions,34752,5299680.0,126.96,153.64,Bol - BFC Site 2,BFC2,8714252028102,"Mechie Trommelenweg 1, 5145 ND Waalwijk",FALSE,FALSE,FALSE,USA,0.0,Digital - No Packaging,,,,,,100.0,49.0,55.0,69.0,100.0,100.0,TRUE,100.0,92.2,Medium,Material_Recyclable_Pct; Repairability/Lifespan,FALSE,,Standard,,,FALSE,,17.7,,,,,100.0,100.0
PROD-2025-0534,Glow Organic Baby Clothing Bib,Baby,Organic Baby Clothing,182762,24033203.0,77.28,164.68,Bol - BFC Site 1,BFC1,8714252028140,"Mechie Trommelenweg 1, 5145 ND Waalwijk",TRUE,TRUE,TRUE,Denmark,21.5,Minimal Packaging,2,1.0,13,Fair Trade,FALSE,80.0,13.0,85.0,61.6,43.2,100.0,FALSE,63.1,38.5,High,None,TRUE,"Eco claim, but only 13% recyclable material.",Today,,,FALSE,Social / ethical (not environmental),12.3,,,,,33.0,8.4
PROD-2025-0535,Glow Fragrances Oil,Beauty & Skincare,Fragrances,27945,3395317.5,91.08,132.48,Bol - BFC Site 1,BFC1,8714252028140,"Mechie Trommelenweg 1, 5145 ND Waalwijk",FALSE,TRUE,TRUE,France,6.68,Recyclable Cardboard,,1.3,,,FALSE,70.0,52.5,85.0,70.0,59.1,100.0,TRUE,73.4,65.6,High,Material_Recyclable_Pct,FALSE,,Standard,,PROD-2025-0229,FALSE,,63.1,8.28,0.0,3.2,16,56.2,69.7
PROD-2025-0536,Smart Smart Fitness Trackers Dumbbell,Fitness,Smart Fitness Trackers,36544,4293920.0,80.96,135.24,Bol - BFC XL,BFCXL,8714252028195,"Divisiedok 1, 3439 JM Nieuwegein",FALSE,TRUE,TRUE,China,62.89,Recyclable Cardboard,6,,,,FALSE,70.0,38.5,100.0,71.0,6.5,100.0,TRUE,39.3,53.0,High,Material_Recyclable_Pct,FALSE,,Next day,,PROD-2025-0064,FALSE,,43.1,-49.68,49.68,47.6,34,39.2,62.5
PROD-2025-0537,Minimalist Zero-waste Kits Bottle,Eco-Friendly,Zero-waste Kits,67544,3985096.0,19.32,89.24,Bol - BFC Site 1,BFC1,8714252028140,"Mechie Trommelenweg 1, 5145 ND Waalwijk",FALSE,TRUE,TRUE,Denmark,3.81,,4,2.0,86,,FALSE,70.0,86.0,85.0,80.0,44.1,80.0,TRUE,56.7,66.3,High,Packaging_Type,FALSE,,Standard,,PROD-2025-0545,TRUE,,87.1,-19.78,19.78,0.6,9,93.8,19.7
PROD-2025-0538,Flex Phone Accessories Speaker,Electronics,Phone Accessories,24857,1553562.5,29.44,85.56,Bol - BFC XL 2,BFCXL2,8714252028133,"Rietgraaf 10, 6678 PJ Oosterhout",FALSE,TRUE,TRUE,China,24.12,Plastic,4,9.7,49,,FALSE,25.0,49.0,100.0,58.5,35.8,100.0,TRUE,58.3,73.7,High,None,FALSE,,Next day,,,FALSE,,91.0,,,,,96.2,66.8
PROD-2025-0539,Swift Pet Apparel Toy,Pet,Pet Apparel,353285,41687630.0,70.84,146.28,Bol - BFC Site 2,BFC2,8714252028102,"Mechie Trommelenweg 1, 5145 ND Waalwijk",FALSE,FALSE,TRUE,,,Mixed Plastic+Cardboard,2,,23,,FALSE,45.0,23.0,55.0,41.9,40.5,70.0,TRUE,50.9,38.5,Medium,CO2_Footprint_kg; Country_Of_Origin,FALSE,,Standard,,PROD-2025-0165,FALSE,,18.4,-73.6,73.6,,69,49.3,12.5
PROD-2025-0540,Luxe Home Office Decor Desk,Home & Garden,Home Office Decor,23553,4062892.5,118.68,198.72,Bol - BFC XL 2,BFCXL2,8714252028164,"Rietgraaf 10, 6678 PJ Oosterhout",TRUE,TRUE,TRUE,Germany,85.56,Foam + Plastic,3,7.5,,,FALSE,10.0,47.5,100.0,52.8,51.4,100.0,TRUE,68.4,50.4,High,Material_Recyclable_Pct,FALSE,,Today,,PROD-2025-0749,FALSE,,9.6,-35.88,35.88,27.6,23,60.8,22.7
PROD-2025-0541,Pure Yoga Gear Mat,Fitness,Yoga Gear,47368,7010464.0,108.56,163.76,Bol - BFC XL,BFCXL,8714252028195,"Divisiedok 1, 3439 JM Nieuwegein",FALSE,FALSE,TRUE,Germany,,Biodegradable,5,11.4,,,FALSE,90.0,52.0,100.0,82.1,87.9,100.0,TRUE,92.1,69.7,Medium,CO2_Footprint_kg; Material_Recyclable_Pct,FALSE,,Standard,,PROD-2025-0233,FALSE,,45.3,-85.1,85.1,,11,50.0,71.3
PROD-2025-0542,Ergonomic Yoga Gear Scale,Fitness,Yoga Gear,34816,2489344.0,46.0,85.56,Bol - Ingram Micro,INGRAM,8712423020603,"Veerweg 16, 5145 NS Waalwijk",TRUE,TRUE,TRUE,USA,74.64,Plastic,4,7.5,,,FALSE,25.0,52.0,30.0,34.9,63.6,100.0,TRUE,76.3,41.8,High,Material_Recyclable_Pct,FALSE,,Standard,,PROD-2025-0233,FALSE,,59.9,-14.72,14.72,59.8,86,29.4,45.6
PROD-2025-0543,Wireless Phone Accessories Speaker,Electronics,Phone Accessories,84568,6258032.0,37.72,98.44,Bol - BFC Site 2,BFC2,8714252028102,"Mechie Trommelenweg 1, 5145 ND Waalwijk",FALSE,FALSE,TRUE,China,40.66,Recyclable Cardboard,,,,,FALSE,70.0,43.5,55.0,56.8,35.8,100.0,TRUE,58.3,68.0,Medium,Material_Recyclable_Pct; Repairability/Lifespan,FALSE,,Standard,,PROD-2025-0538,FALSE,,78.4,-10.58,10.58,16.5,8,92.5,50.7
PROD-2025-0544,Sustainable Charging Solutions Projector,Electronics,Charging Solutions,74570,9470390.0,96.6,137.08,Bol - BFC Site 2,BFC2,8714252028102,"Mechie Trommelenweg 1, 5145 ND Waalwijk",TRUE,TRUE,TRUE,USA,200.46,,,5.0,39,,FALSE,45.0,39.0,55.0,46.7,96.3,80.0,TRUE,90.6,44.6,High,Packaging_Type,FALSE,,Next day,,PROD-2025-0124,FALSE,,18.9,-26.22,26.22,108.4,44,27.5,38.7
PROD-2025-0545,Smart Zero-waste Kits Bottle,Eco-Friendly,Zero-waste Kits,35055,1314562.5,25.76,43.24,Bol - BFC Site 1,BFC1,8714252028140,"Mechie Trommelenweg 1, 5145 ND Waalwijk",FALSE,FALSE,TRUE,USA,3.23,Recyclable Cardboard,,7.6,8,Fair Trade,FALSE,70.0,8.0,85.0,56.6,0.0,100.0,FALSE,35.0,72.0,High,None,TRUE,"Eco claim, but only 8% recyclable material.",Standard,,,FALSE,Social / ethical (not environmental),96.8,,,,,95.4,76.9
PROD-2025-0546,Ergonomic Fragrances Lipstick,Beauty & Skincare,Fragrances,79041,11263342.5,101.2,161.0,Bol - BFC Site 1,BFC1,8714252028140,"Mechie Trommelenweg 1, 5145 ND Waalwijk",FALSE,FALSE,TRUE,South Korea,,Foam + Plastic,1,1.8,46,,FALSE,10.0,46.0,85.0,47.0,0.0,100.0,TRUE,35.0,46.2,Medium,CO2_Footprint_kg,FALSE,,Standard,,PROD-2025-0229,FALSE,,26.2,-11.04,11.04,,65,49.4,47.7
PROD-2025-0547,Smart Baby Safety Gear Swaddle,Baby,Baby Safety Gear,23531,3423760.5,117.76,149.96,Bol - BFC Site 2,BFC2,8714252028102,"Mechie Trommelenweg 1, 5145 ND Waalwijk",FALSE,FALSE,TRUE,China,21.59,,5,,,,FALSE,45.0,56.0,55.0,51.8,0.0,80.0,TRUE,28.0,40.8,High,Packaging_Type; Material_Recyclable_Pct,FALSE,,Standard,,PROD-2025-0239,FALSE,,9.6,-30.82,30.82,18.6,93,31.8,50.0
PROD-2025-0548,Wireless Korean Skincare Brush,Beauty & Skincare,Korean Skincare,33370,3453795.0,69.92,120.52,Bol - BFC Site 1,BFC1,8714252028140,"Mechie Trommelenweg 1, 5145 ND Waalwijk",FALSE,TRUE,TRUE,USA,2.94,Recyclable Cardboard,2,,,,,70.0,52.5,85.0,70.0,38.7,100.0,TRUE,60.2,60.7,High,Material_Recyclable_Pct,FALSE,,Next day,,PROD-2025-0311,FALSE,,68.9,13.34,0.0,2.3,36,88.8,12.5
PROD-2025-0549,Smart Upcycled Fashion Brush,Eco-Friendly,Upcycled Fashion,84618,12904245.0,111.32,169.28,Bol - BFC XL 2,BFCXL2,8714252028133,"Rietgraaf 10, 6678 PJ Oosterhout",TRUE,TRUE,TRUE,Germany,29.05,Foam + Plastic,8,,86,Fair Trade,FALSE,10.0,86.0,100.0,64.3,57.4,100.0,FALSE,72.3,60.6,High,None,TRUE,"Eco claim, but packaged in Foam + Plastic.",Today,,PROD-2025-0250,FALSE,Social / ethical (not environmental),33.3,-4.6,4.6,19.4,20,33.8,87.5
PROD-2025-0550,Portable E-books Tool,Digital Goods,E-books,97581,17564580.0,128.8,202.4,Bol - BFC XL,BFCXL,8714252028195,"Divisiedok 1, 3439 JM Nieuwegein",FALSE,FALSE,FALSE,,0.0,Digital - No Packaging,,,,,,100.0,49.0,100.0,84.7,100.0,70.0,TRUE,89.5,94.6,Medium,Material_Recyclable_Pct; Country_Of_Origin; Repairability/Lifespan,FALSE,,Standard,,,FALSE,,4.4,,,,,100.0,100.0
PROD-2025-0551,Aura Personal Care Gadgets Perfume,Beauty & Skincare,Personal Care Gadgets,85943,10528017.5,103.04,122.36,Bol - BFC XL 2,BFCXL2,8714252028133,"Rietgraaf 10, 6678 PJ Oosterhout",FALSE,FALSE,TRUE,Germany,6.84,Plastic,,,,FSC Certified,FALSE,25.0,60.0,100.0,61.8,86.0,100.0,FALSE,90.9,59.7,High,Material_Recyclable_Pct; Repairability/Lifespan,TRUE,"Eco claim, but packaged in Plastic.",Standard,,PROD-2025-0739,FALSE,Sustainable forestry,59.8,-92.0,92.0,1.9,10,51.7,50.0
PROD-2025-0552,Pure Organic Baby Clothing Swaddle,Baby,Organic Baby Clothing,14801,1428296.5,51.52,126.04,Bol - BFC Site 1,BFC1,8714252028140,"Mechie Trommelenweg 1, 5145 ND Waalwijk",FALSE,TRUE,TRUE,Germany,7.32,Plastic,6,1.5,80,,FALSE,25.0,80.0,85.0,62.5,48.6,100.0,TRUE,66.6,66.0,High,None,FALSE,,Next day,,,TRUE,,67.5,,,,,86.4,40.7
PROD-2025-0553,Wireless Portable Audio Case,Electronics,Portable Audio,79147,3245027.0,24.84,50.6,Bol - Ingram Micro,INGRAM,8712423020603,"Veerweg 16, 5145 NS Waalwijk",FALSE,FALSE,TRUE,China,156.34,,9,2.3,,,FALSE,45.0,43.5,30.0,39.3,35.8,80.0,TRUE,51.3,47.7,High,Packaging_Type; Material_Recyclable_Pct,FALSE,,Standard,,PROD-2025-0944,FALSE,,89.2,-3.22,3.22,45.0,37,50.0,50.7
PROD-2025-0554,Swift Online Courses Preset,Digital Goods,Online Courses,61645,6133677.5,58.88,124.2,Bol - BFC Site 2,BFC2,8714252028102,"Mechie Trommelenweg 1, 5145 ND Waalwijk",FALSE,FALSE,FALSE,USA,0.0,Digital - No Packaging,,,,,,100.0,49.0,55.0,69.0,100.0,100.0,TRUE,100.0,92.2,Medium,Material_Recyclable_Pct; Repairability/Lifespan,FALSE,,Standard,,,FALSE,,54.0,,,,,100.0,100.0
PROD-2025-0555,Aura Wearable Tech Case,Electronics,Wearable Tech,61417,3562186.0,15.64,91.08,Bol - BFC XL 2,BFCXL2,8714252028133,"Rietgraaf 10, 6678 PJ Oosterhout",TRUE,TRUE,TRUE,China,214.3,Plastic,9,8.9,43,,FALSE,25.0,43.0,100.0,56.6,35.8,100.0,TRUE,58.3,52.7,High,None,FALSE,,Today,,PROD-2025-0614,FALSE,,77.5,125.58,0.0,95.4,13,20.0,91.3
PROD-2025-0556,Sustainable Recovery Tools Dumbbell,Fitness,Recovery Tools,26032,1548904.0,10.12,99.36,Bol - BFC XL,BFCXL,8714252028195,"Divisiedok 1, 3439 JM Nieuwegein",FALSE,FALSE,TRUE,Taiwan,55.15,Mixed Plastic+Cardboard,,6.5,,,FALSE,45.0,53.0,100.0,66.7,0.0,100.0,TRUE,35.0,50.1,High,Material_Recyclable_Pct,FALSE,,Standard,,PROD-2025-0783,FALSE,,79.6,46.46,0.0,43.1,36,50.0,42.7
PROD-2025-0557,Zen Zero-waste Kits Kit,Eco-Friendly,Zero-waste Kits,305669,47225860.5,112.24,172.04,Bol - BFC Site 2,BFC2,8714252028102,"Mechie Trommelenweg 1, 5145 ND Waalwijk",FALSE,TRUE,TRUE,,6.65,Biodegradable,3,,46,EU Ecolabel,FALSE,90.0,46.0,55.0,64.5,44.1,70.0,TRUE,53.2,62.1,High,Country_Of_Origin,FALSE,,Standard,,PROD-2025-0731,TRUE,Lifecycle (broad environmental),34.4,-66.7,66.7,3.5,46,90.8,25.0
PROD-2025-0558,Swift Yoga Gear Dumbbell,Fitness,Yoga Gear,27664,4716712.0,113.16,200.56,Bol - BFC XL 2,BFCXL2,8714252028164,"Rietgraaf 10, 6678 PJ Oosterhout",FALSE,TRUE,TRUE,China,,Mixed Plastic+Cardboard,4,6.6,,,FALSE,45.0,52.0,100.0,66.3,6.5,100.0,TRUE,39.3,50.2,Medium,CO2_Footprint_kg; Material_Recyclable_Pct,FALSE,,Next day,,PROD-2025-0233,FALSE,,12.4,-105.8,105.8,,55,50.0,40.7
PROD-2025-0559,Ergonomic Eco-friendly Cleaning Blender,Home & Garden,Eco-friendly Cleaning,24152,3236368.0,115.0,131.56,Bol - BFC XL 2,BFCXL2,8714252028164,"Rietgraaf 10, 6678 PJ Oosterhout",FALSE,TRUE,TRUE,Germany,157.77,Mixed Plastic+Cardboard,,10.5,,,FALSE,45.0,47.5,100.0,65.0,51.4,100.0,TRUE,68.4,45.7,High,Material_Recyclable_Pct,FALSE,,Standard,,PROD-2025-0052,FALSE,,24.0,-71.76,71.76,105.1,53,25.7,40.7
PROD-2025-0560,Pure Biodegradable Products Wrap,Eco-Friendly,Biodegradable Products,53632,8876096.0,114.08,190.44,Bol - BFC Site 2,BFC2,8714252028102,"Mechie Trommelenweg 1, 5145 ND Waalwijk",TRUE,TRUE,TRUE,Denmark,,Biodegradable,,7.2,,EU Ecolabel,,90.0,70.0,55.0,71.8,44.1,100.0,TRUE,63.7,61.5,Medium,CO2_Footprint_kg; Material_Recyclable_Pct,FALSE,,Standard,,PROD-2025-0729,FALSE,Lifecycle (broad environmental),30.1,-95.22,95.22,,19,49.2,67.3
PROD-2025-0561,Premium Zero-waste Kits Utensils,Eco-Friendly,Zero-waste Kits,43132,7052082.0,137.08,163.76,Bol - BFC XL 2,BFCXL2,8714252028133,"Rietgraaf 10, 6678 PJ Oosterhout",FALSE,TRUE,TRUE,Netherlands,32.68,Mixed Plastic+Cardboard,8,7.2,53,EU Ecolabel,FALSE,45.0,53.0,100.0,66.7,64.7,100.0,FALSE,77.1,56.7,High,None,TRUE,"Carries an eco label, but scores below the category average on our independent check.",Standard,,PROD-2025-0545,FALSE,Lifecycle (broad environmental),22.6,-115.92,115.92,29.4,27,26.2,77.4
PROD-2025-0562,Portable Educational Toys Bottle,Baby,Educational Toys,59925,3086137.5,20.24,74.52,Bol - BFC Site 2,BFC2,8714252028102,"Mechie Trommelenweg 1, 5145 ND Waalwijk",FALSE,TRUE,TRUE,,,Mixed Plastic+Cardboard,1,,,,FALSE,45.0,55.5,55.0,51.6,48.6,70.0,TRUE,56.1,38.8,Low,CO2_Footprint_kg; Material_Recyclable_Pct; Country_Of_Origin,FALSE,,Next day,,PROD-2025-0406,FALSE,,71.9,-23.92,23.92,,34,50.0,0.0
PROD-2025-0563,Glow Footwear Sneakers,Fashion,Footwear,22098,3115818.0,91.08,168.36,Bol - BFC XL 2,BFCXL2,8714252028133,"Rietgraaf 10, 6678 PJ Oosterhout",FALSE,TRUE,TRUE,,45.52,Mixed Plastic+Cardboard,,2.3,50,,FALSE,45.0,50.0,100.0,65.8,20.3,70.0,TRUE,37.7,29.0,High,Country_Of_Origin,FALSE,,Standard,,PROD-2025-0277,TRUE,,2.0,-68.54,68.54,37.5,142,5.0,20.8
PROD-2025-0564,Aura Fragrances Dryer,Beauty & Skincare,Fragrances,485966,42036059.0,41.4,117.76,Bol - Ingram Micro,INGRAM,8712423020603,"Veerweg 16, 5145 NS Waalwijk",TRUE,TRUE,TRUE,,3.62,,3,,59,,FALSE,45.0,59.0,30.0,43.9,38.7,50.0,TRUE,42.7,53.5,Medium,Packaging_Type; Country_Of_Origin,FALSE,,Today,,PROD-2025-0593,FALSE,,72.1,-40.02,40.02,1.1,25,85.4,25.0
PROD-2025-0565,Wireless Kitchen Gadgets Vacuum,Home & Garden,Kitchen Gadgets,32920,5662240.0,114.08,202.4,Bol - BFC XL 2,BFCXL2,8714252028164,"Rietgraaf 10, 6678 PJ Oosterhout",FALSE,TRUE,TRUE,Netherlands,111.82,,7,7.9,,,FALSE,45.0,47.5,100.0,65.0,81.1,80.0,TRUE,80.7,57.9,High,Packaging_Type; Material_Recyclable_Pct,FALSE,,Standard,,PROD-2025-0304,FALSE,,21.2,-4.14,4.14,88.7,12,48.6,50.2
PROD-2025-0566,Vital Recovery Tools Scale,Fitness,Recovery Tools,52993,4318929.5,43.24,106.72,Bol - BFC Site 1,BFC1,8714252028140,"Mechie Trommelenweg 1, 5145 ND Waalwijk",FALSE,TRUE,TRUE,,12.36,,,3.6,51,,,45.0,51.0,85.0,60.8,6.5,50.0,TRUE,21.8,51.9,Medium,Packaging_Type; Country_Of_Origin,FALSE,,Next day,,PROD-2025-0126,FALSE,,67.2,-9.2,9.2,,16,91.2,6.1
PROD-2025-0567,Luxe Footwear Scarf,Fashion,Footwear,31060,2873050.0,81.88,88.32,Bol - BFC Site 2,BFC2,8714252028102,"Mechie Trommelenweg 1, 5145 ND Waalwijk",FALSE,TRUE,TRUE,Bangladesh,39.79,,3,4.2,,,FALSE,45.0,49.5,55.0,49.8,20.3,80.0,TRUE,41.2,35.0,High,Packaging_Type; Material_Recyclable_Pct,FALSE,,Standard,,PROD-2025-0277,FALSE,,35.6,-23.92,23.92,31.8,101,11.7,49.3
PROD-2025-0568,Wireless Sustainable Apparel Leggings,Fashion,Sustainable Apparel,14379,905877.0,36.8,79.12,Bol - BFC Site 1,BFC1,8714252028140,"Mechie Trommelenweg 1, 5145 ND Waalwijk",FALSE,TRUE,TRUE,Turkey,,Mixed Plastic+Cardboard,5,4.4,21,,FALSE,45.0,21.0,85.0,51.8,73.0,100.0,TRUE,82.4,60.1,Medium,CO2_Footprint_kg,FALSE,,Next day,,PROD-2025-0810,FALSE,,87.1,-14.26,14.26,,9,50.0,69.3
PROD-2025-0569,Nano Personal Care Gadgets Brush,Beauty & Skincare,Personal Care Gadgets,81457,11811265.0,123.28,143.52,Bol - BFC Site 2,BFC2,8714252028102,"Mechie Trommelenweg 1, 5145 ND Waalwijk",FALSE,FALSE,TRUE,China,5.87,Mixed Plastic+Cardboard,4,,64,,FALSE,45.0,64.0,55.0,54.2,23.7,100.0,TRUE,50.4,54.1,High,None,FALSE,,Standard,,PROD-2025-0830,TRUE,,32.8,-1.84,1.84,1.2,11,67.4,37.5
PROD-2025-0570,Organic Charging Solutions Projector,Electronics,Charging Solutions,69678,10765251.0,128.8,155.48,Bol - BFC Site 2,BFC2,8714252028102,"Mechie Trommelenweg 1, 5145 ND Waalwijk",FALSE,TRUE,TRUE,Taiwan,88.49,,,9.6,,,FALSE,45.0,43.5,55.0,48.0,0.0,80.0,TRUE,28.0,63.9,High,Packaging_Type; Material_Recyclable_Pct,FALSE,,Next day,,PROD-2025-0695,FALSE,,28.8,21.16,0.0,45.0,19,68.8,94.7
PROD-2025-0571,Wireless Organic Baby Clothing Monitor,Baby,Organic Baby Clothing,15909,2672712.0,116.84,192.28,Bol - BFC Site 2,BFC2,8714252028102,"Mechie Trommelenweg 1, 5145 ND Waalwijk",FALSE,FALSE,TRUE,China,15.43,Foam + Plastic,6,,,,TRUE,10.0,55.5,55.0,39.4,0.0,100.0,FALSE,35.0,50.2,High,Material_Recyclable_Pct,TRUE,"Eco claim, but packaged in Foam + Plastic.",Standard,,PROD-2025-0552,FALSE,,13.2,-65.78,65.78,8.1,31,55.7,62.5
PROD-2025-0572,Ultra Wearable Tech Adapter,Electronics,Wearable Tech,10869,266290.5,18.4,26.68,Bol - Ingram Micro,INGRAM,8712423020603,"Veerweg 16, 5145 NS Waalwijk",FALSE,TRUE,TRUE,South Korea,249.8,Mixed Plastic+Cardboard,,3.3,72,Cradle to Cradle,FALSE,45.0,72.0,30.0,47.8,25.9,100.0,FALSE,51.9,23.7,High,None,TRUE,"Marketed as eco, but shipped from far away with an above-average footprint.",Next day,,,FALSE,Material circularity,82.9,,,,,0.0,16.0
PROD-2025-0573,Pro Baby Safety Gear Pacifier,Baby,Baby Safety Gear,17160,2376660.0,124.2,130.64,Bol - BFC Site 1,BFC1,8714252028140,"Mechie Trommelenweg 1, 5145 ND Waalwijk",TRUE,TRUE,TRUE,Netherlands,11.46,Minimal Packaging,1,,38,,FALSE,80.0,38.0,85.0,69.1,71.6,100.0,TRUE,81.6,55.0,High,None,FALSE,,Today,,PROD-2025-0464,FALSE,,35.1,-68.54,68.54,5.8,26,72.7,0.0
PROD-2025-0574,Pro Interactive Pet Toys Bowl,Pet,Interactive Pet Toys,34212,2942232.0,49.68,108.56,Bol - BFC Site 1,BFC1,8714252028140,"Mechie Trommelenweg 1, 5145 ND Waalwijk",FALSE,FALSE,TRUE,Germany,,Mixed Plastic+Cardboard,3,,43,,,45.0,43.0,85.0,58.4,64.9,100.0,TRUE,77.2,49.7,Medium,CO2_Footprint_kg,FALSE,,Standard,,PROD-2025-0370,FALSE,,60.2,-12.88,12.88,,27,49.3,25.0
PROD-2025-0575,Eco Stock Media Tool,Digital Goods,Stock Media,19092,2644242.0,108.56,146.28,Bol - BFC Site 2,BFC2,8714252028102,"Mechie Trommelenweg 1, 5145 ND Waalwijk",FALSE,FALSE,FALSE,,0.0,Digital - No Packaging,,,,,,100.0,49.0,55.0,69.0,100.0,70.0,TRUE,89.5,90.7,Medium,Material_Recyclable_Pct; Country_Of_Origin; Repairability/Lifespan,FALSE,,Standard,,,FALSE,,27.4,,,,,100.0,100.0
PROD-2025-0576,Smart Charging Solutions Earbuds,Electronics,Charging Solutions,49241,7435391.0,115.0,162.84,Bol - Ingram Micro,INGRAM,8712423020603,"Veerweg 16, 5145 NS Waalwijk",FALSE,TRUE,TRUE,China,,Recyclable Cardboard,4,5.0,,,FALSE,70.0,43.5,30.0,48.0,35.8,100.0,TRUE,58.3,47.8,Medium,CO2_Footprint_kg; Material_Recyclable_Pct,FALSE,,Next day,,PROD-2025-0072,FALSE,,13.5,-51.06,51.06,,38,50.0,38.1
PROD-2025-0577,Pure Smart Baby Monitors Monitor,Baby,Smart Baby Monitors,13970,461010.0,12.88,47.84,Bol - BFC Site 2,BFC2,8714252028102,"Mechie Trommelenweg 1, 5145 ND Waalwijk",FALSE,TRUE,TRUE,Netherlands,21.86,,,,,,,45.0,55.5,55.0,51.6,71.6,80.0,TRUE,74.6,47.5,Medium,Packaging_Type; Material_Recyclable_Pct; Repairability/Lifespan,FALSE,,Standard,,PROD-2025-0400,FALSE,,93.0,-5.98,5.98,9.5,15,29.5,52.2
PROD-2025-0578,Glow Phone Accessories Earbuds,Electronics,Phone Accessories,47849,3253732.0,39.56,85.56,Bol - BFC Site 1,BFC1,8714252028140,"Mechie Trommelenweg 1, 5145 ND Waalwijk",FALSE,FALSE,TRUE,China,131.46,Recyclable Cardboard,9,6.0,54,,FALSE,70.0,54.0,85.0,70.5,35.8,100.0,TRUE,58.3,65.5,High,None,FALSE,,Standard,,PROD-2025-0538,TRUE,,82.0,-5.06,5.06,107.3,13,57.5,76.0
PROD-2025-0579,Premium Organic Makeup Dryer,Beauty & Skincare,Organic Makeup,46233,7189231.5,131.56,154.56,Bol - BFC Site 1,BFC1,8714252028140,"Mechie Trommelenweg 1, 5145 ND Waalwijk",FALSE,TRUE,TRUE,France,6.73,Recyclable Cardboard,3,1.6,,,FALSE,70.0,52.5,85.0,70.0,59.1,100.0,TRUE,73.4,61.1,High,Material_Recyclable_Pct,FALSE,,Standard,,PROD-2025-0217,FALSE,,38.5,-24.84,24.84,1.4,26,53.9,54.9
PROD-2025-0580,Ergonomic Portable Audio Earbuds,Electronics,Portable Audio,41268,2723688.0,30.36,91.08,Bol - BFC Site 2,BFC2,8714252028102,"Mechie Trommelenweg 1, 5145 ND Waalwijk",FALSE,FALSE,TRUE,,61.63,Minimal Packaging,7,3.5,24,,,80.0,24.0,55.0,54.5,35.8,70.0,TRUE,47.8,59.9,High,Country_Of_Origin,FALSE,,Standard,,PROD-2025-0944,FALSE,,76.6,-26.22,26.22,,9,78.8,46.2
PROD-2025-0581,Flex Smart Lighting Vacuum,Home & Garden,Smart Lighting,41537,6604383.0,103.96,188.6,Bol - Ingram Micro,INGRAM,8712423020603,"Veerweg 16, 5145 NS Waalwijk",FALSE,FALSE,TRUE,Germany,,,4,19.7,,,,45.0,47.5,30.0,40.5,51.4,80.0,TRUE,61.4,54.0,Low,CO2_Footprint_kg; Packaging_Type; Material_Recyclable_Pct,FALSE,,Standard,,PROD-2025-0910,FALSE,,23.1,-70.84,70.84,,26,50.0,68.8
PROD-2025-0582,Organic Menswear Sunglasses,Fashion,Menswear,28300,4825150.0,130.64,183.08,Bol - BFC Site 1,BFC1,8714252028140,"Mechie Trommelenweg 1, 5145 ND Waalwijk",TRUE,TRUE,TRUE,,47.32,Plastic,2,,,,FALSE,25.0,49.5,85.0,53.3,20.3,70.0,TRUE,37.7,22.7,Medium,Material_Recyclable_Pct; Country_Of_Origin,FALSE,,Today,,PROD-2025-0156,FALSE,,1.0,-69.0,69.0,38.9,191,1.7,12.5
PROD-2025-0583,Minimalist Home Office Decor Cleaner,Home & Garden,Home Office Decor,36752,2774776.0,42.32,96.6,Bol - BFC Site 1,BFC1,8714252028140,"Mechie Trommelenweg 1, 5145 ND Waalwijk",FALSE,FALSE,TRUE,China,,,8,,,,FALSE,45.0,47.5,85.0,59.8,0.0,80.0,TRUE,28.0,58.5,Low,CO2_Footprint_kg; Packaging_Type; Material_Recyclable_Pct,FALSE,,Standard,,,FALSE,,76.0,,,,,50.0,87.5
PROD-2025-0584,Zen Zero-waste Kits Utensils,Eco-Friendly,Zero-waste Kits,99400,9989700.0,57.96,126.96,Bol - BFC Site 1,BFC1,8714252028140,"Mechie Trommelenweg 1, 5145 ND Waalwijk",FALSE,FALSE,TRUE,,,Biodegradable,,9.1,52,EU Ecolabel,FALSE,90.0,52.0,85.0,76.8,44.1,70.0,TRUE,53.2,67.5,Medium,CO2_Footprint_kg; Country_Of_Origin,FALSE,,Standard,,PROD-2025-0731,FALSE,Lifecycle (broad environmental),64.5,-17.02,17.02,,34,49.2,92.3
PROD-2025-0585,Premium Online Courses App,Digital Goods,Online Courses,85492,8976660.0,50.6,142.6,Bol - BFC Site 2,BFC2,8714252028102,"Mechie Trommelenweg 1, 5145 ND Waalwijk",FALSE,FALSE,FALSE,USA,0.0,Digital - No Packaging,,,,EU Ecolabel,,100.0,49.0,55.0,69.0,100.0,100.0,TRUE,100.0,92.2,High,Material_Recyclable_Pct; Repairability/Lifespan,FALSE,,Standard,,,TRUE,Lifecycle (broad environmental),48.7,,,,,100.0,100.0
PROD-2025-0586,Eco Home Gym Equipment Dumbbell,Fitness,Home Gym Equipment,74856,2994240.0,11.04,62.56,Bol - BFC Site 1,BFC1,8714252028140,"Mechie Trommelenweg 1, 5145 ND Waalwijk",FALSE,TRUE,TRUE,Germany,97.64,Plastic,6,,,,,25.0,48.0,85.0,52.9,87.9,100.0,TRUE,92.1,43.7,High,Material_Recyclable_Pct,FALSE,,Next day,,PROD-2025-0177,FALSE,,84.7,90.16,0.0,80.1,71,2.9,62.5
PROD-2025-0587,Glow Smart Baby Monitors Monitor,Baby,Smart Baby Monitors,407454,25262148.0,36.8,77.28,Bol - BFC Site 2,BFC2,8714252028102,"Mechie Trommelenweg 1, 5145 ND Waalwijk",FALSE,TRUE,TRUE,,24.24,Biodegradable,6,3.1,,,FALSE,90.0,55.5,55.0,67.4,48.6,70.0,TRUE,56.1,46.9,Medium,Material_Recyclable_Pct; Country_Of_Origin,FALSE,,Standard,,PROD-2025-0352,FALSE,,72.8,-5.52,5.52,16.8,38,19.3,59.5
PROD-2025-0588,Nano Zero-waste Kits Bottle,Eco-Friendly,Zero-waste Kits,76562,6622613.0,54.28,104.88,Bol - BFC Site 1,BFC1,8714252028140,"Mechie Trommelenweg 1, 5145 ND Waalwijk",FALSE,TRUE,TRUE,,1.35,Mixed Plastic+Cardboard,8,4.4,,Cradle to Cradle,,45.0,70.0,85.0,66.5,44.1,70.0,TRUE,53.2,74.1,High,Material_Recyclable_Pct; Country_Of_Origin,FALSE,,Next day,,PROD-2025-0731,TRUE,Material circularity,75.3,-4.14,4.14,,22,98.5,60.1
PROD-2025-0589,Smart Smart Fitness Trackers Band,Fitness,Smart Fitness Trackers,333904,25543656.0,49.68,91.08,Bol - Ingram Micro,INGRAM,8712423020603,"Veerweg 16, 5145 NS Waalwijk",FALSE,TRUE,TRUE,,93.09,Biodegradable,4,4.9,,,FALSE,90.0,38.5,30.0,53.5,6.5,70.0,TRUE,28.8,28.3,Medium,Material_Recyclable_Pct; Country_Of_Origin,FALSE,,Standard,,PROD-2025-0064,FALSE,,27.7,-11.96,11.96,77.8,151,7.8,31.6
PROD-2025-0590,Wireless Biodegradable Products Straws,Eco-Friendly,Biodegradable Products,18900,982800.0,20.24,75.44,Bol - BFC XL 2,BFCXL2,8714252028133,"Rietgraaf 10, 6678 PJ Oosterhout",FALSE,TRUE,TRUE,,39.43,Recyclable Cardboard,8,3.4,74,,FALSE,70.0,74.0,100.0,81.7,44.1,70.0,FALSE,53.2,45.3,High,Country_Of_Origin,TRUE,"Carries an eco label, but scores below the category average on our independent check.",Next day,,PROD-2025-0930,FALSE,,77.4,-15.18,15.18,19.7,26,10.8,52.4
PROD-2025-0591,Portable Reusable Packaging Bottle,Eco-Friendly,Reusable Packaging,93654,12830598.0,92.92,159.16,Bol - BFC Site 2,BFC2,8714252028102,"Mechie Trommelenweg 1, 5145 ND Waalwijk",FALSE,TRUE,TRUE,Sweden,,Recyclable Cardboard,,8.9,,,FALSE,70.0,70.0,55.0,64.8,30.9,100.0,TRUE,55.1,63.8,Medium,CO2_Footprint_kg; Material_Recyclable_Pct,FALSE,,Standard,,PROD-2025-0257,FALSE,,43.0,-107.18,107.18,,14,49.2,88.5
PROD-2025-0592,Vital Organic Makeup Lipstick,Beauty & Skincare,Organic Makeup,61554,3877902.0,23.0,92.92,Bol - BFC Site 1,BFC1,8714252028140,"Mechie Trommelenweg 1, 5145 ND Waalwijk",FALSE,TRUE,TRUE,China,,Foam + Plastic,,,,,FALSE,10.0,52.5,85.0,49.0,23.7,100.0,TRUE,50.4,49.6,Low,CO2_Footprint_kg; Material_Recyclable_Pct; Repairability/Lifespan,FALSE,,Next day,,PROD-2025-0217,FALSE,,80.3,60.26,0.0,,55,49.4,50.0
PROD-2025-0593,Zen Fragrances Mask,Beauty & Skincare,Fragrances,437908,18830044.0,11.04,68.08,Bol - BFC Site 1,BFC1,8714252028140,"Mechie Trommelenweg 1, 5145 ND Waalwijk",FALSE,TRUE,TRUE,South Korea,2.49,Recyclable Cardboard,,,,,FALSE,70.0,52.5,85.0,70.0,0.0,100.0,TRUE,35.0,67.1,Medium,Material_Recyclable_Pct; Repairability/Lifespan,FALSE,,Standard,,PROD-2025-0229,FALSE,,92.6,80.5,0.0,,14,91.0,50.0
PROD-2025-0594,Zen Womenswear Belt,Fashion,Womenswear,71291,6879581.5,46.0,131.56,Bol - BFC Site 1,BFC1,8714252028140,"Mechie Trommelenweg 1, 5145 ND Waalwijk",FALSE,TRUE,TRUE,China,3.44,Mixed Plastic+Cardboard,1,,77,,FALSE,45.0,77.0,85.0,68.6,0.0,100.0,TRUE,35.0,56.8,High,None,FALSE,,Next day,,PROD-2025-0984,TRUE,,69.3,24.84,0.0,,35,98.3,0.0
PROD-2025-0595,Vital Home Office Decor Diffuser,Home & Garden,Home Office Decor,27513,4016898.0,130.64,138.0,Bol - BFC Site 2,BFC2,8714252028102,"Mechie Trommelenweg 1, 5145 ND Waalwijk",FALSE,TRUE,TRUE,China,,Recyclable Cardboard,5,,8,,FALSE,70.0,8.0,55.0,46.1,0.0,100.0,TRUE,35.0,46.8,Medium,CO2_Footprint_kg,FALSE,,Standard,,PROD-2025-0749,FALSE,,15.4,-11.5,11.5,,33,50.0,50.0
PROD-2025-0596,Zen Wearable Tech Hub,Electronics,Wearable Tech,24228,496674.0,14.72,23.0,Bol - Ingram Micro,INGRAM,8712423020603,"Veerweg 16, 5145 NS Waalwijk",FALSE,FALSE,TRUE,South Korea,130.58,Plastic,5,,20,,FALSE,25.0,20.0,30.0,25.2,25.9,100.0,TRUE,51.9,47.2,High,None,FALSE,,Standard,,PROD-2025-0614,FALSE,,100.0,160.08,0.0,11.7,27,58.8,50.0
PROD-2025-0597,Ultra Yoga Gear Dumbbell,Fitness,Yoga Gear,405581,16628821.0,14.72,60.72,Bol - Ingram Micro,INGRAM,8712423020603,"Veerweg 16, 5145 NS Waalwijk",FALSE,TRUE,TRUE,China,89.85,Mixed Plastic+Cardboard,,5.4,52,,TRUE,45.0,52.0,30.0,41.8,6.5,75.0,FALSE,30.5,25.8,High,None,TRUE,"Carbon-neutral certified, but CO2 is in the top 25% for its category.",Standard,,PROD-2025-0762,FALSE,,66.4,8.74,0.0,45.9,191,9.8,29.3
PROD-2025-0598,Zen E-books Course,Digital Goods,E-books,26455,3809520.0,102.12,162.84,Bol - BFC XL,BFCXL,8714252028195,"Divisiedok 1, 3439 JM Nieuwegein",FALSE,FALSE,FALSE,,0.0,Digital - No Packaging,,,,,,100.0,49.0,100.0,84.7,100.0,70.0,TRUE,89.5,94.6,Medium,Material_Recyclable_Pct; Country_Of_Origin; Repairability/Lifespan,FALSE,,Standard,,,FALSE,,28.3,,,,,100.0,100.0
PROD-2025-0599,Smart Eco-friendly Diapers Pacifier,Baby,Eco-friendly Diapers,25834,4908460.0,129.72,219.88,Bol - BFC Site 1,BFC1,8714252028140,"Mechie Trommelenweg 1, 5145 ND Waalwijk",FALSE,FALSE,TRUE,Netherlands,28.87,Recyclable Cardboard,2,2.4,66,,FALSE,70.0,66.0,85.0,74.0,71.6,100.0,TRUE,81.6,38.2,High,None,FALSE,,Standard,,PROD-2025-0244,TRUE,,1.8,-37.72,37.72,21.2,98,2.3,26.5
PROD-2025-0600,Ultra Digital Planners Preset,Digital Goods,Digital Planners,82292,14154224.0,136.16,180.32,Bol - BFC Site 2,BFC2,8714252028102,"Mechie Trommelenweg 1, 5145 ND Waalwijk",FALSE,FALSE,FALSE,USA,0.0,Digital - No Packaging,,,,,,100.0,49.0,55.0,69.0,100.0,100.0,TRUE,100.0,92.2,Medium,Material_Recyclable_Pct; Repairability/Lifespan,FALSE,,Standard,,,FALSE,,7.1,,,,,100.0,100.0
PROD-2025-0601,Portable Personal Care Gadgets Brush,Beauty & Skincare,Personal Care Gadgets,19758,3250191.0,116.84,185.84,Bol - BFC Site 2,BFC2,8714252028102,"Mechie Trommelenweg 1, 5145 ND Waalwijk",FALSE,TRUE,TRUE,South Korea,6.62,Mixed Plastic+Cardboard,1,,,EU Ecolabel,FALSE,45.0,60.0,55.0,53.0,0.0,100.0,FALSE,35.0,38.6,High,Material_Recyclable_Pct,TRUE,"Carries an eco label, but scores below the category average on our independent check.",Standard,,PROD-2025-0830,FALSE,Lifecycle (broad environmental),6.6,-19.78,19.78,2.0,55,57.3,0.0
PROD-2025-0602,Smart Pet Apparel Bed,Pet,Pet Apparel,61177,2905907.5,21.16,66.24,Bol - BFC XL 2,BFCXL2,8714252028133,"Rietgraaf 10, 6678 PJ Oosterhout",TRUE,TRUE,TRUE,Germany,16.56,Recyclable Cardboard,4,,12,Energy Star,FALSE,70.0,12.0,100.0,63.1,64.9,100.0,FALSE,77.2,44.9,High,None,TRUE,"Eco claim, but only 12% recyclable material.",Standard,,,FALSE,Energy efficiency,82.5,,,,,23.3,37.5
PROD-2025-0603,Flex Pet Grooming Tools Shampoo,Pet,Pet Grooming Tools,78994,12165076.0,126.96,156.4,Bol - BFC Site 2,BFC2,8714252028102,"Mechie Trommelenweg 1, 5145 ND Waalwijk",FALSE,TRUE,TRUE,,,Mixed Plastic+Cardboard,2,,,,,45.0,44.0,55.0,48.2,40.5,70.0,TRUE,50.9,40.1,Low,CO2_Footprint_kg; Material_Recyclable_Pct; Country_Of_Origin,FALSE,,Standard,,PROD-2025-0497,FALSE,,8.7,-88.32,88.32,,83,49.3,12.5
PROD-2025-0604,Nano Accessories T-Shirt,Fashion,Accessories,161317,10001654.0,17.48,96.6,Bol - BFC Site 2,BFC2,8714252028102,"Mechie Trommelenweg 1, 5145 ND Waalwijk",FALSE,TRUE,TRUE,,38.16,Plastic,3,3.6,,,,25.0,49.5,55.0,42.9,20.3,70.0,TRUE,37.7,32.4,Medium,Material_Recyclable_Pct; Country_Of_Origin,FALSE,,Next day,,PROD-2025-0318,FALSE,,59.4,-14.26,14.26,31.1,102,20.0,36.1
PROD-2025-0605,Ultra Eco-friendly Diapers Carrier,Baby,Eco-friendly Diapers,40065,5929620.0,105.8,166.52,Bol - BFC Site 2,BFC2,8714252028102,"Mechie Trommelenweg 1, 5145 ND Waalwijk",FALSE,TRUE,TRUE,,13.86,Mixed Plastic+Cardboard,3,3.0,59,,,45.0,59.0,55.0,52.7,48.6,70.0,TRUE,56.1,53.9,High,Country_Of_Origin,FALSE,,Standard,,PROD-2025-0190,TRUE,,24.6,-106.72,106.72,4.6,17,64.8,38.6
PROD-2025-0606,Ergonomic Pet Apparel Feeder,Pet,Pet Apparel,298410,12384015.0,17.48,58.88,Bol - BFC Site 1,BFC1,8714252028140,"Mechie Trommelenweg 1, 5145 ND Waalwijk",FALSE,TRUE,TRUE,China,16.63,Mixed Plastic+Cardboard,,2.9,56,Cradle to Cradle,FALSE,45.0,56.0,85.0,62.3,0.0,100.0,FALSE,35.0,40.1,High,None,TRUE,"Marketed as eco, but shipped from far away with an above-average footprint.",Next day,,,FALSE,Material circularity,84.5,,,,,21.9,46.4
PROD-2025-0607,Minimalist Wearable Tech Adapter,Electronics,Wearable Tech,79332,5592906.0,20.24,109.48,Bol - Ingram Micro,INGRAM,8712423020603,"Veerweg 16, 5145 NS Waalwijk",FALSE,TRUE,TRUE,Japan,,Mixed Plastic+Cardboard,,8.1,,,,45.0,43.5,30.0,39.3,9.9,100.0,TRUE,41.4,52.5,Medium,CO2_Footprint_kg; Material_Recyclable_Pct,FALSE,,Standard,,PROD-2025-0713,FALSE,,68.5,-7.36,7.36,,45,50.0,76.0
PROD-2025-0608,Aura Zero-waste Kits Kit,Eco-Friendly,Zero-waste Kits,28671,1218517.5,21.16,57.04,Bol - BFC Site 1,BFC1,8714252028140,"Mechie Trommelenweg 1, 5145 ND Waalwijk",FALSE,FALSE,TRUE,USA,,Minimal Packaging,,,,,,80.0,70.0,85.0,78.8,0.0,100.0,FALSE,35.0,54.7,Low,CO2_Footprint_kg; Material_Recyclable_Pct; Repairability/Lifespan,TRUE,"Carries an eco label, but scores below the category average on our independent check.",Standard,,PROD-2025-0545,FALSE,,89.2,-4.6,4.6,,32,49.2,50.0
PROD-2025-0609,Premium Pet Grooming Tools Carrier,Pet,Pet Grooming Tools,30278,4057252.0,77.28,169.28,Bol - BFC Site 2,BFC2,8714252028102,"Mechie Trommelenweg 1, 5145 ND Waalwijk",FALSE,FALSE,TRUE,China,15.09,,2,,66,,FALSE,45.0,66.0,55.0,54.8,0.0,80.0,TRUE,28.0,31.1,High,Packaging_Type,FALSE,,Standard,,PROD-2025-0497,TRUE,,4.9,-69.92,69.92,12.9,135,28.8,12.5
PROD-2025-0610,Sustainable Digital Planners Asset,Digital Goods,Digital Planners,47779,3559535.5,40.48,96.6,Bol - BFC Site 1,BFC1,8714252028140,"Mechie Trommelenweg 1, 5145 ND Waalwijk",FALSE,FALSE,FALSE,USA,0.0,Digital - No Packaging,,,,,,100.0,49.0,85.0,79.5,100.0,100.0,TRUE,100.0,94.9,Medium,Material_Recyclable_Pct; Repairability/Lifespan,FALSE,,Standard,,,FALSE,,79.6,,,,,100.0,100.0
PROD-2025-0611,Aura Pet Grooming Tools Brush,Pet,Pet Grooming Tools,87765,4958722.5,41.4,62.56,Bol - BFC XL,BFCXL,8714252028195,"Divisiedok 1, 3439 JM Nieuwegein",FALSE,FALSE,TRUE,,10.81,Mixed Plastic+Cardboard,3,1.5,,,,45.0,44.0,100.0,63.9,40.5,70.0,TRUE,50.9,49.6,Medium,Material_Recyclable_Pct; Country_Of_Origin,FALSE,,Standard,,PROD-2025-0497,FALSE,,80.6,1.38,0.0,8.6,48,57.5,23.2
PROD-2025-0612,Smart Womenswear Jacket,Fashion,Womenswear,81326,5245527.0,55.2,63.48,Bol - BFC Site 2,BFC2,8714252028102,"Mechie Trommelenweg 1, 5145 ND Waalwijk",FALSE,TRUE,TRUE,China,29.64,Recyclable Cardboard,,2.2,16,,FALSE,70.0,16.0,55.0,48.5,0.0,100.0,TRUE,35.0,32.4,High,None,FALSE,,Next day,,PROD-2025-0984,FALSE,,55.4,54.28,0.0,22.4,137,33.3,13.2
PROD-2025-0613,Flex Stock Media Masterclass,Digital Goods,Stock Media,58865,6445717.5,94.76,106.72,Bol - BFC Site 1,BFC1,8714252028140,"Mechie Trommelenweg 1, 5145 ND Waalwijk",FALSE,FALSE,FALSE,,0.0,Digital - No Packaging,,,,,,100.0,49.0,85.0,79.5,100.0,70.0,TRUE,89.5,93.3,Medium,Material_Recyclable_Pct; Country_Of_Origin; Repairability/Lifespan,FALSE,,Standard,,,FALSE,,46.0,,,,,100.0,100.0
PROD-2025-0614,Eco Wearable Tech Case,Electronics,Wearable Tech,35872,6977104.0,135.24,222.64,Bol - Ingram Micro,INGRAM,8712423020603,"Veerweg 16, 5145 NS Waalwijk",FALSE,TRUE,TRUE,USA,118.88,Foam + Plastic,6,,56,,FALSE,10.0,56.0,30.0,30.8,96.3,100.0,TRUE,97.6,59.8,High,None,FALSE,,Next day,,,TRUE,,11.7,,,,,62.5,62.5
PROD-2025-0615,Ultra Home Gym Equipment Band,Fitness,Home Gym Equipment,86628,14683446.0,126.96,184.92,Bol - BFC XL,BFCXL,8714252028195,"Divisiedok 1, 3439 JM Nieuwegein",FALSE,FALSE,TRUE,China,47.76,Foam + Plastic,,3.5,76,,FALSE,10.0,76.0,100.0,61.3,6.5,100.0,TRUE,39.3,43.4,High,None,FALSE,,Standard,,PROD-2025-0177,TRUE,,3.6,-28.98,28.98,30.2,72,59.8,4.9
PROD-2025-0616,Zen Athleisure Hoodie,Fashion,Athleisure,33521,2480554.0,54.28,81.88,Bol - BFC Site 1,BFC1,8714252028140,"Mechie Trommelenweg 1, 5145 ND Waalwijk",FALSE,TRUE,TRUE,India,,Mixed Plastic+Cardboard,4,,,,FALSE,45.0,49.5,85.0,60.3,58.1,100.0,TRUE,72.8,52.9,Medium,CO2_Footprint_kg; Material_Recyclable_Pct,FALSE,,Next day,,PROD-2025-0909,FALSE,,76.2,-10.12,10.12,,19,50.0,37.5
PROD-2025-0617,Eco Menswear Belt,Fashion,Menswear,11617,1126849.0,57.04,121.44,Bol - BFC Site 1,BFC1,8714252028140,"Mechie Trommelenweg 1, 5145 ND Waalwijk",FALSE,TRUE,TRUE,China,,Recyclable Cardboard,5,,32,,,70.0,32.0,85.0,63.8,0.0,100.0,TRUE,35.0,51.2,Medium,CO2_Footprint_kg,FALSE,,Standard,,PROD-2025-0156,FALSE,,60.4,-1.38,1.38,,29,50.0,50.0
PROD-2025-0618,Pure Smart Fitness Trackers Band,Fitness,Smart Fitness Trackers,95594,12761799.0,103.96,141.68,Bol - BFC XL,BFCXL,8714252028195,"Divisiedok 1, 3439 JM Nieuwegein",FALSE,FALSE,TRUE,China,10.14,Foam + Plastic,5,,,,FALSE,10.0,38.5,100.0,50.0,6.5,100.0,TRUE,39.3,63.8,High,Material_Recyclable_Pct,FALSE,,Standard,,PROD-2025-0064,FALSE,,47.4,-64.4,64.4,,11,94.1,50.0
PROD-2025-0619,Premium Charging Solutions Adapter,Electronics,Charging Solutions,80172,3687912.0,15.64,69.0,Bol - BFC Site 2,BFC2,8714252028102,"Mechie Trommelenweg 1, 5145 ND Waalwijk",FALSE,TRUE,TRUE,,58.26,,6,,26,,FALSE,45.0,26.0,55.0,42.8,35.8,50.0,TRUE,40.8,60.4,Medium,Packaging_Type; Country_Of_Origin,FALSE,,Standard,,PROD-2025-0695,FALSE,,93.7,120.98,0.0,14.8,26,80.0,62.5
PROD-2025-0620,Pro Interactive Pet Toys Bowl,Pet,Interactive Pet Toys,97550,5023825.0,26.68,68.08,Bol - BFC Site 2,BFC2,8714252028102,"Mechie Trommelenweg 1, 5145 ND Waalwijk",FALSE,FALSE,TRUE,Netherlands,16.64,Minimal Packaging,,3.3,,,FALSE,80.0,44.0,55.0,60.5,82.4,100.0,TRUE,88.6,50.8,High,Material_Recyclable_Pct,FALSE,,Standard,,PROD-2025-0320,FALSE,,85.4,-0.92,0.92,15.5,17,20.5,60.7
PROD-2025-0621,Aura Biodegradable Products Utensils,Eco-Friendly,Biodegradable Products,79302,4639167.0,46.92,60.72,Bol - BFC Site 2,BFC2,8714252028102,"Mechie Trommelenweg 1, 5145 ND Waalwijk",TRUE,TRUE,TRUE,USA,31.89,Recyclable Cardboard,6,8.9,80,,FALSE,70.0,80.0,55.0,67.8,0.0,100.0,FALSE,35.0,50.8,High,None,TRUE,"Marketed as eco, but shipped from far away with an above-average footprint.",Today,,PROD-2025-0930,FALSE,,76.3,-21.16,21.16,12.2,12,27.7,75.5
PROD-2025-0622,Sustainable Charging Solutions Earbuds,Electronics,Charging Solutions,17209,2417864.5,96.6,161.92,Bol - Ingram Micro,INGRAM,8712423020603,"Veerweg 16, 5145 NS Waalwijk",FALSE,TRUE,TRUE,China,243.36,Recyclable Cardboard,3,,,Energy Star,FALSE,70.0,43.5,30.0,48.0,35.8,100.0,FALSE,58.3,28.3,High,Material_Recyclable_Pct,TRUE,"Marketed as eco, but shipped from far away with an above-average footprint.",Next day,,PROD-2025-0847,FALSE,Energy efficiency,2.7,-36.8,36.8,180.7,93,3.8,25.0
PROD-2025-0623,Smart Korean Skincare Lotion,Beauty & Skincare,Korean Skincare,29823,2937565.5,81.88,99.36,Bol - BFC Site 1,BFC1,8714252028140,"Mechie Trommelenweg 1, 5145 ND Waalwijk",FALSE,FALSE,TRUE,China,13.93,Plastic,2,0.9,60,,FALSE,25.0,60.0,85.0,56.5,23.7,100.0,TRUE,50.4,31.9,High,None,FALSE,,Standard,,PROD-2025-0932,TRUE,,25.4,-57.04,57.04,4.9,47,6.7,31.2
PROD-2025-0624,Smart E-books Asset,Digital Goods,E-books,41795,3260010.0,30.36,113.16,Bol - Ingram Micro,INGRAM,8712423020603,"Veerweg 16, 5145 NS Waalwijk",FALSE,FALSE,FALSE,,0.0,Digital - No Packaging,,,,Fair Trade,,100.0,49.0,30.0,60.2,100.0,70.0,FALSE,89.5,88.5,Medium,Material_Recyclable_Pct; Country_Of_Origin; Repairability/Lifespan,TRUE,"Carries an eco label, but scores below the category average on our independent check.",Standard,,,FALSE,Social / ethical (not environmental),74.3,,,,,100.0,100.0
PROD-2025-0625,Minimalist Home Gym Equipment Bench,Fitness,Home Gym Equipment,83247,5078067.0,44.16,68.08,Bol - Ingram Micro,INGRAM,8712423020603,"Veerweg 16, 5145 NS Waalwijk",FALSE,TRUE,TRUE,USA,65.18,Minimal Packaging,6,,75,,,80.0,75.0,30.0,61.0,63.6,100.0,TRUE,76.3,55.7,High,None,FALSE,,Standard,,PROD-2025-0382,TRUE,,81.0,-1.84,1.84,39.2,18,38.2,62.5
PROD-2025-0626,Premium Biodegradable Products Straws,Eco-Friendly,Biodegradable Products,81983,12994305.5,121.44,170.2,Bol - BFC Site 2,BFC2,8714252028102,"Mechie Trommelenweg 1, 5145 ND Waalwijk",FALSE,FALSE,TRUE,Germany,29.9,,4,4.1,59,Energy Star,FALSE,70.0,59.0,55.0,61.5,57.4,80.0,FALSE,65.3,44.2,High,Packaging_Type,TRUE,"Carries an eco label, but scores below the category average on our independent check.",Standard,,PROD-2025-0729,FALSE,Energy efficiency,6.5,-88.78,88.78,14.8,65,30.8,33.2
PROD-2025-0627,Vital Charging Solutions Watch,Electronics,Charging Solutions,60444,1873764.0,12.88,44.16,Bol - Ingram Micro,INGRAM,8712423020603,"Veerweg 16, 5145 NS Waalwijk",TRUE,TRUE,TRUE,,206.93,Mixed Plastic+Cardboard,,9.9,,FSC Certified,FALSE,45.0,43.5,30.0,39.3,35.8,70.0,FALSE,47.8,50.0,High,Material_Recyclable_Pct; Country_Of_Origin,TRUE,"Marketed as eco, but shipped from far away with an above-average footprint.",Today,,PROD-2025-0695,FALSE,Sustainable forestry,97.3,134.78,0.0,163.4,52,23.8,98.7
PROD-2025-0628,Organic Interactive Pet Toys Bowl,Pet,Interactive Pet Toys,83580,9862440.0,69.0,148.12,Bol - BFC XL,BFCXL,8714252028195,"Divisiedok 1, 3439 JM Nieuwegein",FALSE,TRUE,TRUE,Netherlands,,Mixed Plastic+Cardboard,1,1.5,,,FALSE,45.0,44.0,100.0,63.9,82.4,100.0,TRUE,88.6,49.2,Medium,CO2_Footprint_kg; Material_Recyclable_Pct,FALSE,,Next day,,PROD-2025-0370,FALSE,,37.9,-42.32,42.32,,28,49.3,10.7
PROD-2025-0629,Premium SaaS Subscriptions Template,Digital Goods,SaaS Subscriptions,95876,15723664.0,128.8,172.96,Bol - BFC Site 2,BFC2,8714252028102,"Mechie Trommelenweg 1, 5145 ND Waalwijk",FALSE,FALSE,FALSE,,0.0,Digital - No Packaging,,,,,,100.0,49.0,55.0,69.0,100.0,70.0,TRUE,89.5,90.7,Medium,Material_Recyclable_Pct; Country_Of_Origin; Repairability/Lifespan,FALSE,,Standard,,,FALSE,,9.7,,,,,100.0,100.0
PROD-2025-0630,Portable Personal Care Gadgets Lotion,Beauty & Skincare,Personal Care Gadgets,68080,987160.0,11.04,15.64,Bol - Ingram Micro,INGRAM,8712423020603,"Veerweg 16, 5145 NS Waalwijk",TRUE,TRUE,TRUE,,2.72,Mixed Plastic+Cardboard,4,,63,,,45.0,63.0,30.0,45.1,38.7,70.0,TRUE,49.7,59.6,High,Country_Of_Origin,FALSE,,Today,,PROD-2025-0739,TRUE,,100.0,7.36,0.0,,10,89.9,37.5
PROD-2025-0631,Glow Upcycled Fashion Sponge,Eco-Friendly,Upcycled Fashion,97924,6071288.0,38.64,75.44,Bol - BFC Site 2,BFC2,8714252028102,"Mechie Trommelenweg 1, 5145 ND Waalwijk",FALSE,TRUE,TRUE,Sweden,11.16,,,,,,,70.0,70.0,55.0,64.8,30.9,80.0,TRUE,48.1,65.0,Medium,Packaging_Type; Material_Recyclable_Pct; Repairability/Lifespan,FALSE,,Standard,,PROD-2025-0250,FALSE,,83.9,78.66,0.0,1.5,12,83.1,50.0
PROD-2025-0632,Vital Footwear Jacket,Fashion,Footwear,64812,8749620.0,85.56,162.84,Bol - BFC XL 2,BFCXL2,8714252028133,"Rietgraaf 10, 6678 PJ Oosterhout",FALSE,TRUE,TRUE,Bangladesh,,Foam + Plastic,,,57,,TRUE,10.0,57.0,100.0,55.6,20.3,100.0,FALSE,48.2,52.3,Low,CO2_Footprint_kg; Repairability/Lifespan,TRUE,"Eco claim, but packaged in Foam + Plastic.",Next day,,PROD-2025-0277,FALSE,,37.6,-63.02,63.02,,34,50.0,54.7
PROD-2025-0633,Zen Pet Apparel Bed,Pet,Pet Apparel,429022,20807567.0,41.4,47.84,Bol - BFC Site 2,BFC2,8714252028102,"Mechie Trommelenweg 1, 5145 ND Waalwijk",FALSE,TRUE,TRUE,Germany,,,,3.4,,,FALSE,45.0,44.0,55.0,48.2,64.9,80.0,TRUE,70.2,55.5,Low,CO2_Footprint_kg; Packaging_Type; Material_Recyclable_Pct,FALSE,,Standard,,PROD-2025-0165,FALSE,,88.3,-9.66,9.66,,17,49.3,62.5
PROD-2025-0634,Nano Zero-waste Kits Kit,Eco-Friendly,Zero-waste Kits,46925,1689300.0,26.68,39.56,Bol - BFC Site 2,BFC2,8714252028102,"Mechie Trommelenweg 1, 5145 ND Waalwijk",FALSE,FALSE,TRUE,Netherlands,,,4,,,EU Ecolabel,,70.0,70.0,55.0,64.8,64.7,80.0,FALSE,70.1,53.3,Medium,CO2_Footprint_kg; Packaging_Type; Material_Recyclable_Pct,TRUE,"Carries an eco label, but scores below the category average on our independent check.",Standard,,PROD-2025-0731,FALSE,Lifecycle (broad environmental),91.4,42.32,0.0,,70,49.2,37.5
PROD-2025-0635,Vital Womenswear Sunglasses,Fashion,Womenswear,85657,1884454.0,11.96,28.52,Bol - Ingram Micro,INGRAM,8712423020603,"Veerweg 16, 5145 NS Waalwijk",FALSE,TRUE,TRUE,Bangladesh,,Mixed Plastic+Cardboard,4,4.8,37,,FALSE,45.0,37.0,30.0,37.3,20.3,100.0,TRUE,48.2,51.3,Medium,CO2_Footprint_kg,FALSE,,Standard,,PROD-2025-0984,FALSE,,98.0,93.38,0.0,,50,50.0,68.8
PROD-2025-0636,Vital Educational Toys Diaper,Baby,Educational Toys,12885,901950.0,56.12,72.68,Bol - BFC Site 1,BFC1,8714252028140,"Mechie Trommelenweg 1, 5145 ND Waalwijk",FALSE,FALSE,TRUE,Germany,28.71,Minimal Packaging,6,,,,FALSE,80.0,55.5,85.0,74.4,48.6,100.0,TRUE,66.6,45.4,High,Material_Recyclable_Pct,FALSE,,Standard,,PROD-2025-0285,FALSE,,65.8,11.04,0.0,22.9,44,3.4,62.5
PROD-2025-0637,Pro Phone Accessories Charger,Electronics,Phone Accessories,85532,11717884.0,96.6,155.48,Bol - Ingram Micro,INGRAM,8712423020603,"Veerweg 16, 5145 NS Waalwijk",FALSE,FALSE,TRUE,Taiwan,74.47,Mixed Plastic+Cardboard,7,,,,FALSE,45.0,43.5,30.0,39.3,0.0,100.0,TRUE,35.0,59.6,High,Material_Recyclable_Pct,FALSE,,Standard,,PROD-2025-0538,FALSE,,33.3,-68.54,68.54,50.3,24,73.8,75.0
PROD-2025-0638,Portable Smart Home Devices Adapter,Electronics,Smart Home Devices,18485,2236685.0,93.84,128.8,Bol - Ingram Micro,INGRAM,8712423020603,"Veerweg 16, 5145 NS Waalwijk",TRUE,TRUE,TRUE,China,43.74,Recyclable Cardboard,,8.4,76,,FALSE,70.0,76.0,30.0,57.8,35.8,100.0,TRUE,58.3,74.4,High,None,FALSE,,Standard,,,TRUE,,55.0,,,,,90.0,78.7
PROD-2025-0639,Ergonomic Organic Pet Food Leash,Pet,Organic Pet Food,34362,4570146.0,109.48,135.24,Bol - BFC Site 1,BFC1,8714252028140,"Mechie Trommelenweg 1, 5145 ND Waalwijk",FALSE,FALSE,TRUE,Germany,11.91,Mixed Plastic+Cardboard,3,,,,,45.0,44.0,85.0,58.7,64.9,100.0,TRUE,77.2,49.8,High,Material_Recyclable_Pct,FALSE,,Standard,,PROD-2025-0242,FALSE,,30.1,-7.36,7.36,10.8,40,49.3,25.0
PROD-2025-0640,Eco Smart Fitness Trackers Band,Fitness,Smart Fitness Trackers,38808,3997224.0,64.4,125.12,Bol - BFC Site 2,BFC2,8714252028102,"Mechie Trommelenweg 1, 5145 ND Waalwijk",FALSE,TRUE,TRUE,USA,,,,8.2,,,,45.0,38.5,55.0,46.5,63.6,80.0,TRUE,69.3,55.4,Low,CO2_Footprint_kg; Packaging_Type; Material_Recyclable_Pct,FALSE,,Next day,,PROD-2025-0064,FALSE,,52.6,-36.34,36.34,,28,50.0,63.4
PROD-2025-0641,Eco Smart Pet Feeders Feeder,Pet,Smart Pet Feeders,77585,5120610.0,15.64,105.8,Bol - BFC XL 2,BFCXL2,8714252028133,"Rietgraaf 10, 6678 PJ Oosterhout",TRUE,TRUE,TRUE,USA,1.31,Minimal Packaging,3,,56,,FALSE,80.0,56.0,100.0,79.8,40.5,100.0,TRUE,61.4,69.0,High,None,FALSE,,Standard,,,TRUE,,86.4,,,,,95.9,25.0
PROD-2025-0642,Luxe Korean Skincare Oil,Beauty & Skincare,Korean Skincare,66510,7914690.0,75.44,143.52,Bol - Ingram Micro,INGRAM,8712423020603,"Veerweg 16, 5145 NS Waalwijk",FALSE,FALSE,TRUE,USA,12.72,Recyclable Cardboard,,0.4,60,,,70.0,60.0,30.0,53.0,38.7,100.0,TRUE,60.2,31.2,High,None,FALSE,,Standard,,PROD-2025-0932,TRUE,,9.8,-75.9,75.9,3.7,50,16.9,12.1
PROD-2025-0643,Wireless Footwear Bag,Fashion,Footwear,21538,915365.0,36.8,41.4,Bol - BFC Site 2,BFC2,8714252028102,"Mechie Trommelenweg 1, 5145 ND Waalwijk",FALSE,FALSE,TRUE,Bangladesh,5.47,Recyclable Cardboard,,,,,FALSE,70.0,49.5,55.0,58.6,20.3,100.0,TRUE,48.2,69.4,Medium,Material_Recyclable_Pct; Repairability/Lifespan,FALSE,,Standard,,,FALSE,,97.0,,,,,96.7,54.7
PROD-2025-0644,Ultra Personal Care Gadgets Toner,Beauty & Skincare,Personal Care Gadgets,24513,3958849.5,108.56,188.6,Bol - BFC XL 2,BFCXL2,8714252028133,"Rietgraaf 10, 6678 PJ Oosterhout",FALSE,TRUE,TRUE,France,12.83,Mixed Plastic+Cardboard,2,1.4,46,,,45.0,46.0,100.0,64.5,59.1,100.0,TRUE,73.4,43.7,High,None,FALSE,,Next day,,PROD-2025-0830,FALSE,,14.8,-17.02,17.02,8.2,37,15.7,44.1
PROD-2025-0645,Wireless Yoga Gear Tracker,Fitness,Yoga Gear,42521,2444957.5,25.76,80.04,Bol - BFC XL 2,BFCXL2,8714252028164,"Rietgraaf 10, 6678 PJ Oosterhout",FALSE,TRUE,TRUE,China,86.31,Recyclable Cardboard,4,,,FSC Certified,,70.0,52.0,100.0,75.1,6.5,100.0,FALSE,39.3,39.2,High,Material_Recyclable_Pct,TRUE,"Marketed as eco, but shipped from far away with an above-average footprint.",Standard,,PROD-2025-0762,FALSE,Sustainable forestry,69.3,-6.44,6.44,42.3,91,14.7,37.5
PROD-2025-0646,Premium Menswear Hoodie,Fashion,Menswear,69918,12655158.0,132.48,200.56,Bol - BFC Site 1,BFC1,8714252028140,"Mechie Trommelenweg 1, 5145 ND Waalwijk",FALSE,TRUE,TRUE,Turkey,24.34,Mixed Plastic+Cardboard,2,2.5,70,,TRUE,45.0,70.0,85.0,66.5,73.0,75.0,FALSE,73.7,47.5,High,None,TRUE,"Carries an eco label, but scores below the category average on our independent check.",Next day,,PROD-2025-0156,FALSE,,8.9,-78.66,78.66,15.9,39,43.3,18.5
PROD-2025-0647,Luxe Baby Safety Gear Bottle,Baby,Baby Safety Gear,77537,4884831.0,26.68,89.24,Bol - BFC Site 1,BFC1,8714252028140,"Mechie Trommelenweg 1, 5145 ND Waalwijk",FALSE,FALSE,TRUE,Netherlands,5.0,,,2.1,72,,FALSE,45.0,72.0,85.0,67.1,71.6,80.0,TRUE,74.6,67.8,High,Packaging_Type,FALSE,,Standard,,PROD-2025-0239,TRUE,,86.8,45.08,0.0,2.0,16,92.0,30.4
PROD-2025-0648,Glow Stock Media Preset,Digital Goods,Stock Media,74041,6626669.5,69.92,94.76,Bol - Ingram Micro,INGRAM,8712423020603,"Veerweg 16, 5145 NS Waalwijk",FALSE,FALSE,FALSE,USA,0.0,Digital - No Packaging,,,,,,100.0,49.0,30.0,60.2,100.0,100.0,TRUE,100.0,90.0,Medium,Material_Recyclable_Pct; Repairability/Lifespan,FALSE,,Standard,,,FALSE,,61.9,,,,,100.0,100.0
PROD-2025-0649,Ultra Eco-friendly Diapers Diaper,Baby,Eco-friendly Diapers,36233,3170387.5,53.36,107.64,Bol - Ingram Micro,INGRAM,8712423020603,"Veerweg 16, 5145 NS Waalwijk",FALSE,TRUE,TRUE,USA,10.23,Mixed Plastic+Cardboard,4,1.4,,,,45.0,55.5,30.0,42.9,24.3,100.0,TRUE,50.8,51.5,High,Material_Recyclable_Pct,FALSE,,Standard,,PROD-2025-0190,FALSE,,59.6,-51.06,51.06,1.0,22,76.1,26.0
PROD-2025-0650,Glow Indoor Plants Accessories Planter,Home & Garden,Indoor Plants Accessories,12549,821959.5,57.04,63.48,Bol - BFC Site 1,BFC1,8714252028140,"Mechie Trommelenweg 1, 5145 ND Waalwijk",FALSE,FALSE,TRUE,,62.34,Mixed Plastic+Cardboard,5,,39,,,45.0,39.0,85.0,57.2,39.2,70.0,TRUE,50.0,61.3,High,Country_Of_Origin,FALSE,,Standard,,PROD-2025-0852,FALSE,,80.8,94.3,0.0,37.1,24,77.0,50.0
PROD-2025-0651,Zen Baby Safety Gear Bottle,Baby,Baby Safety Gear,13549,2174614.5,111.32,184.0,Bol - BFC Site 1,BFC1,8714252028140,"Mechie Trommelenweg 1, 5145 ND Waalwijk",FALSE,FALSE,TRUE,Netherlands,,Mixed Plastic+Cardboard,6,,,,,45.0,56.0,85.0,62.3,71.6,100.0,TRUE,81.6,60.9,Medium,CO2_Footprint_kg; Material_Recyclable_Pct,FALSE,,Standard,,PROD-2025-0239,FALSE,,32.5,-44.62,44.62,,30,50.0,62.5
PROD-2025-0652,Ergonomic Stock Media App,Digital Goods,Stock Media,160760,22265260.0,103.96,150.88,Bol - BFC Site 2,BFC2,8714252028102,"Mechie Trommelenweg 1, 5145 ND Waalwijk",FALSE,FALSE,FALSE,,0.0,Digital - No Packaging,,,,,,100.0,49.0,55.0,69.0,100.0,70.0,TRUE,89.5,90.7,Medium,Material_Recyclable_Pct; Country_Of_Origin; Repairability/Lifespan,FALSE,,Standard,,,FALSE,,27.4,,,,,100.0,100.0
PROD-2025-0653,Ergonomic Upcycled Fashion Sponge,Eco-Friendly,Upcycled Fashion,82646,12520869.0,108.56,170.2,Bol - BFC Site 2,BFC2,8714252028102,"Mechie Trommelenweg 1, 5145 ND Waalwijk",FALSE,TRUE,TRUE,Netherlands,24.17,Biodegradable,4,2.4,,Fair Trade,FALSE,90.0,70.0,55.0,71.8,64.7,100.0,FALSE,77.1,51.3,High,Material_Recyclable_Pct,TRUE,"Carries an eco label, but scores below the category average on our independent check.",Standard,,PROD-2025-0250,FALSE,Social / ethical (not environmental),19.4,-3.68,3.68,14.5,42,46.2,22.6
PROD-2025-0654,Pure Recovery Tools Gloves,Fitness,Recovery Tools,64795,8876915.0,95.68,156.4,Bol - BFC XL 2,BFCXL2,8714252028164,"Rietgraaf 10, 6678 PJ Oosterhout",FALSE,TRUE,TRUE,China,38.32,Mixed Plastic+Cardboard,,10.4,,,FALSE,45.0,53.0,100.0,66.7,6.5,100.0,TRUE,39.3,66.3,High,Material_Recyclable_Pct,FALSE,,Next day,,,FALSE,,48.2,,,,,67.6,80.5
PROD-2025-0655,Pure Activewear Bench,Fitness,Activewear,29137,3365323.5,69.92,142.6,Bol - BFC XL 2,BFCXL2,8714252028164,"Rietgraaf 10, 6678 PJ Oosterhout",FALSE,TRUE,TRUE,USA,19.05,Plastic,5,5.2,60,,FALSE,25.0,60.0,100.0,61.8,63.6,100.0,TRUE,76.3,66.5,High,None,FALSE,,Standard,,PROD-2025-0145,TRUE,,57.7,-59.34,59.34,9.0,33,85.3,39.0
PROD-2025-0656,Pure Reusable Packaging Straws,Eco-Friendly,Reusable Packaging,86648,11567508.0,107.64,138.0,Bol - BFC XL 2,BFCXL2,8714252028133,"Rietgraaf 10, 6678 PJ Oosterhout",FALSE,FALSE,TRUE,Sweden,38.37,Recyclable Cardboard,5,,,Fair Trade,,70.0,70.0,100.0,80.5,30.9,100.0,FALSE,55.1,45.2,High,Material_Recyclable_Pct,TRUE,"Carries an eco label, but scores below the category average on our independent check.",Standard,,PROD-2025-0496,FALSE,Social / ethical (not environmental),19.4,-17.48,17.48,18.9,49,12.3,50.0
PROD-2025-0657,Vital Home Gym Equipment Tracker,Fitness,Home Gym Equipment,80883,13669227.0,126.96,184.0,Bol - BFC XL,BFCXL,8714252028195,"Divisiedok 1, 3439 JM Nieuwegein",FALSE,FALSE,TRUE,China,80.27,Foam + Plastic,4,4.4,76,,FALSE,10.0,76.0,100.0,61.3,6.5,100.0,TRUE,39.3,36.8,High,None,FALSE,,Standard,,PROD-2025-0177,TRUE,,2.2,-28.52,28.52,62.7,103,24.5,27.9
PROD-2025-0658,Swift Korean Skincare Serum,Beauty & Skincare,Korean Skincare,92862,11329164.0,91.08,133.4,Bol - Ingram Micro,INGRAM,8712423020603,"Veerweg 16, 5145 NS Waalwijk",TRUE,TRUE,TRUE,USA,,Plastic,1,,,,FALSE,25.0,52.5,30.0,35.0,38.7,100.0,TRUE,60.2,35.1,Medium,CO2_Footprint_kg; Material_Recyclable_Pct,FALSE,,Next day,,PROD-2025-0311,FALSE,,18.0,-3.68,3.68,,134,49.4,0.0
PROD-2025-0659,Organic Home Office Decor Planter,Home & Garden,Home Office Decor,69801,7189503.0,90.16,99.36,Bol - BFC XL,BFCXL,8714252028195,"Divisiedok 1, 3439 JM Nieuwegein",FALSE,FALSE,TRUE,,92.09,Plastic,,8.7,54,,FALSE,25.0,54.0,100.0,60.0,39.2,70.0,TRUE,50.0,49.9,High,Country_Of_Origin,FALSE,,Standard,,PROD-2025-0690,TRUE,,54.8,-20.7,20.7,4.5,17,55.4,32.2
PROD-2025-0660,Nano Home Gym Equipment Bottle,Fitness,Home Gym Equipment,63656,9007324.0,101.2,159.16,Bol - BFC Site 2,BFC2,8714252028102,"Mechie Trommelenweg 1, 5145 ND Waalwijk",FALSE,TRUE,TRUE,USA,59.93,Recyclable Cardboard,,5.7,,,FALSE,70.0,48.0,55.0,58.1,63.6,100.0,TRUE,76.3,50.0,High,Material_Recyclable_Pct,FALSE,,Next day,,PROD-2025-0177,FALSE,,24.8,-3.22,3.22,42.4,49,44.1,34.1
PROD-2025-0661,Zen Wearable Tech Earbuds,Electronics,Wearable Tech,64919,4479411.0,33.12,93.84,Bol - BFC Site 2,BFC2,8714252028102,"Mechie Trommelenweg 1, 5145 ND Waalwijk",FALSE,TRUE,TRUE,China,182.46,Plastic,6,9.3,,Fair Trade,,25.0,43.5,55.0,41.0,35.8,100.0,FALSE,58.3,50.9,High,Material_Recyclable_Pct,TRUE,"Eco claim, but packaged in Plastic.",Standard,,PROD-2025-0614,FALSE,Social / ethical (not environmental),65.8,115.46,0.0,63.6,17,37.5,75.2
PROD-2025-0662,Premium Smart Fitness Trackers Band,Fitness,Smart Fitness Trackers,47816,1888732.0,20.24,52.44,Bol - BFC XL 2,BFCXL2,8714252028164,"Rietgraaf 10, 6678 PJ Oosterhout",FALSE,FALSE,TRUE,USA,88.39,,4,3.1,71,,,45.0,71.0,100.0,72.0,63.6,80.0,TRUE,69.3,37.4,High,Packaging_Type,FALSE,,Standard,,PROD-2025-0439,TRUE,,82.5,-6.44,6.44,38.0,29,11.8,19.4
PROD-2025-0663,Organic Footwear Sunglasses,Fashion,Footwear,291188,12084302.0,11.04,65.32,Bol - Ingram Micro,INGRAM,8712423020603,"Veerweg 16, 5145 NS Waalwijk",FALSE,TRUE,TRUE,Bangladesh,,Plastic,,3.7,11,,FALSE,25.0,11.0,30.0,22.6,20.3,100.0,TRUE,48.2,44.0,Medium,CO2_Footprint_kg,FALSE,,Standard,,PROD-2025-0277,FALSE,,91.1,23.0,0.0,,60,50.0,54.7
PROD-2025-0664,Swift Smart Lighting Blender,Home & Garden,Smart Lighting,22587,2563624.5,90.16,118.68,Bol - BFC Site 1,BFC1,8714252028140,"Mechie Trommelenweg 1, 5145 ND Waalwijk",FALSE,FALSE,TRUE,,146.64,Minimal Packaging,3,,,Energy Star,,80.0,47.5,85.0,72.0,39.2,70.0,FALSE,50.0,43.1,High,Material_Recyclable_Pct; Country_Of_Origin,TRUE,"Carries an eco label, but scores below the category average on our independent check.",Standard,,PROD-2025-0910,FALSE,Energy efficiency,31.7,-28.98,28.98,78.4,58,32.4,25.0
PROD-2025-0665,Organic Eco-friendly Diapers Crib,Baby,Eco-friendly Diapers,59274,1126206.0,11.96,23.0,Bol - BFC Site 1,BFC1,8714252028140,"Mechie Trommelenweg 1, 5145 ND Waalwijk",FALSE,FALSE,TRUE,Netherlands,,Foam + Plastic,5,,61,,FALSE,10.0,61.0,85.0,51.5,71.6,100.0,TRUE,81.6,55.1,Medium,CO2_Footprint_kg,FALSE,,Standard,,PROD-2025-0244,FALSE,,100.0,119.6,0.0,,37,50.0,50.0
PROD-2025-0666,Smart Charging Solutions Earbuds,Electronics,Charging Solutions,54930,2801430.0,13.8,80.04,Bol - Ingram Micro,INGRAM,8712423020603,"Veerweg 16, 5145 NS Waalwijk",FALSE,FALSE,TRUE,,143.47,Plastic,7,7.3,,Energy Star,FALSE,25.0,43.5,30.0,32.3,35.8,70.0,FALSE,47.8,51.4,High,Material_Recyclable_Pct; Country_Of_Origin,TRUE,"Eco claim, but packaged in Plastic.",Standard,,PROD-2025-0695,FALSE,Energy efficiency,84.7,116.38,0.0,100.0,48,53.8,69.5
PROD-2025-0667,Organic Upcycled Fashion Sponge,Eco-Friendly,Upcycled Fashion,62427,8115510.0,116.84,122.36,Bol - Ingram Micro,INGRAM,8712423020603,"Veerweg 16, 5145 NS Waalwijk",FALSE,FALSE,TRUE,,35.84,Recyclable Cardboard,4,7.8,,Energy Star,FALSE,70.0,70.0,30.0,56.0,44.1,70.0,FALSE,53.2,43.8,High,Material_Recyclable_Pct; Country_Of_Origin,TRUE,"Carries an eco label, but scores below the category average on our independent check.",Standard,,PROD-2025-0458,FALSE,Energy efficiency,17.2,-40.94,40.94,11.9,38,20.0,59.1
PROD-2025-0668,Pro Yoga Gear Dumbbell,Fitness,Yoga Gear,90600,15809700.0,116.84,204.24,Bol - BFC Site 2,BFC2,8714252028102,"Mechie Trommelenweg 1, 5145 ND Waalwijk",FALSE,TRUE,TRUE,,38.43,Plastic,4,,43,Fair Trade,FALSE,25.0,43.0,55.0,40.9,6.5,70.0,FALSE,28.8,46.9,High,Country_Of_Origin,TRUE,"Eco claim, but packaged in Plastic.",Next day,,PROD-2025-0762,FALSE,Social / ethical (not environmental),5.8,-114.08,114.08,,60,65.7,37.5
PROD-2025-0669,Luxe Footwear Jacket,Fashion,Footwear,90946,9458384.0,89.24,102.12,Bol - BFC XL 2,BFCXL2,8714252028133,"Rietgraaf 10, 6678 PJ Oosterhout",FALSE,TRUE,TRUE,China,15.18,Mixed Plastic+Cardboard,5,2.6,,Cradle to Cradle,,45.0,49.5,100.0,65.6,0.0,100.0,TRUE,35.0,52.4,High,Material_Recyclable_Pct,FALSE,,Standard,,,TRUE,Material circularity,56.4,,,,,60.0,39.2
PROD-2025-0670,Smart Womenswear Leggings,Fashion,Womenswear,90040,7608380.0,50.6,104.88,Bol - BFC Site 1,BFC1,8714252028140,"Mechie Trommelenweg 1, 5145 ND Waalwijk",FALSE,TRUE,TRUE,Portugal,37.43,Minimal Packaging,,4.0,,,FALSE,80.0,49.5,85.0,72.6,82.4,100.0,TRUE,88.6,55.5,High,Material_Recyclable_Pct,FALSE,,Next day,,PROD-2025-0984,FALSE,,72.3,35.88,0.0,30.1,39,21.7,66.0
PROD-2025-0671,Portable E-books Masterclass,Digital Goods,E-books,96181,11012724.5,68.08,142.6,Bol - BFC Site 2,BFC2,8714252028102,"Mechie Trommelenweg 1, 5145 ND Waalwijk",FALSE,FALSE,FALSE,,0.0,Digital - No Packaging,,,,,,100.0,49.0,55.0,69.0,100.0,70.0,TRUE,89.5,90.7,Medium,Material_Recyclable_Pct; Country_Of_Origin; Repairability/Lifespan,FALSE,,Standard,,,FALSE,,40.7,,,,,100.0,100.0
PROD-2025-0672,Glow Yoga Gear Shorts,Fitness,Yoga Gear,46204,8155006.0,116.84,207.92,Bol - BFC XL 2,BFCXL2,8714252028164,"Rietgraaf 10, 6678 PJ Oosterhout",FALSE,TRUE,TRUE,China,59.51,Plastic,5,,60,,,25.0,60.0,100.0,61.8,6.5,100.0,TRUE,39.3,49.6,High,None,FALSE,,Next day,,PROD-2025-0762,TRUE,,9.5,-115.92,115.92,15.5,51,45.1,50.0
PROD-2025-0673,Glow Pet Apparel Bed,Pet,Pet Apparel,31319,3147559.5,86.48,98.44,Bol - BFC Site 2,BFC2,8714252028102,"Mechie Trommelenweg 1, 5145 ND Waalwijk",FALSE,FALSE,TRUE,,17.97,Plastic,1,,72,,FALSE,25.0,72.0,55.0,49.6,40.5,70.0,TRUE,50.9,22.9,High,Country_Of_Origin,FALSE,,Standard,,PROD-2025-0165,TRUE,,3.9,-57.5,57.5,10.8,184,8.2,0.0
PROD-2025-0674,Luxe Biodegradable Products Sponge,Eco-Friendly,Biodegradable Products,97157,12144625.0,111.32,118.68,Bol - BFC Site 2,BFC2,8714252028102,"Mechie Trommelenweg 1, 5145 ND Waalwijk",FALSE,FALSE,TRUE,Netherlands,,Recyclable Cardboard,,,59,,,70.0,59.0,55.0,61.5,64.7,100.0,FALSE,77.1,56.7,Low,CO2_Footprint_kg; Repairability/Lifespan,TRUE,"Carries an eco label, but scores below the category average on our independent check.",Standard,,PROD-2025-0729,FALSE,,41.9,-57.96,57.96,,29,49.2,50.0
PROD-2025-0675,Ergonomic Yoga Gear Tracker,Fitness,Yoga Gear,74129,6152707.0,42.32,110.4,Bol - BFC XL,BFCXL,8714252028195,"Divisiedok 1, 3439 JM Nieuwegein",TRUE,TRUE,TRUE,China,42.09,Minimal Packaging,,,35,,FALSE,80.0,35.0,100.0,73.5,6.5,100.0,TRUE,39.3,61.5,High,Repairability/Lifespan,FALSE,,Today,,PROD-2025-0233,FALSE,,73.0,-25.3,25.3,27.2,26,62.7,61.0
PROD-2025-0676,Flex Fragrances Serum,Beauty & Skincare,Fragrances,65510,8090485.0,80.04,147.2,Bol - Ingram Micro,INGRAM,8712423020603,"Veerweg 16, 5145 NS Waalwijk",FALSE,TRUE,TRUE,China,,,,,,Energy Star,FALSE,45.0,52.5,30.0,42.0,23.7,80.0,FALSE,43.4,46.8,Low,CO2_Footprint_kg; Packaging_Type; Material_Recyclable_Pct; Repairability/Lifespan,TRUE,"Carries an eco label, but scores below the category average on our independent check.",Next day,,PROD-2025-0593,FALSE,Energy efficiency,34.4,-74.06,74.06,,43,49.4,50.0
PROD-2025-0677,Wireless Eco-friendly Cleaning Diffuser,Home & Garden,Eco-friendly Cleaning,383680,26473920.0,37.72,89.24,Bol - BFC XL 2,BFCXL2,8714252028164,"Rietgraaf 10, 6678 PJ Oosterhout",FALSE,FALSE,TRUE,,,Foam + Plastic,8,10.2,,,FALSE,10.0,47.5,100.0,52.8,39.2,70.0,TRUE,50.0,54.0,Low,CO2_Footprint_kg; Material_Recyclable_Pct; Country_Of_Origin,FALSE,,Standard,,PROD-2025-0253,FALSE,,76.9,-6.44,6.44,,35,50.0,63.2
PROD-2025-0678,Flex E-books Template,Digital Goods,E-books,349564,50162434.0,119.6,144.44,Bol - BFC Site 2,BFC2,8714252028102,"Mechie Trommelenweg 1, 5145 ND Waalwijk",FALSE,FALSE,FALSE,USA,0.0,Digital - No Packaging,,,,Energy Star,,100.0,49.0,55.0,69.0,100.0,100.0,TRUE,100.0,92.2,High,Material_Recyclable_Pct; Repairability/Lifespan,FALSE,,Standard,,,TRUE,Energy efficiency,23.9,,,,,100.0,100.0
PROD-2025-0679,Eco Sustainable Apparel Dress,Fashion,Sustainable Apparel,86850,14243400.0,118.68,183.08,Bol - BFC Site 2,BFC2,8714252028102,"Mechie Trommelenweg 1, 5145 ND Waalwijk",FALSE,TRUE,TRUE,Turkey,13.7,Recyclable Cardboard,2,4.4,7,Fair Trade,FALSE,70.0,7.0,55.0,45.9,73.0,100.0,FALSE,82.4,61.6,High,None,TRUE,"Eco claim, but only 7% recyclable material.",Standard,,,FALSE,Social / ethical (not environmental),33.7,,,,,71.7,50.6
PROD-2025-0680,Nano Smart Lighting Cleaner,Home & Garden,Smart Lighting,69783,7466781.0,59.8,137.08,Bol - BFC XL,BFCXL,8714252028195,"Divisiedok 1, 3439 JM Nieuwegein",FALSE,TRUE,TRUE,Italy,79.86,Plastic,,,34,,FALSE,25.0,34.0,100.0,54.0,29.7,100.0,TRUE,54.3,56.6,High,Repairability/Lifespan,FALSE,,Next day,,PROD-2025-0910,FALSE,,61.5,-23.0,23.0,11.7,21,63.5,50.8
PROD-2025-0681,Premium Stock Media Masterclass,Digital Goods,Stock Media,99177,14876550.0,125.12,150.88,Bol - BFC Site 2,BFC2,8714252028102,"Mechie Trommelenweg 1, 5145 ND Waalwijk",FALSE,FALSE,FALSE,,0.0,Digital - No Packaging,,,,,,100.0,49.0,55.0,69.0,100.0,70.0,TRUE,89.5,90.7,Medium,Material_Recyclable_Pct; Country_Of_Origin; Repairability/Lifespan,FALSE,,Standard,,,FALSE,,17.7,,,,,100.0,100.0
PROD-2025-0682,Smart Zero-waste Kits Utensils,Eco-Friendly,Zero-waste Kits,66650,7598100.0,88.32,121.44,Bol - BFC Site 1,BFC1,8714252028140,"Mechie Trommelenweg 1, 5145 ND Waalwijk",TRUE,TRUE,TRUE,,13.25,Minimal Packaging,4,5.8,,,FALSE,80.0,70.0,85.0,78.8,44.1,70.0,TRUE,53.2,64.1,Medium,Material_Recyclable_Pct; Country_Of_Origin,FALSE,,Next day,,PROD-2025-0731,FALSE,,53.8,-29.44,29.44,10.1,41,72.3,44.7
PROD-2025-0683,Organic Eco-friendly Diapers Monitor,Baby,Eco-friendly Diapers,85557,10822960.5,105.8,126.96,Bol - BFC Site 2,BFC2,8714252028102,"Mechie Trommelenweg 1, 5145 ND Waalwijk",FALSE,TRUE,TRUE,Germany,28.36,Plastic,5,2.3,18,,FALSE,25.0,18.0,55.0,33.4,48.6,100.0,TRUE,66.6,31.3,High,None,FALSE,,Standard,,PROD-2025-0516,FALSE,,7.9,-6.9,6.9,0.5,40,5.7,43.8
PROD-2025-0684,Zen Online Courses Asset,Digital Goods,Online Courses,44698,4916780.0,88.32,114.08,Bol - BFC Site 2,BFC2,8714252028102,"Mechie Trommelenweg 1, 5145 ND Waalwijk",FALSE,FALSE,FALSE,USA,0.0,Digital - No Packaging,,,,,,100.0,49.0,55.0,69.0,100.0,100.0,TRUE,100.0,92.2,Medium,Material_Recyclable_Pct; Repairability/Lifespan,FALSE,,Standard,,,FALSE,,44.2,,,,,100.0,100.0
PROD-2025-0685,Premium Organic Baby Clothing Swaddle,Baby,Organic Baby Clothing,50271,9601761.0,137.08,214.36,Bol - BFC XL 2,BFCXL2,8714252028133,"Rietgraaf 10, 6678 PJ Oosterhout",FALSE,FALSE,TRUE,,24.86,,6,4.1,7,,,45.0,7.0,100.0,52.8,48.6,50.0,TRUE,49.1,44.3,Medium,Packaging_Type; Country_Of_Origin,FALSE,,Standard,,PROD-2025-0552,FALSE,,5.3,-86.94,86.94,17.5,49,15.9,72.6
PROD-2025-0686,Pure Accessories Hoodie,Fashion,Accessories,35475,2784787.5,69.0,75.44,Bol - BFC Site 1,BFC1,8714252028140,"Mechie Trommelenweg 1, 5145 ND Waalwijk",FALSE,FALSE,TRUE,,,Mixed Plastic+Cardboard,4,1.9,,,TRUE,45.0,49.5,85.0,60.3,20.3,70.0,FALSE,37.7,44.1,Low,CO2_Footprint_kg; Material_Recyclable_Pct; Country_Of_Origin,TRUE,"Carries an eco label, but scores below the category average on our independent check.",Standard,,PROD-2025-0318,FALSE,,65.3,-29.44,29.44,,49,50.0,23.5
PROD-2025-0687,Premium Yoga Gear Roller,Fitness,Yoga Gear,25021,3865744.5,121.44,162.84,Bol - BFC XL 2,BFCXL2,8714252028164,"Rietgraaf 10, 6678 PJ Oosterhout",FALSE,FALSE,TRUE,China,29.94,Plastic,,8.6,12,,FALSE,25.0,12.0,100.0,47.4,6.5,100.0,TRUE,39.3,61.2,High,None,FALSE,,Standard,,PROD-2025-0762,FALSE,,33.6,-95.68,95.68,,23,75.5,68.3
PROD-2025-0688,Ultra Baby Safety Gear Carrier,Baby,Baby Safety Gear,438142,81275341.0,133.4,207.92,Bol - BFC Site 1,BFC1,8714252028140,"Mechie Trommelenweg 1, 5145 ND Waalwijk",FALSE,TRUE,TRUE,USA,9.28,Mixed Plastic+Cardboard,2,,,,,45.0,56.0,85.0,62.3,24.3,100.0,TRUE,50.8,54.2,High,Material_Recyclable_Pct,FALSE,,Next day,,PROD-2025-0239,FALSE,,11.4,-67.62,67.62,6.3,46,79.5,12.5
PROD-2025-0689,Flex Athleisure Sneakers,Fashion,Athleisure,26929,1521488.5,25.76,78.2,Bol - BFC Site 1,BFC1,8714252028140,"Mechie Trommelenweg 1, 5145 ND Waalwijk",FALSE,TRUE,TRUE,China,33.98,Minimal Packaging,1,,38,,,80.0,38.0,85.0,69.1,0.0,100.0,TRUE,35.0,31.9,High,None,FALSE,,Standard,,PROD-2025-0272,FALSE,,66.3,99.82,0.0,4.4,31,26.7,0.0
PROD-2025-0690,Aura Home Office Decor Mug,Home & Garden,Home Office Decor,92385,7436992.5,34.04,114.08,Bol - Ingram Micro,INGRAM,8712423020603,"Veerweg 16, 5145 NS Waalwijk",TRUE,TRUE,TRUE,Germany,87.64,Recyclable Cardboard,6,,,,FALSE,70.0,47.5,30.0,49.2,51.4,100.0,TRUE,68.4,58.5,High,Material_Recyclable_Pct,FALSE,,Today,,,FALSE,,74.0,,,,,58.1,62.5
PROD-2025-0691,Organic Zero-waste Kits Composter,Eco-Friendly,Zero-waste Kits,25942,3281663.0,79.12,153.64,Bol - BFC XL,BFCXL,8714252028195,"Divisiedok 1, 3439 JM Nieuwegein",FALSE,FALSE,TRUE,,70.3,,6,2.3,43,,,70.0,43.0,100.0,72.4,44.1,50.0,FALSE,46.2,35.7,Medium,Packaging_Type; Country_Of_Origin,TRUE,"Carries an eco label, but scores below the category average on our independent check.",Standard,,PROD-2025-0731,FALSE,,7.5,-40.94,40.94,67.1,154,6.2,34.1
PROD-2025-0692,Pro Smart Home Devices Power Bank,Electronics,Smart Home Devices,66825,6381787.5,75.44,100.28,Bol - BFC Site 2,BFC2,8714252028102,"Mechie Trommelenweg 1, 5145 ND Waalwijk",FALSE,TRUE,TRUE,,,,3,3.9,,,FALSE,45.0,44.5,55.0,48.3,35.8,50.0,TRUE,40.8,41.2,Low,CO2_Footprint_kg; Packaging_Type; Material_Recyclable_Pct; Country_Of_Origin,FALSE,,Next day,,PROD-2025-0255,FALSE,,30.6,-17.02,17.02,,79,50.0,21.8
PROD-2025-0693,Pro Smart Lighting Organizer,Home & Garden,Smart Lighting,67219,9074565.0,117.76,130.64,Bol - BFC XL,BFCXL,8714252028195,"Divisiedok 1, 3439 JM Nieuwegein",FALSE,TRUE,TRUE,Germany,87.55,Mixed Plastic+Cardboard,6,,,,,45.0,47.5,100.0,65.0,51.4,100.0,TRUE,68.4,62.9,High,Material_Recyclable_Pct,FALSE,,Standard,,PROD-2025-0910,FALSE,,51.9,-48.76,48.76,19.3,9,59.5,62.5
PROD-2025-0694,Sustainable Recovery Tools Band,Fitness,Recovery Tools,52603,7232912.5,118.68,134.32,Bol - BFC XL,BFCXL,8714252028195,"Divisiedok 1, 3439 JM Nieuwegein",FALSE,TRUE,TRUE,Taiwan,79.43,Foam + Plastic,7,,53,,FALSE,10.0,53.0,100.0,54.4,0.0,100.0,TRUE,35.0,46.5,High,None,FALSE,,Next day,,PROD-2025-0783,TRUE,,21.2,-25.3,25.3,67.4,46,25.5,75.0
PROD-2025-0695,Smart Charging Solutions Stand,Electronics,Charging Solutions,94190,16718725.0,137.08,189.52,Bol - BFC XL 2,BFCXL2,8714252028133,"Rietgraaf 10, 6678 PJ Oosterhout",FALSE,FALSE,TRUE,South Korea,43.49,Biodegradable,8,5.5,,,FALSE,90.0,43.5,100.0,79.5,25.9,100.0,TRUE,51.9,76.2,High,Material_Recyclable_Pct,FALSE,,Standard,,,FALSE,,29.7,,,,,91.2,66.4
PROD-2025-0696,Organic Yoga Gear Scale,Fitness,Yoga Gear,16626,565284.0,11.96,50.6,Bol - BFC XL 2,BFCXL2,8714252028164,"Rietgraaf 10, 6678 PJ Oosterhout",FALSE,TRUE,TRUE,China,,Minimal Packaging,5,3.7,,,FALSE,80.0,52.0,100.0,78.6,6.5,100.0,TRUE,39.3,50.2,Medium,CO2_Footprint_kg; Material_Recyclable_Pct,FALSE,,Next day,,PROD-2025-0233,FALSE,,94.9,19.78,0.0,,55,50.0,28.7
PROD-2025-0697,Portable Hair Care Tools Perfume,Beauty & Skincare,Hair Care Tools,59516,4761280.0,69.0,78.2,Bol - BFC Site 1,BFC1,8714252028140,"Mechie Trommelenweg 1, 5145 ND Waalwijk",FALSE,FALSE,TRUE,France,10.27,Mixed Plastic+Cardboard,3,,,,FALSE,45.0,52.5,85.0,61.2,59.1,100.0,TRUE,73.4,43.6,High,Material_Recyclable_Pct,FALSE,,Standard,,PROD-2025-0241,FALSE,,63.9,-12.88,12.88,6.1,58,31.5,25.0
PROD-2025-0698,Eco E-books Guide,Digital Goods,E-books,90118,9642626.0,69.92,126.96,Bol - BFC Site 2,BFC2,8714252028102,"Mechie Trommelenweg 1, 5145 ND Waalwijk",FALSE,FALSE,FALSE,UK,0.0,Digital - No Packaging,,,,EU Ecolabel,,100.0,49.0,55.0,69.0,100.0,100.0,TRUE,100.0,92.2,High,Material_Recyclable_Pct; Repairability/Lifespan,FALSE,,Standard,,,TRUE,Lifecycle (broad environmental),46.9,,,,,100.0,100.0
PROD-2025-0699,Ultra Recovery Tools Bottle,Fitness,Recovery Tools,62213,7932157.5,100.28,134.32,Bol - BFC Site 1,BFC1,8714252028140,"Mechie Trommelenweg 1, 5145 ND Waalwijk",FALSE,FALSE,TRUE,Taiwan,,,4,4.2,54,,FALSE,45.0,54.0,85.0,61.7,0.0,80.0,TRUE,28.0,43.5,Medium,CO2_Footprint_kg; Packaging_Type,FALSE,,Standard,,PROD-2025-0783,FALSE,,22.6,-16.1,16.1,,56,50.0,25.5
PROD-2025-0700,Glow Pet Apparel Brush,Pet,Pet Apparel,76097,10425289.0,81.88,170.2,Bol - BFC Site 2,BFC2,8714252028102,"Mechie Trommelenweg 1, 5145 ND Waalwijk",FALSE,FALSE,TRUE,USA,19.89,,3,4.6,60,,FALSE,45.0,60.0,55.0,53.0,40.5,80.0,TRUE,54.4,34.8,High,Packaging_Type,FALSE,,Standard,,PROD-2025-0165,TRUE,,6.8,-91.08,91.08,12.7,87,0.0,53.6
PROD-2025-0701,Aura Smart Fitness Trackers Mat,Fitness,Smart Fitness Trackers,24778,1672515.0,31.28,92.92,Bol - BFC Site 1,BFC1,8714252028140,"Mechie Trommelenweg 1, 5145 ND Waalwijk",FALSE,FALSE,TRUE,China,61.39,Mixed Plastic+Cardboard,6,,40,Fair Trade,FALSE,45.0,40.0,85.0,57.5,6.5,100.0,FALSE,39.3,50.0,High,None,TRUE,"Marketed as eco, but shipped from far away with an above-average footprint.",Standard,,,FALSE,Social / ethical (not environmental),72.3,,,,,40.2,62.5
PROD-2025-0702,Luxe Home Gym Equipment Gloves,Fitness,Home Gym Equipment,97965,18172507.5,138.0,203.32,Bol - BFC XL,BFCXL,8714252028195,"Divisiedok 1, 3439 JM Nieuwegein",FALSE,FALSE,TRUE,China,35.26,Recyclable Cardboard,4,5.5,45,,FALSE,70.0,45.0,100.0,73.0,6.5,100.0,TRUE,39.3,56.7,High,None,FALSE,,Standard,,PROD-2025-0177,FALSE,,14.6,-43.7,43.7,17.7,32,68.6,34.0
PROD-2025-0703,Zen Footwear Belt,Fashion,Footwear,51987,6680329.5,104.88,131.56,Bol - BFC Site 1,BFC1,8714252028140,"Mechie Trommelenweg 1, 5145 ND Waalwijk",FALSE,FALSE,TRUE,Portugal,38.41,Mixed Plastic+Cardboard,,,26,,FALSE,45.0,26.0,85.0,53.3,82.4,100.0,TRUE,88.6,46.1,High,Repairability/Lifespan,FALSE,,Standard,,PROD-2025-0277,FALSE,,31.7,-57.04,57.04,30.4,52,16.7,54.7
PROD-2025-0704,Pro Pet Apparel Feeder,Pet,Pet Apparel,42936,5130852.0,80.96,138.92,Bol - BFC Site 2,BFC2,8714252028102,"Mechie Trommelenweg 1, 5145 ND Waalwijk",FALSE,TRUE,TRUE,China,,Mixed Plastic+Cardboard,5,,19,,,45.0,19.0,55.0,40.7,0.0,100.0,TRUE,35.0,45.2,Medium,CO2_Footprint_kg,FALSE,,Next day,,PROD-2025-0165,FALSE,,31.1,-74.98,74.98,,44,49.3,50.0
PROD-2025-0705,Organic SaaS Subscriptions App,Digital Goods,SaaS Subscriptions,85049,4720219.5,47.84,54.28,Bol - BFC Site 2,BFC2,8714252028102,"Mechie Trommelenweg 1, 5145 ND Waalwijk",FALSE,FALSE,FALSE,USA,0.0,Digital - No Packaging,,,,,,100.0,49.0,55.0,69.0,100.0,100.0,TRUE,100.0,92.2,Medium,Material_Recyclable_Pct; Repairability/Lifespan,FALSE,,Standard,,,FALSE,,88.5,,,,,100.0,100.0
PROD-2025-0706,Portable Educational Toys Swaddle,Baby,Educational Toys,43338,2621949.0,15.64,95.68,Bol - BFC Site 1,BFC1,8714252028140,"Mechie Trommelenweg 1, 5145 ND Waalwijk",FALSE,FALSE,TRUE,USA,,,,,70,Fair Trade,FALSE,45.0,70.0,85.0,66.5,24.3,80.0,TRUE,43.8,53.7,Medium,CO2_Footprint_kg; Packaging_Type; Repairability/Lifespan,FALSE,,Standard,,PROD-2025-0285,FALSE,Social / ethical (not environmental),80.7,19.78,0.0,,22,50.0,52.2
PROD-2025-0707,Ergonomic Interactive Pet Toys Leash,Pet,Interactive Pet Toys,80865,14353537.5,128.8,197.8,Bol - Ingram Micro,INGRAM,8712423020603,"Veerweg 16, 5145 NS Waalwijk",FALSE,FALSE,TRUE,China,16.92,Foam + Plastic,2,,,,FALSE,10.0,44.0,30.0,27.2,0.0,100.0,TRUE,35.0,21.9,High,Material_Recyclable_Pct,FALSE,,Standard,,PROD-2025-0712,FALSE,,1.0,-8.74,8.74,8.1,241,19.2,12.5
PROD-2025-0708,Sustainable Indoor Plants Accessories Desk,Home & Garden,Indoor Plants Accessories,433216,51119488.0,96.6,120.52,Bol - BFC XL 2,BFCXL2,8714252028164,"Rietgraaf 10, 6678 PJ Oosterhout",FALSE,TRUE,TRUE,,190.66,Biodegradable,,,31,EU Ecolabel,FALSE,90.0,31.0,100.0,75.8,39.2,70.0,FALSE,50.0,41.0,High,Country_Of_Origin; Repairability/Lifespan,TRUE,"Carries an eco label, but scores below the category average on our independent check.",Next day,,PROD-2025-0796,FALSE,Lifecycle (broad environmental),27.9,-46.92,46.92,159.3,60,5.4,50.8
PROD-2025-0709,Organic Smart Lighting Desk,Home & Garden,Smart Lighting,54065,9353245.0,126.96,191.36,Bol - BFC XL,BFCXL,8714252028195,"Divisiedok 1, 3439 JM Nieuwegein",FALSE,TRUE,TRUE,Poland,169.73,Mixed Plastic+Cardboard,7,,,,,45.0,47.5,100.0,65.0,39.2,100.0,TRUE,60.5,49.7,High,Material_Recyclable_Pct,FALSE,,Standard,,PROD-2025-0910,FALSE,,8.7,-83.72,83.72,101.5,37,16.2,75.0
PROD-2025-0710,Ultra Pet Apparel Treats,Pet,Pet Apparel,87227,7981270.5,76.36,92.0,Bol - BFC Site 1,BFC1,8714252028140,"Mechie Trommelenweg 1, 5145 ND Waalwijk",FALSE,FALSE,TRUE,Netherlands,13.59,,3,2.4,,,FALSE,45.0,44.0,85.0,58.7,82.4,80.0,TRUE,81.6,47.0,High,Packaging_Type; Material_Recyclable_Pct,FALSE,,Standard,,PROD-2025-0165,FALSE,,54.4,-49.22,49.22,6.4,39,35.6,30.4
PROD-2025-0711,Organic Smart Home Devices Speaker,Electronics,Smart Home Devices,77546,8297422.0,76.36,120.52,Bol - BFC Site 2,BFC2,8714252028102,"Mechie Trommelenweg 1, 5145 ND Waalwijk",FALSE,FALSE,TRUE,,,Minimal Packaging,7,4.1,,,FALSE,80.0,44.5,55.0,60.6,35.8,70.0,TRUE,47.8,51.7,Low,CO2_Footprint_kg; Material_Recyclable_Pct; Country_Of_Origin,FALSE,,Standard,,PROD-2025-0255,FALSE,,41.4,-27.6,27.6,,43,50.0,47.5
PROD-2025-0712,Portable Interactive Pet Toys Brush,Pet,Interactive Pet Toys,90828,15259104.0,115.0,194.12,Bol - BFC XL 2,BFCXL2,8714252028133,"Rietgraaf 10, 6678 PJ Oosterhout",FALSE,FALSE,TRUE,Germany,8.79,Recyclable Cardboard,,4.8,47,,FALSE,70.0,47.0,100.0,73.6,64.9,100.0,TRUE,77.2,74.7,High,None,FALSE,,Standard,,,FALSE,,45.6,,,,,60.3,94.6
PROD-2025-0713,Swift Wearable Tech Adapter,Electronics,Wearable Tech,416847,26052937.5,45.08,69.92,Bol - Ingram Micro,INGRAM,8712423020603,"Veerweg 16, 5145 NS Waalwijk",FALSE,TRUE,TRUE,China,29.91,,,9.9,55,,FALSE,45.0,55.0,30.0,42.8,35.8,80.0,TRUE,51.3,76.3,High,Packaging_Type,FALSE,,Standard,,,TRUE,,92.8,,,,,95.0,98.7
PROD-2025-0714,Nano Personal Care Gadgets Cleanser,Beauty & Skincare,Personal Care Gadgets,98244,11494548.0,96.6,118.68,Bol - BFC Site 1,BFC1,8714252028140,"Mechie Trommelenweg 1, 5145 ND Waalwijk",FALSE,FALSE,TRUE,France,,Recyclable Cardboard,4,,,,FALSE,70.0,60.0,85.0,72.2,59.1,100.0,TRUE,73.4,55.8,Medium,CO2_Footprint_kg; Material_Recyclable_Pct,FALSE,,Standard,,PROD-2025-0739,FALSE,,56.6,-86.94,86.94,,17,49.4,37.5
PROD-2025-0715,Eco Fragrances Toner,Beauty & Skincare,Fragrances,49135,5306580.0,96.6,102.12,Bol - Ingram Micro,INGRAM,8712423020603,"Veerweg 16, 5145 NS Waalwijk",FALSE,FALSE,TRUE,South Korea,13.21,Recyclable Cardboard,4,,74,Cradle to Cradle,FALSE,70.0,74.0,30.0,57.2,0.0,100.0,FALSE,35.0,33.3,High,None,TRUE,"Marketed as eco, but shipped from far away with an above-average footprint.",Standard,,,FALSE,Material circularity,22.1,,,,,12.4,37.5
PROD-2025-0716,Aura Athleisure Belt,Fashion,Athleisure,22315,2432335.0,62.56,138.0,Bol - BFC Site 1,BFC1,8714252028140,"Mechie Trommelenweg 1, 5145 ND Waalwijk",FALSE,TRUE,TRUE,China,,Plastic,,2.9,,,FALSE,25.0,49.5,85.0,53.3,0.0,100.0,TRUE,35.0,44.1,Medium,CO2_Footprint_kg; Material_Recyclable_Pct,FALSE,,Next day,,PROD-2025-0909,FALSE,,41.6,-42.32,42.32,,42,50.0,32.1
PROD-2025-0717,Nano Accessories Belt,Fashion,Accessories,95317,15250720.0,133.4,161.0,Bol - BFC Site 2,BFC2,8714252028102,"Mechie Trommelenweg 1, 5145 ND Waalwijk",FALSE,TRUE,TRUE,,,Plastic,5,2.8,8,,FALSE,25.0,8.0,55.0,30.4,20.3,70.0,TRUE,37.7,40.8,Medium,CO2_Footprint_kg; Country_Of_Origin,FALSE,,Standard,,PROD-2025-0009,FALSE,,6.9,-124.2,124.2,,71,50.0,40.1
PROD-2025-0718,Luxe Reusable Packaging Utensils,Eco-Friendly,Reusable Packaging,63736,2039552.0,23.0,35.88,Bol - BFC Site 2,BFC2,8714252028102,"Mechie Trommelenweg 1, 5145 ND Waalwijk",FALSE,TRUE,TRUE,USA,,Minimal Packaging,4,,,Cradle to Cradle,FALSE,80.0,70.0,55.0,68.2,0.0,100.0,FALSE,35.0,48.9,Medium,CO2_Footprint_kg; Material_Recyclable_Pct,TRUE,"Carries an eco label, but scores below the category average on our independent check.",Next day,,PROD-2025-0492,FALSE,Material circularity,92.5,141.68,0.0,,40,49.2,37.5
PROD-2025-0719,Pure Zero-waste Kits Utensils,Eco-Friendly,Zero-waste Kits,82451,5359315.0,49.68,69.92,Bol - Ingram Micro,INGRAM,8712423020603,"Veerweg 16, 5145 NS Waalwijk",FALSE,TRUE,TRUE,USA,,Biodegradable,5,8.0,74,Fair Trade,FALSE,90.0,74.0,30.0,64.2,0.0,100.0,FALSE,35.0,55.1,High,CO2_Footprint_kg,TRUE,"Carries an eco label, but scores below the category average on our independent check.",Standard,,PROD-2025-0545,FALSE,Social / ethical (not environmental),74.2,-25.3,25.3,,31,49.2,66.3
PROD-2025-0720,Pure Charging Solutions Hub,Electronics,Charging Solutions,242367,11027698.5,27.6,56.12,Bol - BFC Site 1,BFC1,8714252028140,"Mechie Trommelenweg 1, 5145 ND Waalwijk",FALSE,TRUE,TRUE,China,,,,3.0,,Energy Star,FALSE,45.0,43.5,85.0,58.5,35.8,80.0,FALSE,51.3,42.2,Medium,CO2_Footprint_kg; Packaging_Type; Material_Recyclable_Pct,TRUE,"Carries an eco label, but scores below the category average on our independent check.",Next day,,PROD-2025-0627,FALSE,Energy efficiency,80.2,-13.34,13.34,,18,50.0,9.3
PROD-2025-0721,Premium Activewear Tracker,Fitness,Activewear,47124,8977122.0,134.32,216.2,Bol - BFC XL,BFCXL,8714252028195,"Divisiedok 1, 3439 JM Nieuwegein",FALSE,TRUE,TRUE,China,,,5,8.5,,Energy Star,FALSE,45.0,51.5,100.0,66.2,6.5,80.0,TRUE,32.3,53.4,Medium,CO2_Footprint_kg; Packaging_Type; Material_Recyclable_Pct,FALSE,,Standard,,PROD-2025-0145,FALSE,Energy efficiency,8.8,-128.34,128.34,,66,50.0,57.9
PROD-2025-0722,Ergonomic Athleisure Leggings,Fashion,Athleisure,37598,5320117.0,115.0,145.36,Bol - BFC Site 2,BFC2,8714252028102,"Mechie Trommelenweg 1, 5145 ND Waalwijk",FALSE,TRUE,TRUE,India,46.57,Minimal Packaging,,4.3,,,,80.0,49.5,55.0,62.1,58.1,100.0,TRUE,72.8,48.4,High,Material_Recyclable_Pct,FALSE,,Next day,,PROD-2025-0909,FALSE,,25.7,-72.22,72.22,37.1,30,3.3,83.0
PROD-2025-0723,Zen SaaS Subscriptions Asset,Digital Goods,SaaS Subscriptions,69644,6059028.0,48.76,111.32,Bol - Ingram Micro,INGRAM,8712423020603,"Veerweg 16, 5145 NS Waalwijk",FALSE,FALSE,FALSE,USA,0.0,Digital - No Packaging,,,,,,100.0,49.0,30.0,60.2,100.0,100.0,TRUE,100.0,90.0,Medium,Material_Recyclable_Pct; Repairability/Lifespan,FALSE,,Standard,,,FALSE,,63.7,,,,,100.0,100.0
PROD-2025-0724,Vital Reusable Packaging Composter,Eco-Friendly,Reusable Packaging,44201,5016813.5,85.56,123.28,Bol - BFC Site 2,BFC2,8714252028102,"Mechie Trommelenweg 1, 5145 ND Waalwijk",FALSE,TRUE,TRUE,,14.67,Recyclable Cardboard,4,,95,Energy Star,FALSE,70.0,95.0,55.0,72.2,44.1,70.0,TRUE,53.2,60.2,High,Country_Of_Origin,FALSE,,Next day,,PROD-2025-0496,TRUE,Energy efficiency,51.6,0.92,0.0,,12,70.8,37.5
PROD-2025-0725,Ultra Personal Care Gadgets Dryer,Beauty & Skincare,Personal Care Gadgets,390314,8196594.0,11.04,27.6,Bol - BFC Site 2,BFC2,8714252028102,"Mechie Trommelenweg 1, 5145 ND Waalwijk",FALSE,TRUE,TRUE,France,,Mixed Plastic+Cardboard,,1.4,,,FALSE,45.0,60.0,55.0,53.0,59.1,100.0,TRUE,73.4,60.5,Medium,CO2_Footprint_kg; Material_Recyclable_Pct,FALSE,,Standard,,PROD-2025-0739,FALSE,,97.5,1.38,0.0,,8,49.4,75.8
PROD-2025-0726,Zen Indoor Plants Accessories Organizer,Home & Garden,Indoor Plants Accessories,74789,7628478.0,82.8,104.88,Bol - BFC XL 2,BFCXL2,8714252028164,"Rietgraaf 10, 6678 PJ Oosterhout",FALSE,FALSE,TRUE,,,Plastic,6,,,,TRUE,25.0,47.5,100.0,58.0,39.2,70.0,FALSE,50.0,55.1,Low,CO2_Footprint_kg; Material_Recyclable_Pct; Country_Of_Origin,TRUE,"Eco claim, but packaged in Plastic.",Standard,,PROD-2025-0796,FALSE,,63.5,-32.2,32.2,,19,50.0,62.5
PROD-2025-0727,Luxe Kitchen Gadgets Cleaner,Home & Garden,Kitchen Gadgets,36037,6378549.0,128.8,196.88,Bol - BFC XL,BFCXL,8714252028195,"Divisiedok 1, 3439 JM Nieuwegein",FALSE,FALSE,TRUE,Netherlands,,Plastic,5,,45,,FALSE,25.0,45.0,100.0,57.2,81.1,100.0,TRUE,87.7,57.5,Medium,CO2_Footprint_kg,FALSE,,Standard,,PROD-2025-0781,FALSE,,17.3,-86.48,86.48,,9,50.0,50.0
PROD-2025-0728,Wireless Wearable Tech Adapter,Electronics,Wearable Tech,493484,74269342.0,112.24,164.68,Bol - BFC XL,BFCXL,8714252028195,"Divisiedok 1, 3439 JM Nieuwegein",FALSE,TRUE,TRUE,China,200.41,Mixed Plastic+Cardboard,5,,64,,FALSE,45.0,64.0,100.0,69.9,35.8,100.0,TRUE,58.3,48.8,High,None,FALSE,,Next day,,PROD-2025-0614,TRUE,,14.4,40.48,0.0,81.5,23,28.8,50.0
PROD-2025-0729,Organic Biodegradable Products Brush,Eco-Friendly,Biodegradable Products,58243,3611066.0,53.36,60.72,Bol - BFC XL,BFCXL,8714252028195,"Divisiedok 1, 3439 JM Nieuwegein",FALSE,TRUE,TRUE,USA,15.08,Biodegradable,,9.3,40,,FALSE,90.0,40.0,100.0,78.5,0.0,100.0,TRUE,35.0,73.1,High,None,FALSE,,Standard,,,FALSE,,88.2,,,,,69.2,96.2
PROD-2025-0730,Portable Organic Makeup Lotion,Beauty & Skincare,Organic Makeup,99844,17223090.0,123.28,194.12,Bol - Ingram Micro,INGRAM,8712423020603,"Veerweg 16, 5145 NS Waalwijk",FALSE,TRUE,TRUE,China,13.02,Foam + Plastic,4,,74,EU Ecolabel,,10.0,74.0,30.0,36.2,23.7,100.0,FALSE,50.4,30.7,High,None,TRUE,"Eco claim, but packaged in Foam + Plastic.",Next day,,,FALSE,Lifecycle (broad environmental),1.6,,,,,13.5,37.5
PROD-2025-0731,Ergonomic Zero-waste Kits Composter,Eco-Friendly,Zero-waste Kits,96348,7900536.0,57.96,92.92,Bol - BFC XL,BFCXL,8714252028195,"Divisiedok 1, 3439 JM Nieuwegein",FALSE,FALSE,TRUE,Netherlands,3.19,Recyclable Cardboard,,9.9,,EU Ecolabel,FALSE,70.0,70.0,100.0,80.5,64.7,100.0,TRUE,77.1,90.6,High,Material_Recyclable_Pct,FALSE,,Standard,,,TRUE,Lifecycle (broad environmental),86.0,,,,,96.9,100.0
PROD-2025-0732,Glow Fragrances Dryer,Beauty & Skincare,Fragrances,74281,8950860.5,80.96,140.76,Bol - BFC Site 1,BFC1,8714252028140,"Mechie Trommelenweg 1, 5145 ND Waalwijk",FALSE,FALSE,TRUE,China,14.14,Minimal Packaging,1,,23,Fair Trade,FALSE,80.0,23.0,85.0,64.6,23.7,100.0,FALSE,50.4,25.7,High,None,TRUE,"Eco claim, but only 23% recyclable material.",Standard,,PROD-2025-0715,FALSE,Social / ethical (not environmental),5.7,-11.5,11.5,0.9,30,5.6,0.0
PROD-2025-0733,Ergonomic Wearable Tech Speaker,Electronics,Wearable Tech,22768,944872.0,17.48,58.88,Bol - Ingram Micro,INGRAM,8712423020603,"Veerweg 16, 5145 NS Waalwijk",FALSE,TRUE,TRUE,Japan,,Plastic,,7.6,64,,FALSE,25.0,64.0,30.0,38.5,9.9,100.0,TRUE,41.4,49.7,Medium,CO2_Footprint_kg,FALSE,,Standard,,PROD-2025-0713,FALSE,,91.9,19.32,0.0,,54,50.0,65.3
PROD-2025-0734,Minimalist Solar Powered Gadgets Composter,Eco-Friendly,Solar Powered Gadgets,90996,13876890.0,136.16,144.44,Bol - Ingram Micro,INGRAM,8712423020603,"Veerweg 16, 5145 NS Waalwijk",FALSE,FALSE,TRUE,,,,6,,55,,FALSE,70.0,55.0,30.0,51.5,44.1,50.0,FALSE,46.2,52.7,Low,CO2_Footprint_kg; Packaging_Type; Country_Of_Origin,TRUE,"Carries an eco label, but scores below the category average on our independent check.",Standard,,PROD-2025-0803,FALSE,,20.4,-98.9,98.9,,34,49.2,62.5
PROD-2025-0735,Portable Organic Makeup Mask,Beauty & Skincare,Organic Makeup,15245,769872.5,18.4,74.52,Bol - BFC Site 2,BFC2,8714252028102,"Mechie Trommelenweg 1, 5145 ND Waalwijk",FALSE,TRUE,TRUE,South Korea,6.5,Plastic,,0.7,,,FALSE,25.0,52.5,55.0,43.8,0.0,100.0,TRUE,35.0,46.1,High,Material_Recyclable_Pct,FALSE,,Standard,,PROD-2025-0217,FALSE,,85.2,71.76,0.0,1.1,67,60.7,34.8
PROD-2025-0736,Pro Activewear Bench,Fitness,Activewear,89617,4570467.0,11.04,82.8,Bol - BFC XL 2,BFCXL2,8714252028164,"Rietgraaf 10, 6678 PJ Oosterhout",FALSE,FALSE,TRUE,China,60.6,Mixed Plastic+Cardboard,6,,41,,FALSE,45.0,41.0,100.0,63.0,6.5,100.0,TRUE,39.3,52.0,High,None,FALSE,,Standard,,PROD-2025-0145,FALSE,,83.2,0.0,0.0,50.5,70,42.2,62.5
PROD-2025-0737,Pro Digital Planners Tool,Digital Goods,Digital Planners,48098,5819858.0,108.56,114.08,Bol - BFC Site 2,BFC2,8714252028102,"Mechie Trommelenweg 1, 5145 ND Waalwijk",FALSE,FALSE,FALSE,USA,0.0,Digital - No Packaging,,,,,,100.0,49.0,55.0,69.0,100.0,100.0,TRUE,100.0,92.2,Medium,Material_Recyclable_Pct; Repairability/Lifespan,FALSE,,Standard,,,FALSE,,38.9,,,,,100.0,100.0
PROD-2025-0738,Flex Home Gym Equipment Roller,Fitness,Home Gym Equipment,54193,7966371.0,126.04,144.44,Bol - BFC XL,BFCXL,8714252028195,"Divisiedok 1, 3439 JM Nieuwegein",TRUE,TRUE,TRUE,,22.71,,5,8.9,46,,TRUE,45.0,46.0,100.0,64.5,6.5,50.0,TRUE,21.8,63.2,Medium,Packaging_Type; Country_Of_Origin,FALSE,,Today,,PROD-2025-0177,FALSE,,38.7,-8.28,8.28,5.2,18,82.4,59.8
PROD-2025-0739,Pure Personal Care Gadgets Serum,Beauty & Skincare,Personal Care Gadgets,13867,312007.5,10.12,31.28,Bol - BFC Site 1,BFC1,8714252028140,"Mechie Trommelenweg 1, 5145 ND Waalwijk",FALSE,FALSE,TRUE,,4.94,Recyclable Cardboard,,1.0,60,,FALSE,70.0,60.0,85.0,72.2,38.7,70.0,TRUE,49.7,65.5,High,Country_Of_Origin,FALSE,,Standard,,,TRUE,,98.4,,,,,75.3,54.5
PROD-2025-0740,Smart Personal Care Gadgets Perfume,Beauty & Skincare,Personal Care Gadgets,13500,1748250.0,105.8,132.48,Bol - BFC Site 2,BFC2,8714252028102,"Mechie Trommelenweg 1, 5145 ND Waalwijk",FALSE,TRUE,TRUE,,3.9,Foam + Plastic,,0.7,80,,FALSE,10.0,80.0,55.0,46.8,38.7,70.0,TRUE,49.7,56.9,High,Country_Of_Origin,FALSE,,Next day,,PROD-2025-0739,TRUE,,49.2,-98.44,98.44,,15,83.1,34.8
PROD-2025-0741,Zen Organic Pet Food Brush,Pet,Organic Pet Food,452083,74367653.5,117.76,184.92,Bol - BFC XL,BFCXL,8714252028195,"Divisiedok 1, 3439 JM Nieuwegein",FALSE,FALSE,TRUE,,15.29,,,4.9,,,FALSE,45.0,44.0,100.0,63.9,40.5,50.0,TRUE,43.9,57.2,Medium,Packaging_Type; Material_Recyclable_Pct; Country_Of_Origin,FALSE,,Standard,,PROD-2025-0242,FALSE,,24.3,-36.34,36.34,14.2,22,27.4,100.0
PROD-2025-0742,Sustainable Pet Grooming Tools Treats,Pet,Pet Grooming Tools,51708,7368390.0,88.32,173.88,Bol - Ingram Micro,INGRAM,8712423020603,"Veerweg 16, 5145 NS Waalwijk",FALSE,FALSE,TRUE,China,,Recyclable Cardboard,,4.4,,,FALSE,70.0,44.0,30.0,48.2,0.0,100.0,TRUE,35.0,54.6,Medium,CO2_Footprint_kg; Material_Recyclable_Pct,FALSE,,Standard,,PROD-2025-0497,FALSE,,32.0,-77.74,77.74,,34,49.3,80.4
PROD-2025-0743,Sustainable Portable Audio Speaker,Electronics,Portable Audio,12755,1211725.0,68.08,106.72,Bol - BFC Site 1,BFC1,8714252028140,"Mechie Trommelenweg 1, 5145 ND Waalwijk",FALSE,FALSE,TRUE,Japan,194.32,,,3.1,41,,FALSE,45.0,41.0,85.0,57.8,9.9,80.0,TRUE,34.4,34.8,High,Packaging_Type,FALSE,,Standard,,PROD-2025-0944,FALSE,,22.5,-52.9,52.9,83.0,88,33.8,13.3
PROD-2025-0744,Vital Wearable Tech Watch,Electronics,Wearable Tech,50320,4604280.0,76.36,92.0,Bol - Ingram Micro,INGRAM,8712423020603,"Veerweg 16, 5145 NS Waalwijk",FALSE,FALSE,TRUE,China,195.44,Plastic,7,5.2,,,TRUE,25.0,43.5,30.0,32.3,35.8,75.0,FALSE,49.5,41.3,High,Material_Recyclable_Pct,TRUE,"Eco claim, but packaged in Plastic.",Standard,,PROD-2025-0713,FALSE,,35.1,-26.68,26.68,165.5,85,32.5,57.5
PROD-2025-0745,Luxe Charging Solutions Power Bank,Electronics,Charging Solutions,158713,12855753.0,71.76,77.28,Bol - Ingram Micro,INGRAM,8712423020603,"Veerweg 16, 5145 NS Waalwijk",FALSE,TRUE,TRUE,,173.69,Plastic,4,,18,,,25.0,18.0,30.0,24.6,35.8,70.0,TRUE,47.8,37.1,High,Country_Of_Origin,FALSE,,Standard,,PROD-2025-0666,FALSE,,36.9,-27.6,27.6,30.2,39,41.2,37.5
PROD-2025-0746,Ergonomic Pet Apparel Treats,Pet,Pet Apparel,53329,3066417.5,9.2,96.6,Bol - BFC Site 2,BFC2,8714252028102,"Mechie Trommelenweg 1, 5145 ND Waalwijk",FALSE,FALSE,TRUE,China,11.92,Mixed Plastic+Cardboard,4,1.2,,Energy Star,FALSE,45.0,44.0,55.0,48.2,0.0,100.0,FALSE,35.0,40.3,High,Material_Recyclable_Pct,TRUE,"Marketed as eco, but shipped from far away with an above-average footprint.",Standard,,PROD-2025-0165,FALSE,Energy efficiency,69.9,-17.94,17.94,4.8,62,47.9,25.0
PROD-2025-0747,Swift Korean Skincare Mask,Beauty & Skincare,Korean Skincare,72232,7403780.0,51.52,137.08,Bol - BFC Site 2,BFC2,8714252028102,"Mechie Trommelenweg 1, 5145 ND Waalwijk",FALSE,FALSE,TRUE,China,,Plastic,1,,,,,25.0,52.5,55.0,43.8,23.7,100.0,TRUE,50.4,35.8,Medium,CO2_Footprint_kg; Material_Recyclable_Pct,FALSE,,Standard,,PROD-2025-0463,FALSE,,28.7,-33.58,33.58,,75,49.4,0.0
PROD-2025-0748,Wireless E-books App,Digital Goods,E-books,31914,1930797.0,38.64,72.68,Bol - BFC Site 2,BFC2,8714252028102,"Mechie Trommelenweg 1, 5145 ND Waalwijk",FALSE,FALSE,FALSE,USA,0.0,Digital - No Packaging,,,,,,100.0,49.0,55.0,69.0,100.0,100.0,TRUE,100.0,92.2,Medium,Material_Recyclable_Pct; Repairability/Lifespan,FALSE,,Standard,,,FALSE,,84.1,,,,,100.0,100.0
PROD-2025-0749,Swift Home Office Decor Desk,Home & Garden,Home Office Decor,23435,3128572.5,113.16,132.48,Bol - BFC Site 2,BFC2,8714252028102,"Mechie Trommelenweg 1, 5145 ND Waalwijk",FALSE,TRUE,TRUE,Italy,57.94,Plastic,6,,,,FALSE,25.0,47.5,55.0,42.2,29.7,100.0,TRUE,54.3,62.2,High,Material_Recyclable_Pct,FALSE,,Standard,,,FALSE,,51.9,,,,,79.7,62.5
PROD-2025-0750,Nano Online Courses Software,Digital Goods,Online Courses,22582,1174264.0,12.88,82.8,Bol - Ingram Micro,INGRAM,8712423020603,"Veerweg 16, 5145 NS Waalwijk",FALSE,FALSE,FALSE,,0.0,Digital - No Packaging,,,,,,100.0,49.0,30.0,60.2,100.0,70.0,TRUE,89.5,88.5,Medium,Material_Recyclable_Pct; Country_Of_Origin; Repairability/Lifespan,FALSE,,Standard,,,FALSE,,90.3,,,,,100.0,100.0
PROD-2025-0751,Ultra Interactive Pet Toys Treats,Pet,Interactive Pet Toys,248884,42683606.0,130.64,184.92,Bol - BFC Site 1,BFC1,8714252028140,"Mechie Trommelenweg 1, 5145 ND Waalwijk",FALSE,TRUE,TRUE,,,Minimal Packaging,,3.5,72,EU Ecolabel,TRUE,80.0,72.0,85.0,79.3,40.5,70.0,TRUE,50.9,60.8,Medium,CO2_Footprint_kg; Country_Of_Origin,FALSE,,Standard,,PROD-2025-0712,FALSE,Lifecycle (broad environmental),26.2,-3.22,3.22,,23,49.3,64.3
PROD-2025-0752,Aura Smart Fitness Trackers Bench,Fitness,Smart Fitness Trackers,92962,6042530.0,28.52,91.08,Bol - BFC XL,BFCXL,8714252028195,"Divisiedok 1, 3439 JM Nieuwegein",FALSE,FALSE,TRUE,,73.91,Mixed Plastic+Cardboard,,4.7,15,,,45.0,15.0,100.0,55.2,6.5,70.0,TRUE,28.8,34.6,High,Country_Of_Origin,FALSE,,Standard,,PROD-2025-0064,FALSE,,51.8,-1.38,1.38,58.6,105,31.4,22.0
PROD-2025-0753,Pro Upcycled Fashion Wrap,Eco-Friendly,Upcycled Fashion,429486,18038412.0,20.24,57.04,Bol - BFC Site 1,BFC1,8714252028140,"Mechie Trommelenweg 1, 5145 ND Waalwijk",FALSE,TRUE,TRUE,USA,,Recyclable Cardboard,6,,51,FSC Certified,FALSE,70.0,51.0,85.0,69.5,0.0,100.0,FALSE,35.0,55.5,High,CO2_Footprint_kg,TRUE,"Carries an eco label, but scores below the category average on our independent check.",Standard,,PROD-2025-0250,FALSE,Sustainable forestry,90.3,97.06,0.0,,31,49.2,62.5
PROD-2025-0754,Ultra Stock Media Course,Digital Goods,Stock Media,281501,13793549.0,42.32,47.84,Bol - BFC Site 1,BFC1,8714252028140,"Mechie Trommelenweg 1, 5145 ND Waalwijk",FALSE,FALSE,FALSE,USA,0.0,Digital - No Packaging,,,,,,100.0,49.0,85.0,79.5,100.0,100.0,TRUE,100.0,94.9,Medium,Material_Recyclable_Pct; Repairability/Lifespan,FALSE,,Standard,,,FALSE,,92.9,,,,,100.0,100.0
PROD-2025-0755,Minimalist Smart Fitness Trackers Band,Fitness,Smart Fitness Trackers,85233,2727456.0,17.48,41.4,Bol - BFC Site 1,BFC1,8714252028140,"Mechie Trommelenweg 1, 5145 ND Waalwijk",FALSE,FALSE,TRUE,China,,,,,,,FALSE,45.0,38.5,85.0,57.0,6.5,80.0,TRUE,32.3,49.1,Low,CO2_Footprint_kg; Packaging_Type; Material_Recyclable_Pct; Repairability/Lifespan,FALSE,,Standard,,PROD-2025-0064,FALSE,,97.8,28.98,0.0,,45,50.0,50.0
PROD-2025-0756,Sustainable Smart Baby Monitors Bib,Baby,Smart Baby Monitors,28700,2554300.0,57.04,106.72,Bol - BFC Site 1,BFC1,8714252028140,"Mechie Trommelenweg 1, 5145 ND Waalwijk",FALSE,FALSE,TRUE,,11.7,Mixed Plastic+Cardboard,2,1.7,,,FALSE,45.0,55.5,85.0,62.1,48.6,70.0,TRUE,56.1,53.1,Medium,Material_Recyclable_Pct; Country_Of_Origin,FALSE,,Standard,,PROD-2025-0352,FALSE,,63.2,-30.36,30.36,4.2,22,71.6,16.4
PROD-2025-0757,Flex Smart Lighting Diffuser,Home & Garden,Smart Lighting,93387,3548706.0,11.96,57.96,Bol - BFC Site 1,BFC1,8714252028140,"Mechie Trommelenweg 1, 5145 ND Waalwijk",FALSE,FALSE,TRUE,,110.62,Biodegradable,5,,26,,FALSE,90.0,26.0,85.0,69.0,39.2,70.0,TRUE,50.0,55.2,High,Country_Of_Origin,FALSE,,Standard,,PROD-2025-0146,FALSE,,94.2,-4.14,4.14,84.3,18,51.4,50.0
PROD-2025-0758,Portable Organic Makeup Cleanser,Beauty & Skincare,Organic Makeup,15146,1658487.0,95.68,105.8,Bol - BFC Site 2,BFC2,8714252028102,"Mechie Trommelenweg 1, 5145 ND Waalwijk",FALSE,FALSE,TRUE,South Korea,5.99,Recyclable Cardboard,2,1.2,,,FALSE,70.0,52.5,55.0,59.5,0.0,100.0,TRUE,35.0,52.6,High,Material_Recyclable_Pct,FALSE,,Standard,,PROD-2025-0309,FALSE,,59.0,-18.4,18.4,,13,65.2,38.8
PROD-2025-0759,Eco Stock Media Bundle,Digital Goods,Stock Media,42517,5272108.0,71.76,156.4,Bol - BFC Site 1,BFC1,8714252028140,"Mechie Trommelenweg 1, 5145 ND Waalwijk",FALSE,FALSE,FALSE,Germany,0.0,Digital - No Packaging,,,,,,100.0,49.0,85.0,79.5,100.0,100.0,TRUE,100.0,94.9,Medium,Material_Recyclable_Pct; Repairability/Lifespan,FALSE,,Standard,,,FALSE,,39.8,,,,,100.0,100.0
PROD-2025-0760,Ergonomic Stock Media Asset,Digital Goods,Stock Media,44488,6984616.0,113.16,175.72,Bol - BFC Site 2,BFC2,8714252028102,"Mechie Trommelenweg 1, 5145 ND Waalwijk",FALSE,FALSE,FALSE,USA,0.0,Digital - No Packaging,,,,,,100.0,49.0,55.0,69.0,100.0,100.0,TRUE,100.0,92.2,Medium,Material_Recyclable_Pct; Repairability/Lifespan,FALSE,,Standard,,,FALSE,,13.3,,,,,100.0,100.0
PROD-2025-0761,Aura Fragrances Lipstick,Beauty & Skincare,Fragrances,46295,7453495.0,110.4,185.84,Bol - BFC XL,BFCXL,8714252028195,"Divisiedok 1, 3439 JM Nieuwegein",FALSE,FALSE,TRUE,USA,12.96,Mixed Plastic+Cardboard,4,,56,,FALSE,45.0,56.0,100.0,67.5,38.7,100.0,TRUE,60.2,40.4,High,None,FALSE,,Standard,,PROD-2025-0905,TRUE,,8.2,-14.72,14.72,9.7,55,14.6,37.5
PROD-2025-0762,Sustainable Yoga Gear Scale,Fitness,Yoga Gear,193996,9796798.0,13.8,79.12,Bol - BFC XL,BFCXL,8714252028195,"Divisiedok 1, 3439 JM Nieuwegein",FALSE,FALSE,TRUE,USA,43.98,Mixed Plastic+Cardboard,,12.0,57,,FALSE,45.0,57.0,100.0,67.8,63.6,100.0,TRUE,76.3,75.0,High,None,FALSE,,Standard,,,TRUE,,97.1,,,,,61.8,100.0
PROD-2025-0763,Wireless Smart Baby Monitors Crib,Baby,Smart Baby Monitors,93565,13566925.0,109.48,157.32,Bol - BFC Site 2,BFC2,8714252028102,"Mechie Trommelenweg 1, 5145 ND Waalwijk",FALSE,TRUE,TRUE,USA,17.46,Minimal Packaging,,,27,,FALSE,80.0,27.0,55.0,55.4,24.3,100.0,TRUE,50.8,50.0,High,Repairability/Lifespan,FALSE,,Standard,,PROD-2025-0352,FALSE,,22.8,-81.88,81.88,10.0,30,44.3,52.2
PROD-2025-0764,Ergonomic Footwear Hoodie,Fashion,Footwear,98906,13006139.0,112.24,129.72,Bol - BFC Site 1,BFC1,8714252028140,"Mechie Trommelenweg 1, 5145 ND Waalwijk",TRUE,TRUE,TRUE,,24.58,Plastic,,,19,,FALSE,25.0,19.0,85.0,44.2,20.3,70.0,TRUE,37.7,45.0,Medium,Country_Of_Origin; Repairability/Lifespan,FALSE,,Standard,,PROD-2025-0277,FALSE,,25.7,-59.8,59.8,16.6,56,41.7,54.7
PROD-2025-0765,Flex Home Gym Equipment Mat,Fitness,Home Gym Equipment,76984,3618248.0,14.72,71.76,Bol - BFC Site 2,BFC2,8714252028102,"Mechie Trommelenweg 1, 5145 ND Waalwijk",FALSE,TRUE,TRUE,USA,54.38,Plastic,5,7.8,73,,TRUE,25.0,73.0,55.0,49.9,63.6,100.0,FALSE,76.3,55.7,High,None,TRUE,"Eco claim, but packaged in Plastic.",Standard,,PROD-2025-0177,FALSE,,89.1,83.72,0.0,36.8,34,52.9,53.0
PROD-2025-0766,Minimalist Interactive Pet Toys Bowl,Pet,Interactive Pet Toys,57683,5220311.5,57.96,108.56,Bol - BFC XL,BFCXL,8714252028195,"Divisiedok 1, 3439 JM Nieuwegein",FALSE,FALSE,TRUE,,18.62,Plastic,1,,,,,25.0,44.0,100.0,57.0,40.5,70.0,TRUE,50.9,23.3,Medium,Material_Recyclable_Pct; Country_Of_Origin,FALSE,,Standard,,PROD-2025-0370,FALSE,,7.8,-17.02,17.02,16.3,170,4.1,0.0
PROD-2025-0767,Ultra Biodegradable Products Sponge,Eco-Friendly,Biodegradable Products,49129,6411334.5,99.36,140.76,Bol - BFC Site 1,BFC1,8714252028140,"Mechie Trommelenweg 1, 5145 ND Waalwijk",FALSE,TRUE,TRUE,USA,,,3,7.7,88,,FALSE,70.0,88.0,85.0,80.6,0.0,80.0,FALSE,28.0,54.6,Medium,CO2_Footprint_kg; Packaging_Type,TRUE,"Carries an eco label, but scores below the category average on our independent check.",Standard,,PROD-2025-0729,FALSE,,36.6,-63.02,63.02,,34,49.2,51.9
PROD-2025-0768,Organic SaaS Subscriptions Guide,Digital Goods,SaaS Subscriptions,24174,2332791.0,69.0,108.56,Bol - BFC Site 2,BFC2,8714252028102,"Mechie Trommelenweg 1, 5145 ND Waalwijk",FALSE,FALSE,FALSE,Netherlands,0.0,Digital - No Packaging,,,,Energy Star,,100.0,49.0,55.0,69.0,100.0,100.0,TRUE,100.0,92.2,High,Material_Recyclable_Pct; Repairability/Lifespan,FALSE,,Standard,,,TRUE,Energy efficiency,56.6,,,,,100.0,100.0
PROD-2025-0769,Luxe Upcycled Fashion Brush,Eco-Friendly,Upcycled Fashion,62928,1699056.0,19.32,30.36,Bol - BFC Site 1,BFC1,8714252028140,"Mechie Trommelenweg 1, 5145 ND Waalwijk",FALSE,TRUE,TRUE,Germany,25.72,Plastic,,7.6,,,FALSE,25.0,70.0,85.0,59.5,57.4,100.0,FALSE,72.3,58.9,High,Material_Recyclable_Pct,TRUE,"Eco claim, but packaged in Plastic.",Standard,,PROD-2025-0250,FALSE,,97.8,110.86,0.0,16.1,23,40.0,76.9
PROD-2025-0770,Wireless Smart Lighting Organizer,Home & Garden,Smart Lighting,24571,2027107.5,63.48,88.32,Bol - Ingram Micro,INGRAM,8712423020603,"Veerweg 16, 5145 NS Waalwijk",FALSE,TRUE,TRUE,China,151.64,Plastic,3,14.7,69,,FALSE,25.0,69.0,30.0,40.0,0.0,100.0,TRUE,35.0,37.2,High,None,FALSE,,Next day,,PROD-2025-0146,TRUE,,48.1,-45.08,45.08,125.4,76,28.4,48.1
PROD-2025-0771,Sustainable Recovery Tools Scale,Fitness,Recovery Tools,45763,7711065.5,126.96,183.08,Bol - BFC XL,BFCXL,8714252028195,"Divisiedok 1, 3439 JM Nieuwegein",FALSE,TRUE,TRUE,,6.35,Plastic,,,,,FALSE,25.0,53.0,100.0,59.6,6.5,70.0,TRUE,28.8,64.6,Medium,Material_Recyclable_Pct; Country_Of_Origin; Repairability/Lifespan,FALSE,,Standard,,,FALSE,,32.1,,,,,99.0,42.7
PROD-2025-0772,Premium Smart Home Devices Case,Electronics,Smart Home Devices,87128,11980100.0,103.04,149.96,Bol - Ingram Micro,INGRAM,8712423020603,"Veerweg 16, 5145 NS Waalwijk",FALSE,FALSE,TRUE,Japan,138.17,Plastic,6,9.6,39,,FALSE,25.0,39.0,30.0,30.9,9.9,100.0,TRUE,41.4,52.8,High,None,FALSE,,Standard,,PROD-2025-0638,FALSE,,24.3,-15.18,15.18,94.4,41,55.0,78.6
PROD-2025-0773,Zen Accessories Leggings,Fashion,Accessories,14872,1963104.0,103.96,138.92,Bol - BFC XL 2,BFCXL2,8714252028133,"Rietgraaf 10, 6678 PJ Oosterhout",TRUE,TRUE,TRUE,Bangladesh,,Mixed Plastic+Cardboard,2,,27,,FALSE,45.0,27.0,100.0,58.8,20.3,100.0,TRUE,48.2,42.6,Medium,CO2_Footprint_kg,FALSE,,Standard,,PROD-2025-0318,FALSE,,20.8,-78.66,78.66,,54,50.0,12.5
PROD-2025-0774,Ergonomic Baby Safety Gear Toy,Baby,Baby Safety Gear,38704,4509016.0,63.48,150.88,Bol - Ingram Micro,INGRAM,8712423020603,"Veerweg 16, 5145 NS Waalwijk",FALSE,FALSE,TRUE,,16.63,,,3.3,73,Fair Trade,TRUE,45.0,73.0,30.0,48.1,48.6,25.0,FALSE,40.4,50.8,High,Packaging_Type; Country_Of_Origin,TRUE,"Carries an eco label, but scores below the category average on our independent check.",Standard,,PROD-2025-0239,FALSE,Social / ethical (not environmental),41.2,-4.14,4.14,13.6,55,48.9,62.3
PROD-2025-0775,Wireless Reusable Packaging Bottle,Eco-Friendly,Reusable Packaging,32520,4390200.0,108.56,139.84,Bol - BFC Site 2,BFC2,8714252028102,"Mechie Trommelenweg 1, 5145 ND Waalwijk",FALSE,TRUE,TRUE,,12.7,,3,5.5,77,Cradle to Cradle,,70.0,77.0,55.0,66.8,44.1,50.0,TRUE,46.2,59.2,High,Packaging_Type; Country_Of_Origin,FALSE,,Standard,,PROD-2025-0496,TRUE,Material circularity,40.9,-18.86,18.86,,14,75.4,36.5
PROD-2025-0776,Ultra Digital Planners Template,Digital Goods,Digital Planners,14493,1543504.5,78.2,117.76,Bol - BFC Site 2,BFC2,8714252028102,"Mechie Trommelenweg 1, 5145 ND Waalwijk",FALSE,FALSE,FALSE,USA,0.0,Digital - No Packaging,,,,,,100.0,49.0,55.0,69.0,100.0,100.0,TRUE,100.0,92.2,Medium,Material_Recyclable_Pct; Repairability/Lifespan,FALSE,,Standard,,,FALSE,,47.8,,,,,100.0,100.0
PROD-2025-0777,Organic Yoga Gear Bench,Fitness,Yoga Gear,93101,12335882.5,92.0,151.8,Bol - BFC XL,BFCXL,8714252028195,"Divisiedok 1, 3439 JM Nieuwegein",FALSE,FALSE,TRUE,Germany,,Mixed Plastic+Cardboard,,11.8,67,,FALSE,45.0,67.0,100.0,70.8,87.9,100.0,TRUE,92.1,73.7,Medium,CO2_Footprint_kg,FALSE,,Standard,,,FALSE,,54.7,,,,,50.0,98.8
PROD-2025-0778,Pure Sustainable Apparel Sneakers,Fashion,Sustainable Apparel,52627,3499695.5,35.88,86.48,Bol - BFC Site 2,BFC2,8714252028102,"Mechie Trommelenweg 1, 5145 ND Waalwijk",FALSE,FALSE,TRUE,Bangladesh,19.09,Minimal Packaging,,,,,FALSE,80.0,49.5,55.0,62.1,20.3,100.0,TRUE,48.2,54.5,Medium,Material_Recyclable_Pct; Repairability/Lifespan,FALSE,,Standard,,PROD-2025-0810,FALSE,,83.2,-17.48,17.48,5.7,20,51.7,54.7
PROD-2025-0779,Pro Biodegradable Products Kit,Eco-Friendly,Biodegradable Products,85465,8332837.5,79.12,100.28,Bol - BFC Site 2,BFC2,8714252028102,"Mechie Trommelenweg 1, 5145 ND Waalwijk",FALSE,FALSE,TRUE,,8.48,Recyclable Cardboard,,4.6,70,,FALSE,70.0,70.0,55.0,64.8,44.1,70.0,TRUE,53.2,63.5,High,Country_Of_Origin,FALSE,,Standard,,PROD-2025-0729,TRUE,,62.4,-32.66,32.66,,15,87.7,34.6
PROD-2025-0780,Sustainable Footwear Dress,Fashion,Footwear,57870,7378425.0,91.08,143.52,Bol - BFC Site 2,BFC2,8714252028102,"Mechie Trommelenweg 1, 5145 ND Waalwijk",FALSE,TRUE,TRUE,,19.63,Plastic,4,1.0,12,,FALSE,25.0,12.0,55.0,31.6,20.3,70.0,TRUE,37.7,36.0,High,Country_Of_Origin,FALSE,,Next day,,PROD-2025-0277,FALSE,,13.9,-56.12,56.12,11.6,95,50.0,19.7
PROD-2025-0781,Aura Kitchen Gadgets Blender,Home & Garden,Kitchen Gadgets,233452,19376516.0,59.8,92.92,Bol - BFC XL 2,BFCXL2,8714252028164,"Rietgraaf 10, 6678 PJ Oosterhout",TRUE,TRUE,TRUE,China,66.01,Plastic,4,16.1,69,,TRUE,25.0,69.0,100.0,64.5,0.0,100.0,FALSE,35.0,62.9,High,None,TRUE,"Eco claim, but packaged in Plastic.",Next day,,,FALSE,,75.0,,,,,74.3,62.0
PROD-2025-0782,Ergonomic Eco-friendly Cleaning Vacuum,Home & Garden,Eco-friendly Cleaning,16808,1193368.0,61.64,69.0,Bol - BFC Site 1,BFC1,8714252028140,"Mechie Trommelenweg 1, 5145 ND Waalwijk",FALSE,FALSE,TRUE,Poland,158.43,Foam + Plastic,3,,53,,,10.0,53.0,85.0,49.1,39.2,100.0,TRUE,60.5,36.1,High,None,FALSE,,Standard,,PROD-2025-0052,TRUE,,59.6,-13.8,13.8,105.7,93,24.3,25.0
PROD-2025-0783,Pro Recovery Tools Bench,Fitness,Recovery Tools,41248,4537280.0,72.68,129.72,Bol - BFC Site 2,BFC2,8714252028102,"Mechie Trommelenweg 1, 5145 ND Waalwijk",FALSE,TRUE,TRUE,China,12.03,Biodegradable,4,8.2,61,,FALSE,90.0,61.0,55.0,69.0,6.5,100.0,TRUE,39.3,68.0,High,None,FALSE,,Standard,,,TRUE,,65.0,,,,,92.2,50.5
PROD-2025-0784,Swift Biodegradable Products Soap,Eco-Friendly,Biodegradable Products,59600,9953200.0,115.0,192.28,Bol - BFC Site 1,BFC1,8714252028140,"Mechie Trommelenweg 1, 5145 ND Waalwijk",FALSE,TRUE,TRUE,,130.73,Recyclable Cardboard,6,3.7,,,FALSE,70.0,70.0,85.0,75.2,44.1,70.0,FALSE,53.2,37.5,Medium,Material_Recyclable_Pct; Country_Of_Origin,TRUE,"Carries an eco label, but scores below the category average on our independent check.",Next day,,PROD-2025-0729,FALSE,,1.1,-96.6,96.6,115.6,95,1.5,40.9
PROD-2025-0785,Luxe Indoor Plants Accessories Planter,Home & Garden,Indoor Plants Accessories,44777,5686679.0,80.04,153.64,Bol - BFC XL 2,BFCXL2,8714252028164,"Rietgraaf 10, 6678 PJ Oosterhout",FALSE,FALSE,TRUE,China,91.19,Biodegradable,2,12.7,,,,90.0,47.5,100.0,80.8,0.0,100.0,TRUE,35.0,53.9,High,Material_Recyclable_Pct,FALSE,,Standard,,PROD-2025-0796,FALSE,,42.3,-55.2,55.2,59.8,22,56.8,34.2
PROD-2025-0786,Pure Indoor Plants Accessories Cleaner,Home & Garden,Indoor Plants Accessories,28512,3578256.0,111.32,119.6,Bol - BFC XL,BFCXL,8714252028195,"Divisiedok 1, 3439 JM Nieuwegein",FALSE,FALSE,TRUE,Netherlands,149.54,Foam + Plastic,6,,16,,FALSE,10.0,16.0,100.0,43.3,81.1,100.0,TRUE,87.7,50.0,High,None,FALSE,,Standard,,PROD-2025-0796,FALSE,,36.5,-53.82,53.82,118.2,31,29.7,62.5
PROD-2025-0787,Glow Baby Safety Gear Bottle,Baby,Baby Safety Gear,69186,5707845.0,59.8,92.0,Bol - Ingram Micro,INGRAM,8712423020603,"Veerweg 16, 5145 NS Waalwijk",FALSE,FALSE,TRUE,USA,6.26,Recyclable Cardboard,4,3.8,60,,FALSE,70.0,60.0,30.0,53.0,24.3,100.0,TRUE,50.8,65.6,High,None,FALSE,,Standard,,,TRUE,,75.4,,,,,88.6,55.0
PROD-2025-0788,Smart Fragrances Lipstick,Beauty & Skincare,Fragrances,89000,16643000.0,135.24,208.84,Bol - BFC Site 1,BFC1,8714252028140,"Mechie Trommelenweg 1, 5145 ND Waalwijk",TRUE,TRUE,TRUE,France,8.97,Mixed Plastic+Cardboard,2,1.2,,,,45.0,52.5,85.0,61.2,59.1,100.0,TRUE,73.4,49.4,High,Material_Recyclable_Pct,FALSE,,Standard,,PROD-2025-0229,FALSE,,10.7,-51.98,51.98,5.5,54,38.2,38.8
PROD-2025-0789,Eco Smart Pet Feeders Carrier,Pet,Smart Pet Feeders,52375,2330687.5,17.48,64.4,Bol - BFC Site 2,BFC2,8714252028102,"Mechie Trommelenweg 1, 5145 ND Waalwijk",FALSE,TRUE,TRUE,,17.05,Mixed Plastic+Cardboard,3,4.7,30,,FALSE,45.0,30.0,55.0,44.0,40.5,70.0,TRUE,50.9,38.2,High,Country_Of_Origin,FALSE,,Standard,,PROD-2025-0641,FALSE,,76.7,19.78,0.0,15.7,81,15.1,57.1
PROD-2025-0790,Portable Biodegradable Products Utensils,Eco-Friendly,Biodegradable Products,23285,1688162.5,61.64,71.76,Bol - BFC XL 2,BFCXL2,8714252028133,"Rietgraaf 10, 6678 PJ Oosterhout",FALSE,TRUE,TRUE,,33.53,Plastic,8,,,,,25.0,70.0,100.0,64.8,44.1,70.0,FALSE,53.2,54.1,Medium,Material_Recyclable_Pct; Country_Of_Origin,TRUE,"Eco claim, but packaged in Plastic.",Next day,,PROD-2025-0729,FALSE,,72.0,-9.66,9.66,18.5,35,23.1,87.5
PROD-2025-0791,Pro Fragrances Perfume,Beauty & Skincare,Fragrances,29112,771468.0,13.8,34.96,Bol - BFC Site 2,BFC2,8714252028102,"Mechie Trommelenweg 1, 5145 ND Waalwijk",FALSE,TRUE,TRUE,USA,7.99,Plastic,3,0.8,,,FALSE,25.0,52.5,55.0,43.8,38.7,100.0,TRUE,60.2,44.3,High,Material_Recyclable_Pct,FALSE,,Standard,,PROD-2025-0229,FALSE,,93.4,95.68,0.0,4.5,72,44.9,34.5
PROD-2025-0792,Flex Activewear Tracker,Fitness,Activewear,412983,38200927.5,65.32,104.88,Bol - BFC Site 1,BFC1,8714252028140,"Mechie Trommelenweg 1, 5145 ND Waalwijk",FALSE,TRUE,TRUE,China,38.69,Minimal Packaging,5,,54,EU Ecolabel,FALSE,80.0,54.0,85.0,74.0,6.5,100.0,TRUE,39.3,59.5,High,None,FALSE,,Next day,,,TRUE,Lifecycle (broad environmental),67.9,,,,,64.7,50.0
PROD-2025-0793,Eco SaaS Subscriptions Bundle,Digital Goods,SaaS Subscriptions,82605,11647305.0,90.16,169.28,Bol - BFC Site 2,BFC2,8714252028102,"Mechie Trommelenweg 1, 5145 ND Waalwijk",FALSE,FALSE,FALSE,,0.0,Digital - No Packaging,,,,Cradle to Cradle,,100.0,49.0,55.0,69.0,100.0,70.0,FALSE,89.5,90.7,Medium,Material_Recyclable_Pct; Country_Of_Origin; Repairability/Lifespan,TRUE,"Carries an eco label, but scores below the category average on our independent check.",Standard,,,FALSE,Material circularity,23.9,,,,,100.0,100.0
PROD-2025-0794,Pro Zero-waste Kits Bottle,Eco-Friendly,Zero-waste Kits,75901,7020842.5,82.8,87.4,Bol - Ingram Micro,INGRAM,8712423020603,"Veerweg 16, 5145 NS Waalwijk",FALSE,TRUE,TRUE,Netherlands,29.85,Biodegradable,6,,49,EU Ecolabel,FALSE,90.0,49.0,30.0,56.7,64.7,100.0,FALSE,77.1,52.7,High,None,TRUE,"Carries an eco label, but scores below the category average on our independent check.",Next day,,PROD-2025-0545,FALSE,Lifecycle (broad environmental),55.9,-50.6,50.6,26.6,37,32.3,62.5
PROD-2025-0795,Zen Pet Grooming Tools Toy,Pet,Pet Grooming Tools,83354,14253534.0,116.84,197.8,Bol - BFC Site 1,BFC1,8714252028140,"Mechie Trommelenweg 1, 5145 ND Waalwijk",FALSE,TRUE,TRUE,Netherlands,,Biodegradable,,1.1,57,,FALSE,90.0,57.0,85.0,78.3,82.4,100.0,TRUE,88.6,51.9,Medium,CO2_Footprint_kg,FALSE,,Standard,,PROD-2025-0497,FALSE,,15.5,-103.96,103.96,,41,49.3,7.1
PROD-2025-0796,Minimalist Indoor Plants Accessories Desk,Home & Garden,Indoor Plants Accessories,13982,936794.0,20.24,103.04,Bol - BFC XL,BFCXL,8714252028195,"Divisiedok 1, 3439 JM Nieuwegein",FALSE,TRUE,TRUE,China,31.36,Foam + Plastic,6,17.9,5,,FALSE,10.0,5.0,100.0,40.0,0.0,100.0,TRUE,35.0,65.5,High,None,FALSE,,Next day,,PROD-2025-0852,FALSE,,82.7,92.92,0.0,6.1,16,87.8,77.9
PROD-2025-0797,Premium Accessories T-Shirt,Fashion,Accessories,10703,144490.5,9.2,15.64,Bol - BFC Site 1,BFC1,8714252028140,"Mechie Trommelenweg 1, 5145 ND Waalwijk",FALSE,TRUE,TRUE,Turkey,38.19,Recyclable Cardboard,,,33,,FALSE,70.0,33.0,85.0,64.1,73.0,100.0,TRUE,82.4,48.5,High,Repairability/Lifespan,FALSE,,Standard,,PROD-2025-0318,FALSE,,100.0,30.36,0.0,31.2,35,18.3,54.7
PROD-2025-0798,Ultra Menswear Dress,Fashion,Menswear,42064,2082168.0,17.48,73.6,Bol - BFC Site 2,BFC2,8714252028102,"Mechie Trommelenweg 1, 5145 ND Waalwijk",FALSE,TRUE,TRUE,India,24.72,Mixed Plastic+Cardboard,3,1.5,,,TRUE,45.0,49.5,55.0,49.8,58.1,75.0,FALSE,64.0,40.1,High,Material_Recyclable_Pct,TRUE,"Marketed as eco, but shipped from far away with an above-average footprint.",Next day,,PROD-2025-0156,FALSE,,81.2,42.32,0.0,16.3,65,40.0,16.3
PROD-2025-0799,Pro Fragrances Perfume,Beauty & Skincare,Fragrances,39698,3175840.0,68.08,79.12,Bol - BFC XL 2,BFCXL2,8714252028133,"Rietgraaf 10, 6678 PJ Oosterhout",FALSE,TRUE,TRUE,,,,,0.5,,,FALSE,45.0,52.5,100.0,66.5,38.7,50.0,TRUE,42.7,45.6,Low,CO2_Footprint_kg; Packaging_Type; Material_Recyclable_Pct; Country_Of_Origin,FALSE,,Standard,,PROD-2025-0593,FALSE,,65.6,-34.04,34.04,,47,49.4,21.2
PROD-2025-0800,Luxe Interactive Pet Toys Feeder,Pet,Interactive Pet Toys,13781,2074040.5,121.44,155.48,Bol - BFC XL,BFCXL,8714252028195,"Divisiedok 1, 3439 JM Nieuwegein",FALSE,TRUE,TRUE,,11.37,,,4.7,,,FALSE,45.0,44.0,100.0,63.9,40.5,50.0,TRUE,43.9,63.6,Medium,Packaging_Type; Material_Recyclable_Pct; Country_Of_Origin,FALSE,,Next day,,PROD-2025-0712,FALSE,,39.8,16.1,0.0,2.6,17,53.4,89.3
PROD-2025-0801,Flex Organic Makeup Lotion,Beauty & Skincare,Organic Makeup,489274,44523934.0,42.32,125.12,Bol - BFC Site 2,BFC2,8714252028102,"Mechie Trommelenweg 1, 5145 ND Waalwijk",FALSE,TRUE,TRUE,USA,,Mixed Plastic+Cardboard,2,,19,,FALSE,45.0,19.0,55.0,40.7,38.7,100.0,TRUE,60.2,39.6,Medium,CO2_Footprint_kg,FALSE,,Standard,,PROD-2025-0309,FALSE,,46.7,-1.38,1.38,,50,49.4,12.5
PROD-2025-0802,Glow Pet Apparel Bowl,Pet,Pet Apparel,30739,1014387.0,11.96,48.76,Bol - BFC Site 1,BFC1,8714252028140,"Mechie Trommelenweg 1, 5145 ND Waalwijk",FALSE,FALSE,TRUE,Netherlands,4.47,Minimal Packaging,2,1.9,,,FALSE,80.0,44.0,85.0,71.0,82.4,100.0,TRUE,88.6,63.3,High,Material_Recyclable_Pct,FALSE,,Standard,,,FALSE,,100.0,,,,,78.1,19.6
PROD-2025-0803,Wireless Solar Powered Gadgets Bottle,Eco-Friendly,Solar Powered Gadgets,330081,14853645.0,30.36,52.44,Bol - BFC XL,BFCXL,8714252028195,"Divisiedok 1, 3439 JM Nieuwegein",FALSE,FALSE,TRUE,Netherlands,15.6,,,6.9,88,,FALSE,70.0,88.0,100.0,85.9,64.7,80.0,TRUE,70.1,70.5,High,Packaging_Type,FALSE,,Standard,,,TRUE,,93.5,,,,,66.2,61.5
PROD-2025-0804,Ergonomic Stock Media Bundle,Digital Goods,Stock Media,90973,11781003.5,81.88,156.4,Bol - Ingram Micro,INGRAM,8712423020603,"Veerweg 16, 5145 NS Waalwijk",FALSE,FALSE,FALSE,USA,0.0,Digital - No Packaging,,,,,,100.0,49.0,30.0,60.2,100.0,100.0,TRUE,100.0,90.0,Medium,Material_Recyclable_Pct; Repairability/Lifespan,FALSE,,Standard,,,FALSE,,33.6,,,,,100.0,100.0
PROD-2025-0805,Zen Footwear Scarf,Fashion,Footwear,205212,39195492.0,138.0,213.44,Bol - BFC Site 2,BFC2,8714252028102,"Mechie Trommelenweg 1, 5145 ND Waalwijk",FALSE,TRUE,TRUE,Turkey,,,3,,13,,FALSE,45.0,13.0,55.0,38.9,73.0,80.0,TRUE,75.4,44.8,Medium,CO2_Footprint_kg; Packaging_Type,FALSE,,Standard,,PROD-2025-0277,FALSE,,4.0,-114.54,114.54,,57,50.0,25.0
PROD-2025-0806,Minimalist Phone Accessories Projector,Electronics,Phone Accessories,98904,10533276.0,52.44,143.52,Bol - BFC Site 2,BFC2,8714252028102,"Mechie Trommelenweg 1, 5145 ND Waalwijk",FALSE,FALSE,TRUE,China,166.83,Recyclable Cardboard,3,,22,Energy Star,FALSE,70.0,22.0,55.0,50.4,35.8,100.0,FALSE,58.3,43.8,High,None,TRUE,"Eco claim, but only 22% recyclable material.",Standard,,PROD-2025-0033,FALSE,Energy efficiency,27.0,-2.76,2.76,113.0,31,46.2,25.0
PROD-2025-0807,Glow Organic Pet Food Bowl,Pet,Organic Pet Food,16121,1853915.0,80.96,130.64,Bol - BFC Site 1,BFC1,8714252028140,"Mechie Trommelenweg 1, 5145 ND Waalwijk",FALSE,FALSE,TRUE,China,,Recyclable Cardboard,4,,,,FALSE,70.0,44.0,85.0,67.5,0.0,100.0,TRUE,35.0,48.7,Medium,CO2_Footprint_kg; Material_Recyclable_Pct,FALSE,,Standard,,PROD-2025-0192,FALSE,,40.8,-40.02,40.02,,15,49.3,37.5
PROD-2025-0808,Nano Smart Home Devices Charger,Electronics,Smart Home Devices,46772,5355394.0,78.2,132.48,Bol - BFC Site 2,BFC2,8714252028102,"Mechie Trommelenweg 1, 5145 ND Waalwijk",FALSE,FALSE,TRUE,Taiwan,,Plastic,6,9.0,67,,,25.0,67.0,55.0,48.1,0.0,100.0,TRUE,35.0,53.3,Medium,CO2_Footprint_kg,FALSE,,Standard,,PROD-2025-0255,FALSE,,38.7,-34.5,34.5,,38,50.0,73.9
PROD-2025-0809,Vital Yoga Gear Tracker,Fitness,Yoga Gear,391151,66495670.0,133.4,179.4,Bol - BFC XL 2,BFCXL2,8714252028164,"Rietgraaf 10, 6678 PJ Oosterhout",FALSE,TRUE,TRUE,Germany,84.49,Plastic,5,9.6,70,,FALSE,25.0,70.0,100.0,64.8,87.9,100.0,TRUE,92.1,51.9,High,None,FALSE,,Standard,,PROD-2025-0762,TRUE,,14.6,-109.94,109.94,40.5,45,17.6,62.8
PROD-2025-0810,Vital Sustainable Apparel Sneakers,Fashion,Sustainable Apparel,34925,1658937.5,14.72,72.68,Bol - BFC Site 1,BFC1,8714252028140,"Mechie Trommelenweg 1, 5145 ND Waalwijk",TRUE,TRUE,TRUE,India,13.41,Plastic,4,4.3,,,FALSE,25.0,49.5,85.0,53.3,58.1,100.0,TRUE,72.8,65.6,High,Material_Recyclable_Pct,FALSE,,Today,,,FALSE,,94.1,,,,,75.0,60.3
PROD-2025-0811,Glow Indoor Plants Accessories Diffuser,Home & Garden,Indoor Plants Accessories,16051,1974273.0,81.88,144.44,Bol - BFC XL,BFCXL,8714252028195,"Divisiedok 1, 3439 JM Nieuwegein",FALSE,FALSE,TRUE,China,78.53,Foam + Plastic,5,5.6,61,,FALSE,10.0,61.0,100.0,56.8,0.0,100.0,TRUE,35.0,49.0,High,None,FALSE,,Standard,,PROD-2025-0796,TRUE,,36.5,-51.52,51.52,47.2,34,64.9,27.5
PROD-2025-0812,Aura Smart Pet Feeders Carrier,Pet,Smart Pet Feeders,29923,4638065.0,106.72,178.48,Bol - BFC XL,BFCXL,8714252028195,"Divisiedok 1, 3439 JM Nieuwegein",FALSE,FALSE,TRUE,China,1.46,Recyclable Cardboard,1,4.4,,,FALSE,70.0,44.0,100.0,72.7,0.0,100.0,TRUE,35.0,66.6,High,Material_Recyclable_Pct,FALSE,,Standard,,,FALSE,,41.7,,,,,94.5,40.2
PROD-2025-0813,Wireless Smart Lighting Organizer,Home & Garden,Smart Lighting,21440,3623360.0,126.96,184.0,Bol - BFC XL,BFCXL,8714252028195,"Divisiedok 1, 3439 JM Nieuwegein",TRUE,TRUE,TRUE,Poland,,Plastic,6,16.1,27,,FALSE,25.0,27.0,100.0,51.9,39.2,100.0,TRUE,60.5,58.2,Medium,CO2_Footprint_kg,FALSE,,Today,,PROD-2025-0910,FALSE,,26.0,-80.04,80.04,,17,50.0,74.5
PROD-2025-0814,Zen Footwear Hoodie,Fashion,Footwear,178634,6698775.0,29.44,39.56,Bol - BFC Site 2,BFC2,8714252028102,"Mechie Trommelenweg 1, 5145 ND Waalwijk",FALSE,TRUE,TRUE,Bangladesh,33.05,Mixed Plastic+Cardboard,,,,,FALSE,45.0,49.5,55.0,49.8,20.3,100.0,TRUE,48.2,43.3,Medium,Material_Recyclable_Pct; Repairability/Lifespan,FALSE,,Next day,,PROD-2025-0277,FALSE,,92.1,26.68,0.0,25.0,62,28.3,54.7
PROD-2025-0815,Organic Smart Lighting Cleaner,Home & Garden,Smart Lighting,89954,10254756.0,73.6,136.16,Bol - BFC XL 2,BFCXL2,8714252028164,"Rietgraaf 10, 6678 PJ Oosterhout",FALSE,TRUE,TRUE,,182.68,Mixed Plastic+Cardboard,6,,14,,,45.0,14.0,100.0,55.0,39.2,70.0,TRUE,50.0,40.2,High,Country_Of_Origin,FALSE,,Standard,,PROD-2025-0910,FALSE,,28.8,-29.44,29.44,114.5,70,9.5,62.5
PROD-2025-0816,Sustainable Fragrances Brush,Beauty & Skincare,Fragrances,13376,1865952.0,110.4,146.28,Bol - BFC Site 2,BFC2,8714252028102,"Mechie Trommelenweg 1, 5145 ND Waalwijk",FALSE,TRUE,TRUE,Germany,6.25,Recyclable Cardboard,3,1.9,,,FALSE,70.0,52.5,55.0,59.5,86.0,100.0,TRUE,90.9,66.6,High,Material_Recyclable_Pct,FALSE,,Next day,,PROD-2025-0229,FALSE,,57.4,-8.28,8.28,2.7,15,64.0,62.5
PROD-2025-0817,Eco Eco-friendly Diapers Swaddle,Baby,Eco-friendly Diapers,62240,5881680.0,60.72,113.16,Bol - BFC Site 1,BFC1,8714252028140,"Mechie Trommelenweg 1, 5145 ND Waalwijk",FALSE,TRUE,TRUE,,8.13,Plastic,2,,,,FALSE,25.0,55.5,85.0,55.1,48.6,70.0,TRUE,56.1,54.4,Medium,Material_Recyclable_Pct; Country_Of_Origin,FALSE,,Standard,,PROD-2025-0190,FALSE,,58.8,-57.5,57.5,,16,83.0,12.5
PROD-2025-0818,Pro Smart Baby Monitors Diaper,Baby,Smart Baby Monitors,56342,1549405.0,15.64,34.96,Bol - BFC Site 1,BFC1,8714252028140,"Mechie Trommelenweg 1, 5145 ND Waalwijk",FALSE,FALSE,TRUE,USA,19.56,Foam + Plastic,6,2.5,60,,FALSE,10.0,60.0,85.0,51.2,24.3,100.0,TRUE,50.8,46.6,High,None,FALSE,,Standard,,PROD-2025-0352,TRUE,,94.7,26.22,0.0,12.1,39,37.5,52.3
PROD-2025-0819,Vital Korean Skincare Perfume,Beauty & Skincare,Korean Skincare,62533,9379950.0,126.96,149.04,Bol - BFC Site 1,BFC1,8714252028140,"Mechie Trommelenweg 1, 5145 ND Waalwijk",FALSE,FALSE,TRUE,,14.8,Mixed Plastic+Cardboard,,1.6,65,Energy Star,FALSE,45.0,65.0,85.0,65.0,38.7,70.0,FALSE,49.7,44.9,High,Country_Of_Origin,TRUE,"Marketed as eco, but shipped from far away with an above-average footprint.",Standard,,PROD-2025-0379,FALSE,Energy efficiency,18.9,-14.72,14.72,13.7,53,0.0,84.8
PROD-2025-0820,Pure Organic Baby Clothing Toy,Baby,Organic Baby Clothing,24153,3007048.5,92.92,136.16,Bol - BFC Site 1,BFC1,8714252028140,"Mechie Trommelenweg 1, 5145 ND Waalwijk",FALSE,FALSE,TRUE,Germany,,Mixed Plastic+Cardboard,5,4.8,,,,45.0,55.5,85.0,62.1,48.6,100.0,TRUE,66.6,61.4,Medium,CO2_Footprint_kg; Material_Recyclable_Pct,FALSE,,Standard,,,FALSE,,48.2,,,,,50.0,73.6
PROD-2025-0821,Vital Phone Accessories Earbuds,Electronics,Phone Accessories,52465,2990505.0,18.4,86.48,Bol - Ingram Micro,INGRAM,8712423020603,"Veerweg 16, 5145 NS Waalwijk",FALSE,TRUE,TRUE,China,148.89,Biodegradable,6,8.1,,,FALSE,90.0,43.5,30.0,55.0,35.8,100.0,TRUE,58.3,58.2,High,Material_Recyclable_Pct,FALSE,,Standard,,PROD-2025-0538,FALSE,,86.5,5.06,0.0,124.8,27,52.5,69.2
PROD-2025-0822,Aura Eco-friendly Cleaning Organizer,Home & Garden,Eco-friendly Cleaning,91808,16341824.0,127.88,199.64,Bol - BFC XL,BFCXL,8714252028195,"Divisiedok 1, 3439 JM Nieuwegein",FALSE,TRUE,TRUE,Netherlands,155.6,Mixed Plastic+Cardboard,6,,80,,FALSE,45.0,80.0,100.0,74.8,81.1,100.0,TRUE,87.7,56.9,High,None,FALSE,,Next day,,PROD-2025-0052,TRUE,,15.4,-112.24,112.24,102.9,22,27.0,62.5
PROD-2025-0823,Flex Accessories Bag,Fashion,Accessories,71987,4319220.0,14.72,95.68,Bol - BFC Site 2,BFC2,8714252028102,"Mechie Trommelenweg 1, 5145 ND Waalwijk",FALSE,FALSE,TRUE,,38.66,Recyclable Cardboard,4,2.3,,,FALSE,70.0,49.5,55.0,58.6,20.3,70.0,TRUE,37.7,32.2,Medium,Material_Recyclable_Pct; Country_Of_Origin,FALSE,,Standard,,PROD-2025-0318,FALSE,,63.4,-12.42,12.42,31.6,103,13.3,29.1
PROD-2025-0824,Ergonomic Charging Solutions Earbuds,Electronics,Charging Solutions,63763,3251913.0,40.48,53.36,Bol - BFC Site 2,BFC2,8714252028102,"Mechie Trommelenweg 1, 5145 ND Waalwijk",FALSE,TRUE,TRUE,China,56.69,Plastic,,,,,FALSE,25.0,43.5,55.0,41.0,35.8,100.0,TRUE,58.3,59.8,Medium,Material_Recyclable_Pct; Repairability/Lifespan,FALSE,,Next day,,PROD-2025-0695,FALSE,,90.1,116.38,0.0,13.2,27,81.2,49.3
PROD-2025-0825,Minimalist Solar Powered Gadgets Soap,Eco-Friendly,Solar Powered Gadgets,16200,1158300.0,62.56,69.0,Bol - BFC Site 2,BFC2,8714252028102,"Mechie Trommelenweg 1, 5145 ND Waalwijk",FALSE,TRUE,TRUE,Netherlands,4.72,,3,,,,FALSE,70.0,70.0,55.0,64.8,64.7,80.0,TRUE,70.1,65.3,High,Packaging_Type; Material_Recyclable_Pct,FALSE,,Standard,,PROD-2025-0803,FALSE,,78.5,-24.38,24.38,,8,92.3,25.0
PROD-2025-0826,Ergonomic Organic Makeup Dryer,Beauty & Skincare,Organic Makeup,13258,1955555.0,116.84,154.56,Bol - BFC XL,BFCXL,8714252028195,"Divisiedok 1, 3439 JM Nieuwegein",FALSE,TRUE,TRUE,France,,Minimal Packaging,3,1.8,27,,FALSE,80.0,27.0,100.0,71.1,59.1,100.0,TRUE,73.4,61.2,Medium,CO2_Footprint_kg,FALSE,,Next day,,PROD-2025-0217,FALSE,,41.8,-17.48,17.48,,26,49.4,60.2
PROD-2025-0827,Pure Activewear Roller,Fitness,Activewear,66382,10156446.0,126.04,155.48,Bol - BFC XL 2,BFCXL2,8714252028164,"Rietgraaf 10, 6678 PJ Oosterhout",FALSE,FALSE,TRUE,,93.83,,7,11.1,24,,FALSE,45.0,24.0,100.0,57.9,6.5,50.0,TRUE,21.8,40.7,Medium,Packaging_Type; Country_Of_Origin,FALSE,,Standard,,PROD-2025-0145,FALSE,,5.1,-93.84,93.84,83.7,117,6.9,82.0
PROD-2025-0828,Swift Reusable Packaging Bottle,Eco-Friendly,Reusable Packaging,38810,5821500.0,131.56,144.44,Bol - BFC Site 2,BFC2,8714252028102,"Mechie Trommelenweg 1, 5145 ND Waalwijk",FALSE,TRUE,TRUE,,15.26,Minimal Packaging,,4.9,70,FSC Certified,FALSE,80.0,70.0,55.0,68.2,44.1,70.0,TRUE,53.2,58.8,High,Country_Of_Origin,FALSE,,Next day,,PROD-2025-0496,TRUE,Sustainable forestry,32.3,-32.66,32.66,,14,67.7,40.4
PROD-2025-0829,Zen Pet Grooming Tools Leash,Pet,Pet Grooming Tools,47281,4988145.5,62.56,131.56,Bol - BFC Site 2,BFC2,8714252028102,"Mechie Trommelenweg 1, 5145 ND Waalwijk",FALSE,TRUE,TRUE,USA,8.49,Plastic,,1.8,59,,FALSE,25.0,59.0,55.0,45.7,40.5,100.0,TRUE,61.4,48.5,High,None,FALSE,,Standard,,PROD-2025-0497,TRUE,,47.6,-43.7,43.7,6.3,51,61.6,25.0
PROD-2025-0830,Zen Personal Care Gadgets Mask,Beauty & Skincare,Personal Care Gadgets,88414,12643202.0,85.56,177.56,Bol - BFC Site 2,BFC2,8714252028102,"Mechie Trommelenweg 1, 5145 ND Waalwijk",FALSE,TRUE,TRUE,USA,4.66,Recyclable Cardboard,2,0.8,78,,FALSE,70.0,78.0,55.0,67.2,38.7,100.0,TRUE,60.2,60.0,High,None,FALSE,,Next day,,,TRUE,,43.4,,,,,77.5,28.2
PROD-2025-0831,Wireless Stock Media Course,Digital Goods,Stock Media,94165,13041852.5,90.16,164.68,Bol - Ingram Micro,INGRAM,8712423020603,"Veerweg 16, 5145 NS Waalwijk",FALSE,FALSE,FALSE,USA,0.0,Digital - No Packaging,,,,Fair Trade,,100.0,49.0,30.0,60.2,100.0,100.0,FALSE,100.0,90.0,High,Material_Recyclable_Pct; Repairability/Lifespan,TRUE,"Carries an eco label, but scores below the category average on our independent check.",Standard,,,FALSE,Social / ethical (not environmental),25.7,,,,,100.0,100.0
PROD-2025-0832,Luxe Smart Pet Feeders Collar,Pet,Smart Pet Feeders,95416,11068256.0,61.64,151.8,Bol - BFC XL,BFCXL,8714252028195,"Divisiedok 1, 3439 JM Nieuwegein",FALSE,FALSE,TRUE,China,14.28,Recyclable Cardboard,2,1.3,,,TRUE,70.0,44.0,100.0,72.7,0.0,75.0,FALSE,26.2,37.2,High,Material_Recyclable_Pct,TRUE,"Marketed as eco, but shipped from far away with an above-average footprint.",Standard,,PROD-2025-0641,FALSE,,16.5,-46.0,46.0,13.0,85,32.9,14.3
PROD-2025-0833,Smart Reusable Packaging Utensils,Eco-Friendly,Reusable Packaging,35977,4641033.0,102.12,135.24,Bol - BFC XL 2,BFCXL2,8714252028133,"Rietgraaf 10, 6678 PJ Oosterhout",FALSE,FALSE,TRUE,Netherlands,,Minimal Packaging,6,5.0,42,FSC Certified,FALSE,80.0,42.0,100.0,75.6,64.7,100.0,TRUE,77.1,61.0,High,CO2_Footprint_kg,FALSE,,Standard,,PROD-2025-0496,TRUE,Sustainable forestry,44.1,-13.34,13.34,,10,49.2,53.4
PROD-2025-0834,Minimalist Zero-waste Kits Utensils,Eco-Friendly,Zero-waste Kits,480071,88333064.0,130.64,207.92,Bol - BFC Site 2,BFC2,8714252028102,"Mechie Trommelenweg 1, 5145 ND Waalwijk",FALSE,FALSE,TRUE,USA,16.96,,6,,92,,,70.0,92.0,55.0,71.3,0.0,80.0,TRUE,28.0,59.2,High,Packaging_Type,FALSE,,Standard,,PROD-2025-0731,TRUE,,12.9,-93.84,93.84,13.8,53,61.5,62.5
PROD-2025-0835,Sustainable Reusable Packaging Bag,Eco-Friendly,Reusable Packaging,26929,3850847.0,113.16,149.96,Bol - BFC Site 2,BFC2,8714252028102,"Mechie Trommelenweg 1, 5145 ND Waalwijk",TRUE,TRUE,TRUE,Netherlands,70.29,Biodegradable,,3.3,83,Fair Trade,FALSE,90.0,83.0,55.0,75.6,64.7,100.0,FALSE,77.1,37.0,High,None,TRUE,"Carries an eco label, but scores below the category average on our independent check.",Next day,,PROD-2025-0357,FALSE,Social / ethical (not environmental),3.2,32.66,0.0,49.1,71,7.7,15.4
PROD-2025-0836,Portable Phone Accessories Power Bank,Electronics,Phone Accessories,92483,1849660.0,10.12,26.68,Bol - Ingram Micro,INGRAM,8712423020603,"Veerweg 16, 5145 NS Waalwijk",FALSE,TRUE,TRUE,China,,Plastic,3,2.9,,FSC Certified,FALSE,25.0,43.5,30.0,32.3,35.8,100.0,FALSE,58.3,38.1,Medium,CO2_Footprint_kg; Material_Recyclable_Pct,TRUE,"Eco claim, but packaged in Plastic.",Next day,,PROD-2025-0538,FALSE,Sustainable forestry,99.1,39.1,0.0,,93,50.0,15.2
PROD-2025-0837,Ergonomic Eco-friendly Cleaning Lamp,Home & Garden,Eco-friendly Cleaning,84187,12628050.0,96.6,179.4,Bol - BFC Site 2,BFC2,8714252028102,"Mechie Trommelenweg 1, 5145 ND Waalwijk",FALSE,TRUE,TRUE,,17.8,Biodegradable,,,,,FALSE,90.0,47.5,55.0,65.0,39.2,70.0,TRUE,50.0,70.0,Medium,Material_Recyclable_Pct; Country_Of_Origin; Repairability/Lifespan,FALSE,,Standard,,,FALSE,,52.9,,,,,95.9,50.8
PROD-2025-0838,Wireless Personal Care Gadgets Lipstick,Beauty & Skincare,Personal Care Gadgets,25836,3578286.0,103.04,151.8,Bol - BFC XL 2,BFCXL2,8714252028133,"Rietgraaf 10, 6678 PJ Oosterhout",FALSE,TRUE,TRUE,South Korea,,Recyclable Cardboard,,,61,,FALSE,70.0,61.0,100.0,77.8,0.0,100.0,TRUE,35.0,54.5,Low,CO2_Footprint_kg; Repairability/Lifespan,FALSE,,Next day,,PROD-2025-0739,FALSE,,39.3,-106.72,106.72,,20,49.4,50.0
PROD-2025-0839,Vital Recovery Tools Dumbbell,Fitness,Recovery Tools,84706,11054133.0,77.28,162.84,Bol - BFC XL,BFCXL,8714252028195,"Divisiedok 1, 3439 JM Nieuwegein",FALSE,TRUE,TRUE,China,,,3,4.5,52,,FALSE,45.0,52.0,100.0,66.3,6.5,80.0,TRUE,32.3,44.5,Medium,CO2_Footprint_kg; Packaging_Type,FALSE,,Standard,,PROD-2025-0783,FALSE,,22.6,-18.86,18.86,,53,50.0,22.3
PROD-2025-0840,Portable Digital Planners Guide,Digital Goods,Digital Planners,26887,2258508.0,64.4,90.16,Bol - Ingram Micro,INGRAM,8712423020603,"Veerweg 16, 5145 NS Waalwijk",FALSE,FALSE,FALSE,,0.0,Digital - No Packaging,,,,,,100.0,49.0,30.0,60.2,100.0,70.0,TRUE,89.5,88.5,Medium,Material_Recyclable_Pct; Country_Of_Origin; Repairability/Lifespan,FALSE,,Standard,,,FALSE,,67.3,,,,,100.0,100.0
PROD-2025-0841,Organic Biodegradable Products Sponge,Eco-Friendly,Biodegradable Products,86527,4456140.5,21.16,73.6,Bol - BFC Site 1,BFC1,8714252028140,"Mechie Trommelenweg 1, 5145 ND Waalwijk",FALSE,FALSE,TRUE,Netherlands,134.16,Biodegradable,8,5.6,83,,FALSE,90.0,83.0,85.0,86.1,64.7,100.0,FALSE,77.1,50.3,High,None,TRUE,"Carries an eco label, but scores below the category average on our independent check.",Standard,,PROD-2025-0930,FALSE,,81.7,-14.72,14.72,114.5,14,0.0,68.8
PROD-2025-0842,Ultra Hair Care Tools Brush,Beauty & Skincare,Hair Care Tools,38642,2048026.0,27.6,69.92,Bol - BFC Site 2,BFC2,8714252028102,"Mechie Trommelenweg 1, 5145 ND Waalwijk",FALSE,TRUE,TRUE,France,,Foam + Plastic,3,0.9,,Energy Star,FALSE,10.0,52.5,55.0,38.5,59.1,100.0,FALSE,73.4,47.3,Medium,CO2_Footprint_kg; Material_Recyclable_Pct,TRUE,"Eco claim, but packaged in Foam + Plastic.",Next day,,PROD-2025-0334,FALSE,Energy efficiency,83.6,-23.46,23.46,,23,49.4,37.5
PROD-2025-0843,Zen Hair Care Tools Mask,Beauty & Skincare,Hair Care Tools,26841,4240878.0,130.64,160.08,Bol - BFC Site 2,BFC2,8714252028102,"Mechie Trommelenweg 1, 5145 ND Waalwijk",FALSE,TRUE,TRUE,South Korea,6.61,Biodegradable,4,0.8,22,FSC Certified,FALSE,90.0,22.0,55.0,57.3,0.0,100.0,FALSE,35.0,50.2,High,None,TRUE,"Eco claim, but only 22% recyclable material.",Standard,,PROD-2025-0241,FALSE,Sustainable forestry,24.6,-84.64,84.64,2.4,37,58.4,40.7
PROD-2025-0844,Ergonomic Interactive Pet Toys Shampoo,Pet,Interactive Pet Toys,14968,523880.0,21.16,43.24,Bol - BFC Site 1,BFC1,8714252028140,"Mechie Trommelenweg 1, 5145 ND Waalwijk",FALSE,FALSE,TRUE,Netherlands,15.52,Mixed Plastic+Cardboard,,,,,FALSE,45.0,44.0,85.0,58.7,82.4,100.0,TRUE,88.6,49.6,Medium,Material_Recyclable_Pct; Repairability/Lifespan,FALSE,,Standard,,PROD-2025-0712,FALSE,,94.2,122.36,0.0,6.7,51,26.0,50.0
PROD-2025-0845,Pure Yoga Gear Tracker,Fitness,Yoga Gear,24850,4149950.0,132.48,174.8,Bol - BFC XL,BFCXL,8714252028195,"Divisiedok 1, 3439 JM Nieuwegein",TRUE,TRUE,TRUE,,19.89,Mixed Plastic+Cardboard,,9.2,,,FALSE,45.0,52.0,100.0,66.3,6.5,70.0,TRUE,28.8,68.7,Medium,Material_Recyclable_Pct; Country_Of_Origin,FALSE,,Standard,,PROD-2025-0233,FALSE,,37.2,-102.58,102.58,5.0,13,84.3,73.2
PROD-2025-0846,Pro Organic Pet Food Bed,Pet,Organic Pet Food,12451,1985934.5,132.48,161.0,Bol - BFC Site 1,BFC1,8714252028140,"Mechie Trommelenweg 1, 5145 ND Waalwijk",FALSE,FALSE,TRUE,,9.9,Recyclable Cardboard,3,4.1,9,,,70.0,9.0,85.0,56.9,40.5,70.0,TRUE,50.9,54.8,High,Country_Of_Origin,FALSE,,Standard,,PROD-2025-0242,FALSE,,22.3,-31.74,31.74,8.8,27,58.9,49.1
PROD-2025-0847,Glow Charging Solutions Earbuds,Electronics,Charging Solutions,33009,3317404.5,69.92,115.0,Bol - Ingram Micro,INGRAM,8712423020603,"Veerweg 16, 5145 NS Waalwijk",FALSE,TRUE,TRUE,China,62.71,Plastic,5,4.5,62,,FALSE,25.0,62.0,30.0,37.8,35.8,100.0,TRUE,58.3,54.6,High,None,FALSE,,Standard,,,TRUE,,47.7,,,,,76.2,39.0
PROD-2025-0848,Ergonomic Indoor Plants Accessories Desk,Home & Garden,Indoor Plants Accessories,25248,3888192.0,135.24,148.12,Bol - BFC Site 1,BFC1,8714252028140,"Mechie Trommelenweg 1, 5145 ND Waalwijk",FALSE,FALSE,TRUE,,111.14,Recyclable Cardboard,5,9.2,36,,,70.0,36.0,85.0,65.0,39.2,70.0,TRUE,50.0,51.7,High,Country_Of_Origin,FALSE,,Standard,,PROD-2025-0796,FALSE,,20.2,-80.04,80.04,79.8,27,50.0,41.9
PROD-2025-0849,Luxe Kitchen Gadgets Lamp,Home & Garden,Kitchen Gadgets,22684,1395066.0,21.16,92.0,Bol - BFC XL,BFCXL,8714252028195,"Divisiedok 1, 3439 JM Nieuwegein",FALSE,TRUE,TRUE,China,,,8,,,,,45.0,47.5,100.0,65.0,0.0,80.0,TRUE,28.0,59.8,Low,CO2_Footprint_kg; Packaging_Type; Material_Recyclable_Pct,FALSE,,Standard,,PROD-2025-0304,FALSE,,81.7,97.52,0.0,,9,50.0,87.5
PROD-2025-0850,Minimalist Organic Baby Clothing Pacifier,Baby,Organic Baby Clothing,91803,10236034.5,99.36,105.8,Bol - BFC Site 2,BFC2,8714252028102,"Mechie Trommelenweg 1, 5145 ND Waalwijk",FALSE,TRUE,TRUE,Netherlands,6.96,Mixed Plastic+Cardboard,1,4.2,46,,FALSE,45.0,46.0,55.0,48.8,71.6,100.0,TRUE,81.6,65.7,High,None,FALSE,,Next day,,,FALSE,,61.4,,,,,87.5,42.8
PROD-2025-0851,Portable Menswear Scarf,Fashion,Menswear,20596,2873142.0,92.0,164.68,Bol - BFC Site 1,BFC1,8714252028140,"Mechie Trommelenweg 1, 5145 ND Waalwijk",FALSE,TRUE,TRUE,China,20.17,Mixed Plastic+Cardboard,1,4.6,,,FALSE,45.0,49.5,85.0,60.3,0.0,100.0,TRUE,35.0,48.7,High,Material_Recyclable_Pct,FALSE,,Standard,,PROD-2025-0156,FALSE,,28.7,-40.48,40.48,11.8,36,46.7,48.1
PROD-2025-0852,Pure Indoor Plants Accessories Diffuser,Home & Garden,Indoor Plants Accessories,97807,16431576.0,131.56,177.56,Bol - BFC XL,BFCXL,8714252028195,"Divisiedok 1, 3439 JM Nieuwegein",TRUE,TRUE,TRUE,Germany,25.25,Recyclable Cardboard,6,,43,,FALSE,70.0,43.0,100.0,72.4,51.4,100.0,TRUE,68.4,76.1,High,None,FALSE,,Today,,,FALSE,,50.0,,,,,91.9,62.5
PROD-2025-0853,Swift E-books Asset,Digital Goods,E-books,24216,738588.0,9.2,46.92,Bol - Ingram Micro,INGRAM,8712423020603,"Veerweg 16, 5145 NS Waalwijk",FALSE,FALSE,FALSE,Netherlands,0.0,Digital - No Packaging,,,,,,100.0,49.0,30.0,60.2,100.0,100.0,TRUE,100.0,90.0,Medium,Material_Recyclable_Pct; Repairability/Lifespan,FALSE,,Standard,,,FALSE,,98.2,,,,,100.0,100.0
PROD-2025-0854,Premium Online Courses Asset,Digital Goods,Online Courses,72310,8098720.0,100.28,105.8,Bol - BFC Site 2,BFC2,8714252028102,"Mechie Trommelenweg 1, 5145 ND Waalwijk",FALSE,FALSE,FALSE,Germany,0.0,Digital - No Packaging,,,,,,100.0,49.0,55.0,69.0,100.0,100.0,TRUE,100.0,92.2,Medium,Material_Recyclable_Pct; Repairability/Lifespan,FALSE,,Standard,,,FALSE,,42.5,,,,,100.0,100.0
PROD-2025-0855,Sustainable Eco-friendly Cleaning Shelf,Home & Garden,Eco-friendly Cleaning,63162,9347976.0,97.52,174.8,Bol - BFC Site 2,BFC2,8714252028102,"Mechie Trommelenweg 1, 5145 ND Waalwijk",FALSE,FALSE,TRUE,Netherlands,,Foam + Plastic,,9.8,19,,,10.0,19.0,55.0,28.4,81.1,100.0,TRUE,87.7,46.7,Medium,CO2_Footprint_kg,FALSE,,Standard,,PROD-2025-0052,FALSE,,11.5,-84.64,84.64,,49,50.0,35.6
PROD-2025-0856,Premium Smart Pet Feeders Bed,Pet,Smart Pet Feeders,85087,11316571.0,95.68,149.04,Bol - BFC Site 2,BFC2,8714252028102,"Mechie Trommelenweg 1, 5145 ND Waalwijk",FALSE,TRUE,TRUE,,5.5,,,3.9,,Fair Trade,FALSE,45.0,44.0,55.0,48.2,40.5,50.0,TRUE,43.9,61.4,Medium,Packaging_Type; Material_Recyclable_Pct; Country_Of_Origin,FALSE,,Next day,,PROD-2025-0641,FALSE,Social / ethical (not environmental),49.5,-61.64,61.64,4.2,12,72.6,69.6
PROD-2025-0857,Zen Digital Planners Bundle,Digital Goods,Digital Planners,34931,5012598.5,124.2,139.84,Bol - BFC XL 2,BFCXL2,8714252028133,"Rietgraaf 10, 6678 PJ Oosterhout",FALSE,FALSE,FALSE,USA,0.0,Digital - No Packaging,,,,,,100.0,49.0,100.0,84.7,100.0,100.0,TRUE,100.0,96.2,Medium,Material_Recyclable_Pct; Repairability/Lifespan,FALSE,,Standard,,,FALSE,,30.1,,,,,100.0,100.0
PROD-2025-0858,Glow Zero-waste Kits Composter,Eco-Friendly,Zero-waste Kits,61559,8895275.5,114.08,151.8,Bol - Ingram Micro,INGRAM,8712423020603,"Veerweg 16, 5145 NS Waalwijk",FALSE,FALSE,TRUE,Netherlands,17.89,Recyclable Cardboard,6,,70,Cradle to Cradle,FALSE,70.0,70.0,30.0,56.0,64.7,100.0,TRUE,77.1,61.6,High,None,FALSE,,Standard,,PROD-2025-0545,TRUE,Material circularity,38.7,-98.44,98.44,14.7,17,58.5,62.5
PROD-2025-0859,Eco Eco-friendly Cleaning Mug,Home & Garden,Eco-friendly Cleaning,78806,3309852.0,23.92,53.36,Bol - BFC XL 2,BFCXL2,8714252028164,"Rietgraaf 10, 6678 PJ Oosterhout",FALSE,FALSE,TRUE,Netherlands,,Plastic,6,15.5,14,,FALSE,25.0,14.0,100.0,48.0,81.1,100.0,TRUE,87.7,60.4,Medium,CO2_Footprint_kg,FALSE,,Standard,,PROD-2025-0052,FALSE,,93.3,12.88,0.0,,15,50.0,71.1
PROD-2025-0860,Vital Pet Grooming Tools Bed,Pet,Pet Grooming Tools,339244,24425568.0,57.04,75.44,Bol - BFC Site 1,BFC1,8714252028140,"Mechie Trommelenweg 1, 5145 ND Waalwijk",FALSE,FALSE,TRUE,USA,5.15,Plastic,,,37,,,25.0,37.0,85.0,49.6,40.5,100.0,TRUE,61.4,60.0,High,Repairability/Lifespan,FALSE,,Standard,,PROD-2025-0497,FALSE,,75.7,-12.88,12.88,3.0,22,74.0,50.0
PROD-2025-0861,Swift Baby Safety Gear Swaddle,Baby,Baby Safety Gear,74818,10698974.0,109.48,153.64,Bol - Ingram Micro,INGRAM,8712423020603,"Veerweg 16, 5145 NS Waalwijk",FALSE,FALSE,TRUE,,14.04,Minimal Packaging,6,2.3,51,,FALSE,80.0,51.0,30.0,53.8,48.6,70.0,TRUE,56.1,56.7,High,Country_Of_Origin,FALSE,,Standard,,PROD-2025-0239,TRUE,,35.1,-28.52,28.52,11.0,39,63.6,50.1
PROD-2025-0862,Smart Yoga Gear Bottle,Fitness,Yoga Gear,33588,1578636.0,19.32,67.16,Bol - BFC XL,BFCXL,8714252028195,"Divisiedok 1, 3439 JM Nieuwegein",FALSE,TRUE,TRUE,China,51.46,Biodegradable,,,57,,FALSE,90.0,57.0,100.0,83.6,6.5,100.0,TRUE,39.3,61.2,High,Repairability/Lifespan,FALSE,,Next day,,PROD-2025-0233,TRUE,,90.5,7.82,0.0,36.6,27,54.9,61.0
PROD-2025-0863,Swift Menswear Jacket,Fashion,Menswear,87621,12661234.5,109.48,156.4,Bol - BFC XL,BFCXL,8714252028195,"Divisiedok 1, 3439 JM Nieuwegein",FALSE,TRUE,TRUE,India,,Plastic,,,,,TRUE,25.0,49.5,100.0,58.6,58.1,100.0,FALSE,72.8,56.7,Low,CO2_Footprint_kg; Material_Recyclable_Pct; Repairability/Lifespan,TRUE,"Eco claim, but packaged in Plastic.",Standard,,PROD-2025-0156,FALSE,,39.6,-45.08,45.08,,16,50.0,54.7
PROD-2025-0864,Aura Charging Solutions Earbuds,Electronics,Charging Solutions,16002,1488186.0,65.32,105.8,Bol - BFC Site 2,BFC2,8714252028102,"Mechie Trommelenweg 1, 5145 ND Waalwijk",FALSE,TRUE,TRUE,China,,Recyclable Cardboard,,,,,FALSE,70.0,43.5,55.0,56.8,35.8,100.0,TRUE,58.3,52.8,Low,CO2_Footprint_kg; Material_Recyclable_Pct; Repairability/Lifespan,FALSE,,Next day,,PROD-2025-0450,FALSE,,50.5,-7.36,7.36,,18,50.0,49.3
PROD-2025-0865,Pro Biodegradable Products Sponge,Eco-Friendly,Biodegradable Products,10461,1077483.0,92.0,97.52,Bol - BFC Site 1,BFC1,8714252028140,"Mechie Trommelenweg 1, 5145 ND Waalwijk",FALSE,FALSE,TRUE,USA,,Recyclable Cardboard,3,7.6,49,,TRUE,70.0,49.0,85.0,69.0,0.0,100.0,FALSE,35.0,52.5,Medium,CO2_Footprint_kg,TRUE,"Carries an eco label, but scores below the category average on our independent check.",Standard,,PROD-2025-0729,FALSE,,49.5,-37.72,37.72,,39,49.2,51.0
PROD-2025-0866,Eco Yoga Gear Bottle,Fitness,Yoga Gear,66822,3474744.0,34.04,61.64,Bol - BFC Site 2,BFC2,8714252028102,"Mechie Trommelenweg 1, 5145 ND Waalwijk",FALSE,FALSE,TRUE,China,,,,10.3,52,,,45.0,52.0,55.0,50.6,6.5,80.0,TRUE,32.3,54.8,Medium,CO2_Footprint_kg; Packaging_Type,FALSE,,Standard,,PROD-2025-0762,FALSE,,83.9,-1.38,1.38,,37,50.0,79.3
PROD-2025-0867,Organic Womenswear Dress,Fashion,Womenswear,56108,6761014.0,105.8,115.92,Bol - BFC Site 1,BFC1,8714252028140,"Mechie Trommelenweg 1, 5145 ND Waalwijk",FALSE,FALSE,TRUE,Portugal,32.79,Mixed Plastic+Cardboard,,,29,,FALSE,45.0,29.0,85.0,54.2,82.4,100.0,TRUE,88.6,51.0,High,Repairability/Lifespan,FALSE,,Standard,,PROD-2025-0594,FALSE,,42.6,-22.08,22.08,29.3,11,30.0,54.7
PROD-2025-0868,Nano SaaS Subscriptions Tool,Digital Goods,SaaS Subscriptions,27330,2896980.0,77.28,117.76,Bol - BFC XL,BFCXL,8714252028195,"Divisiedok 1, 3439 JM Nieuwegein",FALSE,FALSE,FALSE,Netherlands,0.0,Digital - No Packaging,,,,,,100.0,49.0,100.0,84.7,100.0,100.0,TRUE,100.0,96.2,Medium,Material_Recyclable_Pct; Repairability/Lifespan,FALSE,,Standard,,,FALSE,,51.3,,,,,100.0,100.0
PROD-2025-0869,Aura Educational Toys Diaper,Baby,Educational Toys,57342,3813243.0,28.52,93.84,Bol - BFC Site 2,BFC2,8714252028102,"Mechie Trommelenweg 1, 5145 ND Waalwijk",FALSE,TRUE,TRUE,Germany,,Mixed Plastic+Cardboard,6,,,,FALSE,45.0,55.5,55.0,51.6,48.6,100.0,TRUE,66.6,56.0,Medium,CO2_Footprint_kg; Material_Recyclable_Pct,FALSE,,Standard,,PROD-2025-0330,FALSE,,79.8,-1.84,1.84,,10,50.0,62.5
PROD-2025-0870,Pro Solar Powered Gadgets Straws,Eco-Friendly,Solar Powered Gadgets,88488,8981532.0,78.2,108.56,Bol - BFC XL,BFCXL,8714252028195,"Divisiedok 1, 3439 JM Nieuwegein",TRUE,TRUE,TRUE,,33.17,Recyclable Cardboard,,,78,,FALSE,70.0,78.0,100.0,82.9,44.1,70.0,FALSE,53.2,49.8,Medium,Country_Of_Origin; Repairability/Lifespan,TRUE,"Carries an eco label, but scores below the category average on our independent check.",Today,,PROD-2025-0803,FALSE,,47.3,-51.98,51.98,17.6,42,24.6,50.0
PROD-2025-0871,Nano Smart Baby Monitors Crib,Baby,Smart Baby Monitors,79800,3790500.0,15.64,71.76,Bol - BFC XL 2,BFCXL2,8714252028133,"Rietgraaf 10, 6678 PJ Oosterhout",FALSE,TRUE,TRUE,,16.66,Plastic,6,1.0,,,,25.0,55.5,100.0,60.4,48.6,70.0,TRUE,56.1,48.6,Medium,Material_Recyclable_Pct; Country_Of_Origin,FALSE,,Standard,,PROD-2025-0400,FALSE,,86.0,-19.32,19.32,4.3,13,47.7,33.4
PROD-2025-0872,Sustainable Organic Makeup Mask,Beauty & Skincare,Organic Makeup,48708,8061174.0,126.04,178.48,Bol - BFC Site 2,BFC2,8714252028102,"Mechie Trommelenweg 1, 5145 ND Waalwijk",FALSE,TRUE,TRUE,China,,Mixed Plastic+Cardboard,3,,,,FALSE,45.0,52.5,55.0,50.8,23.7,100.0,TRUE,50.4,43.8,Medium,CO2_Footprint_kg; Material_Recyclable_Pct,FALSE,,Next day,,PROD-2025-0217,FALSE,,12.3,-34.04,34.04,,76,49.4,25.0
PROD-2025-0873,Nano Eco-friendly Cleaning Shelf,Home & Garden,Eco-friendly Cleaning,55136,4824400.0,47.84,113.16,Bol - BFC Site 1,BFC1,8714252028140,"Mechie Trommelenweg 1, 5145 ND Waalwijk",FALSE,FALSE,TRUE,,114.99,Plastic,6,,,,,25.0,47.5,85.0,52.8,39.2,70.0,TRUE,50.0,52.9,Medium,Material_Recyclable_Pct; Country_Of_Origin,FALSE,,Standard,,PROD-2025-0052,FALSE,,66.3,-28.98,28.98,62.3,32,47.3,62.5
PROD-2025-0874,Pure Interactive Pet Toys Brush,Pet,Interactive Pet Toys,55713,5794152.0,82.8,108.56,Bol - BFC Site 2,BFC2,8714252028102,"Mechie Trommelenweg 1, 5145 ND Waalwijk",FALSE,FALSE,TRUE,Germany,,Biodegradable,4,,,,FALSE,90.0,44.0,55.0,63.9,64.9,100.0,TRUE,77.2,54.2,Medium,CO2_Footprint_kg; Material_Recyclable_Pct,FALSE,,Standard,,PROD-2025-0370,FALSE,,55.3,-29.44,29.44,,16,49.3,37.5
PROD-2025-0875,Premium Baby Safety Gear Bottle,Baby,Baby Safety Gear,10144,1060048.0,87.4,104.88,Bol - BFC Site 1,BFC1,8714252028140,"Mechie Trommelenweg 1, 5145 ND Waalwijk",FALSE,FALSE,TRUE,China,15.79,Mixed Plastic+Cardboard,4,3.2,,,,45.0,56.0,85.0,62.3,0.0,100.0,TRUE,35.0,50.8,High,Material_Recyclable_Pct,FALSE,,Standard,,PROD-2025-0464,FALSE,,47.4,-37.26,37.26,10.1,37,51.1,48.5
PROD-2025-0876,Sustainable Baby Safety Gear Toy,Baby,Baby Safety Gear,45195,6847042.5,128.8,149.96,Bol - BFC Site 2,BFC2,8714252028102,"Mechie Trommelenweg 1, 5145 ND Waalwijk",FALSE,TRUE,TRUE,,2.68,Mixed Plastic+Cardboard,1,,,,FALSE,45.0,56.0,55.0,51.8,48.6,70.0,TRUE,56.1,55.6,Medium,Material_Recyclable_Pct; Country_Of_Origin,FALSE,,Next day,,PROD-2025-0239,FALSE,,25.4,-36.34,36.34,,42,97.7,0.0
PROD-2025-0877,Portable Smart Baby Monitors Bib,Baby,Smart Baby Monitors,19065,2783490.0,92.0,176.64,Bol - BFC Site 1,BFC1,8714252028140,"Mechie Trommelenweg 1, 5145 ND Waalwijk",FALSE,FALSE,TRUE,,15.78,Mixed Plastic+Cardboard,1,,,,FALSE,45.0,55.5,85.0,62.1,48.6,70.0,TRUE,56.1,42.3,Medium,Material_Recyclable_Pct; Country_Of_Origin,FALSE,,Standard,,PROD-2025-0352,FALSE,,10.5,-82.8,82.8,8.3,53,52.3,0.0
PROD-2025-0878,Luxe Wearable Tech Earbuds,Electronics,Wearable Tech,18078,2015697.0,76.36,128.8,Bol - Ingram Micro,INGRAM,8712423020603,"Veerweg 16, 5145 NS Waalwijk",FALSE,TRUE,TRUE,China,,,7,,70,,FALSE,45.0,70.0,30.0,47.2,35.8,80.0,TRUE,51.3,55.8,Medium,CO2_Footprint_kg; Packaging_Type,FALSE,,Next day,,PROD-2025-0713,FALSE,,44.1,-45.08,45.08,,37,50.0,75.0
PROD-2025-0879,Glow Eco-friendly Diapers Carrier,Baby,Eco-friendly Diapers,88418,4774572.0,41.4,57.96,Bol - BFC Site 1,BFC1,8714252028140,"Mechie Trommelenweg 1, 5145 ND Waalwijk",FALSE,FALSE,TRUE,China,14.48,Mixed Plastic+Cardboard,2,,,,FALSE,45.0,55.5,85.0,62.1,0.0,100.0,TRUE,35.0,45.0,High,Material_Recyclable_Pct,FALSE,,Standard,,PROD-2025-0190,FALSE,,78.1,-20.24,20.24,5.2,40,60.2,12.5
PROD-2025-0880,Portable Stock Media Template,Digital Goods,Stock Media,222232,27334536.0,106.72,119.6,Bol - BFC Site 2,BFC2,8714252028102,"Mechie Trommelenweg 1, 5145 ND Waalwijk",FALSE,FALSE,FALSE,Germany,0.0,Digital - No Packaging,,,,,,100.0,49.0,55.0,69.0,100.0,100.0,TRUE,100.0,92.2,Medium,Material_Recyclable_Pct; Repairability/Lifespan,FALSE,,Standard,,,FALSE,,37.2,,,,,100.0,100.0
PROD-2025-0881,Aura Activewear Band,Fitness,Activewear,59673,3192505.5,46.92,51.52,Bol - BFC XL 2,BFCXL2,8714252028164,"Rietgraaf 10, 6678 PJ Oosterhout",FALSE,TRUE,TRUE,USA,28.97,Plastic,,,,,FALSE,25.0,51.5,100.0,59.2,63.6,100.0,TRUE,76.3,70.1,Medium,Material_Recyclable_Pct; Repairability/Lifespan,FALSE,,Standard,,PROD-2025-0145,FALSE,,91.2,-2.3,2.3,18.9,26,76.5,68.3
PROD-2025-0882,Sustainable Digital Planners Preset,Digital Goods,Digital Planners,28794,1641258.0,46.0,58.88,Bol - BFC Site 1,BFC1,8714252028140,"Mechie Trommelenweg 1, 5145 ND Waalwijk",FALSE,FALSE,FALSE,Germany,0.0,Digital - No Packaging,,,,,,100.0,49.0,85.0,79.5,100.0,100.0,TRUE,100.0,94.9,Medium,Material_Recyclable_Pct; Repairability/Lifespan,FALSE,,Standard,,,FALSE,,89.4,,,,,100.0,100.0
PROD-2025-0883,Wireless Organic Baby Clothing Bottle,Baby,Organic Baby Clothing,72925,10719975.0,127.88,142.6,Bol - BFC Site 2,BFC2,8714252028102,"Mechie Trommelenweg 1, 5145 ND Waalwijk",FALSE,FALSE,TRUE,Netherlands,,,,,,,,45.0,55.5,55.0,51.6,71.6,80.0,TRUE,74.6,54.6,Low,CO2_Footprint_kg; Packaging_Type; Material_Recyclable_Pct; Repairability/Lifespan,FALSE,,Standard,,PROD-2025-0552,FALSE,,28.1,-46.46,46.46,,21,50.0,52.2
PROD-2025-0884,Flex Digital Planners Asset,Digital Goods,Digital Planners,33271,3859436.0,80.96,132.48,Bol - BFC Site 1,BFC1,8714252028140,"Mechie Trommelenweg 1, 5145 ND Waalwijk",FALSE,FALSE,FALSE,UK,0.0,Digital - No Packaging,,,,,,100.0,49.0,85.0,79.5,100.0,100.0,TRUE,100.0,94.9,Medium,Material_Recyclable_Pct; Repairability/Lifespan,FALSE,,Standard,,,FALSE,,41.6,,,,,100.0,100.0
PROD-2025-0885,Swift Pet Apparel Treats,Pet,Pet Apparel,70779,7821079.5,69.0,134.32,Bol - BFC Site 1,BFC1,8714252028140,"Mechie Trommelenweg 1, 5145 ND Waalwijk",FALSE,FALSE,TRUE,China,,Plastic,,,,,FALSE,25.0,44.0,85.0,51.7,0.0,100.0,TRUE,35.0,47.9,Low,CO2_Footprint_kg; Material_Recyclable_Pct; Repairability/Lifespan,FALSE,,Standard,,PROD-2025-0165,FALSE,,42.7,-66.7,66.7,,36,49.3,50.0
PROD-2025-0886,Luxe Home Office Decor Blender,Home & Garden,Home Office Decor,76634,14407192.0,131.56,214.36,Bol - BFC XL 2,BFCXL2,8714252028164,"Rietgraaf 10, 6678 PJ Oosterhout",FALSE,FALSE,TRUE,Germany,187.09,Recyclable Cardboard,5,13.7,39,,TRUE,70.0,39.0,100.0,71.2,51.4,75.0,FALSE,59.6,43.6,High,None,TRUE,"Carbon-neutral certified, but CO2 is in the top 25% for its category.",Standard,,PROD-2025-0067,FALSE,,3.8,-35.88,35.88,173.0,35,6.8,58.1
PROD-2025-0887,Vital Activewear Shorts,Fitness,Activewear,23990,3934360.0,119.6,182.16,Bol - BFC Site 2,BFC2,8714252028102,"Mechie Trommelenweg 1, 5145 ND Waalwijk",FALSE,TRUE,TRUE,,49.24,Recyclable Cardboard,3,10.9,66,,FALSE,70.0,66.0,55.0,63.5,6.5,70.0,TRUE,28.8,54.2,High,Country_Of_Origin,FALSE,,Standard,,PROD-2025-0145,TRUE,,19.0,-103.96,103.96,39.1,63,57.8,55.2
PROD-2025-0888,Pure Organic Pet Food Treats,Pet,Organic Pet Food,32759,5896620.0,130.64,200.56,Bol - BFC XL 2,BFCXL2,8714252028133,"Rietgraaf 10, 6678 PJ Oosterhout",FALSE,FALSE,TRUE,Netherlands,,Minimal Packaging,4,3.9,41,,FALSE,80.0,41.0,100.0,75.3,82.4,100.0,TRUE,88.6,62.8,Medium,CO2_Footprint_kg,FALSE,,Standard,,PROD-2025-0242,FALSE,,25.2,-50.6,50.6,,11,49.3,53.6
PROD-2025-0889,Premium Smart Pet Feeders Feeder,Pet,Smart Pet Feeders,73860,8161530.0,94.76,108.56,Bol - BFC Site 2,BFC2,8714252028102,"Mechie Trommelenweg 1, 5145 ND Waalwijk",FALSE,FALSE,TRUE,USA,,Plastic,,2.9,,,FALSE,25.0,44.0,55.0,41.2,40.5,100.0,TRUE,61.4,48.4,Medium,CO2_Footprint_kg; Material_Recyclable_Pct,FALSE,,Standard,,PROD-2025-0641,FALSE,,43.7,-40.94,40.94,,43,49.3,46.4
PROD-2025-0890,Glow Stock Media Template,Digital Goods,Stock Media,38511,7471134.0,134.32,222.64,Bol - BFC Site 1,BFC1,8714252028140,"Mechie Trommelenweg 1, 5145 ND Waalwijk",FALSE,FALSE,FALSE,USA,0.0,Digital - No Packaging,,,,,,100.0,49.0,85.0,79.5,100.0,100.0,TRUE,100.0,94.9,Medium,Material_Recyclable_Pct; Repairability/Lifespan,FALSE,,Standard,,,FALSE,,0.9,,,,,100.0,100.0
PROD-2025-0891,Luxe Smart Fitness Trackers Roller,Fitness,Smart Fitness Trackers,30944,4177440.0,114.08,134.32,Bol - BFC XL,BFCXL,8714252028195,"Divisiedok 1, 3439 JM Nieuwegein",FALSE,TRUE,TRUE,China,86.87,Recyclable Cardboard,4,7.9,25,,FALSE,70.0,25.0,100.0,67.0,6.5,100.0,TRUE,39.3,39.6,High,None,FALSE,,Standard,,PROD-2025-0064,FALSE,,11.7,-65.78,65.78,71.6,80,13.7,48.6
PROD-2025-0892,Ergonomic Digital Planners Asset,Digital Goods,Digital Planners,85526,3078936.0,18.4,47.84,Bol - BFC Site 2,BFC2,8714252028102,"Mechie Trommelenweg 1, 5145 ND Waalwijk",FALSE,FALSE,FALSE,Germany,0.0,Digital - No Packaging,,,,,,100.0,49.0,55.0,69.0,100.0,100.0,TRUE,100.0,92.2,Medium,Material_Recyclable_Pct; Repairability/Lifespan,FALSE,,Standard,,,FALSE,,95.6,,,,,100.0,100.0
PROD-2025-0893,Vital Zero-waste Kits Wrap,Eco-Friendly,Zero-waste Kits,34928,6060008.0,119.6,199.64,Bol - BFC Site 2,BFC2,8714252028102,"Mechie Trommelenweg 1, 5145 ND Waalwijk",FALSE,FALSE,TRUE,Denmark,27.68,Mixed Plastic+Cardboard,,5.0,73,,FALSE,45.0,73.0,55.0,56.9,44.1,100.0,FALSE,63.7,47.2,High,None,TRUE,"Carries an eco label, but scores below the category average on our independent check.",Standard,,PROD-2025-0731,FALSE,,5.4,-84.18,84.18,24.5,92,35.4,44.2
PROD-2025-0894,Pro Educational Toys Carrier,Baby,Educational Toys,59618,5097339.0,69.92,87.4,Bol - BFC Site 2,BFC2,8714252028102,"Mechie Trommelenweg 1, 5145 ND Waalwijk",FALSE,TRUE,TRUE,Netherlands,23.09,Minimal Packaging,1,4.7,44,,FALSE,80.0,44.0,55.0,60.5,71.6,100.0,TRUE,81.6,47.3,High,None,FALSE,,Next day,,PROD-2025-0506,FALSE,,55.3,56.58,0.0,,21,23.9,46.4
PROD-2025-0895,Portable Pet Apparel Collar,Pet,Pet Apparel,177536,20682944.0,87.4,126.96,Bol - BFC Site 2,BFC2,8714252028102,"Mechie Trommelenweg 1, 5145 ND Waalwijk",FALSE,FALSE,TRUE,,,,,1.3,,,FALSE,45.0,44.0,55.0,48.2,40.5,50.0,TRUE,43.9,39.9,Low,CO2_Footprint_kg; Packaging_Type; Material_Recyclable_Pct; Country_Of_Origin,FALSE,,Standard,,PROD-2025-0165,FALSE,,21.4,-72.22,72.22,,63,49.3,16.1
PROD-2025-0896,Pro Pet Apparel Bed,Pet,Pet Apparel,48719,6406548.5,79.12,162.84,Bol - BFC Site 2,BFC2,8714252028102,"Mechie Trommelenweg 1, 5145 ND Waalwijk",FALSE,TRUE,TRUE,,12.2,Mixed Plastic+Cardboard,,1.1,,,FALSE,45.0,44.0,55.0,48.2,40.5,70.0,TRUE,50.9,37.3,Medium,Material_Recyclable_Pct; Country_Of_Origin,FALSE,,Next day,,PROD-2025-0165,FALSE,,10.7,-86.02,86.02,5.0,75,45.2,7.1
PROD-2025-0897,Wireless Online Courses App,Digital Goods,Online Courses,94327,9951498.5,84.64,109.48,Bol - BFC Site 1,BFC1,8714252028140,"Mechie Trommelenweg 1, 5145 ND Waalwijk",FALSE,FALSE,FALSE,USA,0.0,Digital - No Packaging,,,,,,100.0,49.0,85.0,79.5,100.0,100.0,TRUE,100.0,94.9,Medium,Material_Recyclable_Pct; Repairability/Lifespan,FALSE,,Standard,,,FALSE,,50.4,,,,,100.0,100.0
PROD-2025-0898,Pure Recovery Tools Bottle,Fitness,Recovery Tools,85160,7706980.0,78.2,88.32,Bol - BFC XL,BFCXL,8714252028195,"Divisiedok 1, 3439 JM Nieuwegein",FALSE,TRUE,TRUE,,,Foam + Plastic,7,,,,,10.0,53.0,100.0,54.4,6.5,70.0,TRUE,28.8,54.2,Low,CO2_Footprint_kg; Material_Recyclable_Pct; Country_Of_Origin,FALSE,,Next day,,PROD-2025-0126,FALSE,,62.0,-17.48,17.48,,11,50.0,75.0
PROD-2025-0899,Minimalist Smart Home Devices Projector,Electronics,Smart Home Devices,70732,10043944.0,98.44,162.84,Bol - Ingram Micro,INGRAM,8712423020603,"Veerweg 16, 5145 NS Waalwijk",FALSE,FALSE,TRUE,China,180.45,Mixed Plastic+Cardboard,,6.7,8,,FALSE,45.0,8.0,30.0,28.6,35.8,100.0,TRUE,58.3,44.5,High,None,FALSE,,Standard,,PROD-2025-0638,FALSE,,12.6,-19.32,19.32,136.7,67,38.8,60.0
PROD-2025-0900,Smart Organic Makeup Serum,Beauty & Skincare,Organic Makeup,61622,5761657.0,43.24,128.8,Bol - BFC Site 2,BFC2,8714252028102,"Mechie Trommelenweg 1, 5145 ND Waalwijk",FALSE,FALSE,TRUE,France,10.62,Foam + Plastic,,,,,,10.0,52.5,55.0,38.5,59.1,100.0,TRUE,73.4,43.8,Medium,Material_Recyclable_Pct; Repairability/Lifespan,FALSE,,Standard,,PROD-2025-0309,FALSE,,54.1,-3.68,3.68,3.9,35,30.3,50.0
PROD-2025-0901,Organic Home Gym Equipment Mat,Fitness,Home Gym Equipment,72223,11447345.5,112.24,179.4,Bol - BFC Site 1,BFC1,8714252028140,"Mechie Trommelenweg 1, 5145 ND Waalwijk",FALSE,TRUE,TRUE,China,81.65,Biodegradable,,,,,FALSE,90.0,48.0,85.0,75.6,6.5,100.0,TRUE,39.3,45.2,Medium,Material_Recyclable_Pct; Repairability/Lifespan,FALSE,,Standard,,PROD-2025-0177,FALSE,,10.9,-18.86,18.86,64.1,65,22.5,50.0
PROD-2025-0902,Aura Wearable Tech Power Bank,Electronics,Wearable Tech,24382,3303761.0,114.08,135.24,Bol - BFC Site 2,BFC2,8714252028102,"Mechie Trommelenweg 1, 5145 ND Waalwijk",FALSE,TRUE,TRUE,,237.47,Plastic,8,7.7,52,Energy Star,FALSE,25.0,52.0,55.0,43.6,35.8,70.0,FALSE,47.8,40.0,High,Country_Of_Origin,TRUE,"Eco claim, but packaged in Plastic.",Next day,,PROD-2025-0555,FALSE,Energy efficiency,9.9,-71.3,71.3,23.2,32,7.5,77.1
PROD-2025-0903,Ergonomic Upcycled Fashion Utensils,Eco-Friendly,Upcycled Fashion,66305,8652802.5,107.64,132.48,Bol - BFC Site 2,BFC2,8714252028102,"Mechie Trommelenweg 1, 5145 ND Waalwijk",FALSE,TRUE,TRUE,USA,36.85,Minimal Packaging,,,82,Cradle to Cradle,FALSE,80.0,82.0,55.0,71.8,0.0,100.0,FALSE,35.0,41.1,High,Repairability/Lifespan,TRUE,"Marketed as eco, but shipped from far away with an above-average footprint.",Standard,,PROD-2025-0458,FALSE,Material circularity,10.8,-41.4,41.4,13.0,47,15.4,50.0
PROD-2025-0904,Swift Home Gym Equipment Bench,Fitness,Home Gym Equipment,53407,4726519.5,60.72,102.12,Bol - BFC XL 2,BFCXL2,8714252028164,"Rietgraaf 10, 6678 PJ Oosterhout",FALSE,FALSE,TRUE,,,Plastic,6,,,Energy Star,FALSE,25.0,48.0,100.0,58.1,6.5,70.0,FALSE,28.8,52.0,Medium,CO2_Footprint_kg; Material_Recyclable_Pct; Country_Of_Origin,TRUE,"Eco claim, but packaged in Plastic.",Standard,,PROD-2025-0513,FALSE,Energy efficiency,60.6,-25.3,25.3,,29,50.0,62.5
PROD-2025-0905,Pro Fragrances Cleanser,Beauty & Skincare,Fragrances,63840,9256800.0,113.16,153.64,Bol - Ingram Micro,INGRAM,8712423020603,"Veerweg 16, 5145 NS Waalwijk",FALSE,TRUE,TRUE,China,3.24,Mixed Plastic+Cardboard,,,74,Fair Trade,FALSE,45.0,74.0,30.0,48.4,23.7,100.0,TRUE,50.4,62.8,High,Repairability/Lifespan,FALSE,,Standard,,,TRUE,Social / ethical (not environmental),45.9,,,,,87.6,50.0
PROD-2025-0906,Pure Hair Care Tools Lotion,Beauty & Skincare,Hair Care Tools,68208,4672248.0,56.12,69.92,Bol - BFC Site 1,BFC1,8714252028140,"Mechie Trommelenweg 1, 5145 ND Waalwijk",FALSE,TRUE,TRUE,France,,Plastic,2,0.9,10,,,25.0,10.0,85.0,41.5,59.1,100.0,TRUE,73.4,46.5,Medium,CO2_Footprint_kg,FALSE,,Next day,,PROD-2025-0241,FALSE,,75.4,-2.3,2.3,,48,49.4,31.2
PROD-2025-0907,Zen Biodegradable Products Soap,Eco-Friendly,Biodegradable Products,85869,8071686.0,80.04,92.92,Bol - BFC Site 2,BFC2,8714252028102,"Mechie Trommelenweg 1, 5145 ND Waalwijk",FALSE,TRUE,TRUE,USA,24.98,Minimal Packaging,8,,58,,FALSE,80.0,58.0,55.0,64.7,0.0,100.0,FALSE,35.0,58.4,High,None,TRUE,"Marketed as eco, but shipped from far away with an above-average footprint.",Standard,,PROD-2025-0729,FALSE,,59.1,-29.44,29.44,9.9,25,43.1,87.5
PROD-2025-0908,Premium Solar Powered Gadgets Composter,Eco-Friendly,Solar Powered Gadgets,489770,41875335.0,56.12,101.2,Bol - BFC Site 2,BFC2,8714252028102,"Mechie Trommelenweg 1, 5145 ND Waalwijk",FALSE,TRUE,TRUE,Netherlands,,Biodegradable,5,,60,Cradle to Cradle,FALSE,90.0,60.0,55.0,68.8,64.7,100.0,TRUE,77.1,58.5,High,CO2_Footprint_kg,FALSE,,Next day,,,TRUE,Material circularity,66.7,,,,,49.2,50.0
PROD-2025-0909,Glow Athleisure Bag,Fashion,Athleisure,17651,1112013.0,43.24,72.68,Bol - BFC XL,BFCXL,8714252028195,"Divisiedok 1, 3439 JM Nieuwegein",FALSE,FALSE,TRUE,China,9.45,Mixed Plastic+Cardboard,5,3.5,,,FALSE,45.0,49.5,100.0,65.6,0.0,100.0,TRUE,35.0,62.7,High,Material_Recyclable_Pct,FALSE,,Standard,,,FALSE,,88.1,,,,,83.3,47.6
PROD-2025-0910,Luxe Smart Lighting Diffuser,Home & Garden,Smart Lighting,12098,992036.0,34.96,115.92,Bol - BFC XL,BFCXL,8714252028195,"Divisiedok 1, 3439 JM Nieuwegein",FALSE,FALSE,TRUE,Netherlands,68.21,Mixed Plastic+Cardboard,4,15.0,,,FALSE,45.0,47.5,100.0,65.0,81.1,100.0,TRUE,87.7,68.3,High,Material_Recyclable_Pct,FALSE,,Standard,,PROD-2025-0395,FALSE,,78.8,101.2,0.0,49.2,15,71.6,55.2
PROD-2025-0911,Smart Indoor Plants Accessories Shelf,Home & Garden,Indoor Plants Accessories,35133,4830787.5,85.56,167.44,Bol - BFC Site 1,BFC1,8714252028140,"Mechie Trommelenweg 1, 5145 ND Waalwijk",FALSE,FALSE,TRUE,China,108.82,,4,8.1,48,,FALSE,45.0,48.0,85.0,59.9,0.0,80.0,TRUE,28.0,45.9,High,Packaging_Type,FALSE,,Standard,,PROD-2025-0796,FALSE,,19.2,-64.86,64.86,77.5,43,52.7,33.2
PROD-2025-0912,Smart Organic Baby Clothing Carrier,Baby,Organic Baby Clothing,33322,2449167.0,49.68,85.56,Bol - BFC Site 1,BFC1,8714252028140,"Mechie Trommelenweg 1, 5145 ND Waalwijk",FALSE,TRUE,TRUE,China,,Plastic,5,1.0,,,FALSE,25.0,55.5,85.0,55.1,0.0,100.0,TRUE,35.0,43.3,Medium,CO2_Footprint_kg; Material_Recyclable_Pct,FALSE,,Next day,,PROD-2025-0344,FALSE,,61.4,-15.64,15.64,,28,50.0,27.2
PROD-2025-0913,Pro Wearable Tech Adapter,Electronics,Wearable Tech,57490,5576530.0,46.92,131.56,Bol - BFC Site 1,BFC1,8714252028140,"Mechie Trommelenweg 1, 5145 ND Waalwijk",FALSE,FALSE,TRUE,,,Foam + Plastic,6,4.5,,,FALSE,10.0,43.5,85.0,46.3,35.8,70.0,TRUE,47.8,47.6,Low,CO2_Footprint_kg; Material_Recyclable_Pct; Country_Of_Origin,FALSE,,Standard,,PROD-2025-0713,FALSE,,42.3,-31.74,31.74,,60,50.0,45.2
PROD-2025-0914,Nano Fragrances Serum,Beauty & Skincare,Fragrances,59543,8990993.0,92.92,184.92,Bol - Ingram Micro,INGRAM,8712423020603,"Veerweg 16, 5145 NS Waalwijk",TRUE,TRUE,TRUE,,2.35,,4,,77,,,45.0,77.0,30.0,49.3,38.7,50.0,TRUE,42.7,60.8,Medium,Packaging_Type; Country_Of_Origin,FALSE,,Standard,,PROD-2025-0229,FALSE,,40.2,-18.86,18.86,,25,93.3,37.5
PROD-2025-0915,Zen Personal Care Gadgets Brush,Beauty & Skincare,Personal Care Gadgets,97546,4828527.0,34.04,57.04,Bol - BFC XL 2,BFCXL2,8714252028133,"Rietgraaf 10, 6678 PJ Oosterhout",FALSE,TRUE,TRUE,,,Biodegradable,3,0.5,45,Cradle to Cradle,FALSE,90.0,45.0,100.0,80.0,38.7,70.0,TRUE,49.7,50.5,Medium,CO2_Footprint_kg; Country_Of_Origin,FALSE,,Standard,,PROD-2025-0739,FALSE,Material circularity,89.3,-24.84,24.84,,30,49.4,23.1
PROD-2025-0916,Glow Digital Planners Template,Digital Goods,Digital Planners,69117,5287450.5,60.72,80.04,Bol - BFC Site 2,BFC2,8714252028102,"Mechie Trommelenweg 1, 5145 ND Waalwijk",FALSE,FALSE,FALSE,,0.0,Digital - No Packaging,,,,,,100.0,49.0,55.0,69.0,100.0,70.0,TRUE,89.5,90.7,Medium,Material_Recyclable_Pct; Country_Of_Origin; Repairability/Lifespan,FALSE,,Standard,,,FALSE,,77.0,,,,,100.0,100.0
PROD-2025-0917,Zen Organic Makeup Lipstick,Beauty & Skincare,Organic Makeup,89851,12444363.5,122.36,132.48,Bol - BFC Site 2,BFC2,8714252028102,"Mechie Trommelenweg 1, 5145 ND Waalwijk",FALSE,FALSE,TRUE,France,,Plastic,2,0.7,,,FALSE,25.0,52.5,55.0,43.8,59.1,100.0,TRUE,73.4,45.2,Medium,CO2_Footprint_kg; Material_Recyclable_Pct,FALSE,,Standard,,PROD-2025-0217,FALSE,,27.0,-9.2,9.2,,70,49.4,23.7
PROD-2025-0918,Wireless SaaS Subscriptions Guide,Digital Goods,SaaS Subscriptions,18222,1567092.0,49.68,108.56,Bol - BFC Site 1,BFC1,8714252028140,"Mechie Trommelenweg 1, 5145 ND Waalwijk",FALSE,FALSE,FALSE,,0.0,Digital - No Packaging,,,,,,100.0,49.0,85.0,79.5,100.0,70.0,TRUE,89.5,93.3,Medium,Material_Recyclable_Pct; Country_Of_Origin; Repairability/Lifespan,FALSE,,Standard,,,FALSE,,68.1,,,,,100.0,100.0
PROD-2025-0919,Vital Organic Makeup Serum,Beauty & Skincare,Organic Makeup,80348,9681934.0,92.92,128.8,Bol - BFC Site 1,BFC1,8714252028140,"Mechie Trommelenweg 1, 5145 ND Waalwijk",FALSE,FALSE,TRUE,Germany,,Plastic,4,1.1,,,FALSE,25.0,52.5,85.0,54.2,86.0,100.0,TRUE,90.9,56.8,Medium,CO2_Footprint_kg; Material_Recyclable_Pct,FALSE,,Standard,,PROD-2025-0217,FALSE,,54.9,7.36,0.0,,35,49.4,49.1
PROD-2025-0920,Ultra Smart Home Devices Speaker,Electronics,Smart Home Devices,17403,1279120.5,41.4,93.84,Bol - BFC Site 1,BFC1,8714252028140,"Mechie Trommelenweg 1, 5145 ND Waalwijk",FALSE,FALSE,TRUE,South Korea,200.2,Plastic,4,9.2,,,FALSE,25.0,44.5,85.0,51.8,25.9,100.0,TRUE,51.9,46.8,High,Material_Recyclable_Pct,FALSE,,Standard,,PROD-2025-0315,FALSE,,57.7,-27.14,27.14,165.2,48,30.0,62.1
PROD-2025-0921,Ultra Smart Baby Monitors Toy,Baby,Smart Baby Monitors,419730,23714745.0,30.36,73.6,Bol - BFC Site 2,BFC2,8714252028102,"Mechie Trommelenweg 1, 5145 ND Waalwijk",TRUE,TRUE,TRUE,Netherlands,12.07,,4,1.4,,,FALSE,45.0,55.5,55.0,51.6,71.6,80.0,TRUE,74.6,55.3,High,Packaging_Type; Material_Recyclable_Pct,FALSE,,Today,,PROD-2025-0352,FALSE,,83.3,-0.46,0.46,4.6,17,70.5,26.0
PROD-2025-0922,Sustainable Home Gym Equipment Band,Fitness,Home Gym Equipment,64959,9419055.0,88.32,178.48,Bol - BFC XL,BFCXL,8714252028195,"Divisiedok 1, 3439 JM Nieuwegein",FALSE,FALSE,TRUE,USA,85.36,Plastic,3,4.4,75,,,25.0,75.0,100.0,66.2,63.6,100.0,TRUE,76.3,39.3,High,None,FALSE,,Standard,,PROD-2025-0177,TRUE,,6.6,-6.44,6.44,67.8,90,16.7,21.6
PROD-2025-0923,Glow Korean Skincare Dryer,Beauty & Skincare,Korean Skincare,36284,4118234.0,93.84,115.0,Bol - BFC XL 2,BFCXL2,8714252028133,"Rietgraaf 10, 6678 PJ Oosterhout",FALSE,TRUE,TRUE,South Korea,3.82,Mixed Plastic+Cardboard,,,,,FALSE,45.0,52.5,100.0,66.5,0.0,100.0,TRUE,35.0,63.9,Medium,Material_Recyclable_Pct; Repairability/Lifespan,FALSE,,Standard,,PROD-2025-0311,FALSE,,64.8,4.14,0.0,3.2,29,84.3,50.0
PROD-2025-0924,Aura Kitchen Gadgets Mug,Home & Garden,Kitchen Gadgets,84012,12307758.0,95.68,173.88,Bol - BFC Site 1,BFC1,8714252028140,"Mechie Trommelenweg 1, 5145 ND Waalwijk",FALSE,FALSE,TRUE,China,47.12,Recyclable Cardboard,,7.7,,,FALSE,70.0,47.5,85.0,68.5,0.0,100.0,TRUE,35.0,57.2,High,Material_Recyclable_Pct,FALSE,,Standard,,PROD-2025-0781,FALSE,,33.7,-58.42,58.42,,10,82.4,23.7
PROD-2025-0925,Wireless Upcycled Fashion Soap,Eco-Friendly,Upcycled Fashion,29592,3462264.0,89.24,126.04,Bol - BFC Site 1,BFC1,8714252028140,"Mechie Trommelenweg 1, 5145 ND Waalwijk",FALSE,TRUE,TRUE,,21.02,,3,,,,FALSE,70.0,70.0,85.0,75.2,44.1,50.0,FALSE,46.2,50.3,Medium,Packaging_Type; Material_Recyclable_Pct; Country_Of_Origin,TRUE,"Carries an eco label, but scores below the category average on our independent check.",Standard,,PROD-2025-0631,FALSE,,39.8,-50.6,50.6,9.9,29,52.3,25.0
PROD-2025-0926,Aura Activewear Bottle,Fitness,Activewear,69818,12462513.0,131.56,196.88,Bol - BFC XL,BFCXL,8714252028195,"Divisiedok 1, 3439 JM Nieuwegein",FALSE,FALSE,TRUE,China,72.78,Mixed Plastic+Cardboard,,4.2,,,FALSE,45.0,51.5,100.0,66.2,6.5,100.0,TRUE,39.3,37.5,High,Material_Recyclable_Pct,FALSE,,Standard,,PROD-2025-0145,FALSE,,1.5,-117.3,117.3,62.7,136,33.3,13.4
PROD-2025-0927,Pro Korean Skincare Lipstick,Beauty & Skincare,Korean Skincare,17027,681080.0,26.68,46.92,Bol - BFC Site 2,BFC2,8714252028102,"Mechie Trommelenweg 1, 5145 ND Waalwijk",FALSE,TRUE,TRUE,USA,8.87,Plastic,,0.5,21,FSC Certified,FALSE,25.0,21.0,55.0,34.3,38.7,100.0,FALSE,60.2,36.7,High,None,TRUE,"Eco claim, but packaged in Plastic.",Standard,,,FALSE,Sustainable forestry,86.1,,,,,39.3,21.2
PROD-2025-0928,Ultra Smart Home Devices Hub,Electronics,Smart Home Devices,67879,8281238.0,86.48,138.0,Bol - Ingram Micro,INGRAM,8712423020603,"Veerweg 16, 5145 NS Waalwijk",FALSE,TRUE,TRUE,China,61.7,,8,5.6,22,,TRUE,45.0,22.0,30.0,32.8,35.8,80.0,FALSE,51.3,60.0,High,Packaging_Type,TRUE,"Eco claim, but only 22% recyclable material.",Next day,,PROD-2025-0638,FALSE,,43.2,-0.92,0.92,18.0,24,77.5,67.8
PROD-2025-0929,Zen Fragrances Cleanser,Beauty & Skincare,Fragrances,77067,11059114.5,95.68,168.36,Bol - BFC Site 1,BFC1,8714252028140,"Mechie Trommelenweg 1, 5145 ND Waalwijk",FALSE,TRUE,TRUE,USA,7.22,Recyclable Cardboard,1,,,,FALSE,70.0,52.5,85.0,70.0,38.7,100.0,TRUE,60.2,43.8,High,Material_Recyclable_Pct,FALSE,,Standard,,PROD-2025-0229,FALSE,,21.3,-11.96,11.96,3.7,74,49.4,0.0
PROD-2025-0930,Zen Biodegradable Products Sponge,Eco-Friendly,Biodegradable Products,79208,2811884.0,13.8,51.52,Bol - BFC Site 1,BFC1,8714252028140,"Mechie Trommelenweg 1, 5145 ND Waalwijk",FALSE,TRUE,TRUE,Denmark,19.7,Recyclable Cardboard,4,,,Cradle to Cradle,,70.0,70.0,85.0,75.2,44.1,100.0,TRUE,63.7,57.1,High,Material_Recyclable_Pct,FALSE,,Next day,,PROD-2025-0729,TRUE,Material circularity,94.6,24.38,0.0,4.6,28,55.4,37.5
PROD-2025-0931,Sustainable E-books Guide,Digital Goods,E-books,91499,8783904.0,50.6,126.04,Bol - BFC Site 2,BFC2,8714252028102,"Mechie Trommelenweg 1, 5145 ND Waalwijk",FALSE,FALSE,FALSE,USA,0.0,Digital - No Packaging,,,,,,100.0,49.0,55.0,69.0,100.0,100.0,TRUE,100.0,92.2,Medium,Material_Recyclable_Pct; Repairability/Lifespan,FALSE,,Standard,,,FALSE,,57.5,,,,,100.0,100.0
PROD-2025-0932,Vital Korean Skincare Oil,Beauty & Skincare,Korean Skincare,45600,1664400.0,19.32,47.84,Bol - BFC Site 1,BFC1,8714252028140,"Mechie Trommelenweg 1, 5145 ND Waalwijk",FALSE,TRUE,TRUE,South Korea,8.99,Biodegradable,1,1.2,69,,FALSE,90.0,69.0,85.0,81.9,0.0,100.0,TRUE,35.0,46.9,High,None,FALSE,,Next day,,PROD-2025-0379,TRUE,,91.8,89.7,0.0,7.9,46,37.1,32.6
PROD-2025-0933,Aura Yoga Gear Bench,Fitness,Yoga Gear,98580,12913980.0,114.08,126.96,Bol - BFC XL,BFCXL,8714252028195,"Divisiedok 1, 3439 JM Nieuwegein",FALSE,TRUE,TRUE,China,,Recyclable Cardboard,6,,,,,70.0,52.0,100.0,75.1,6.5,100.0,TRUE,39.3,57.8,Medium,CO2_Footprint_kg; Material_Recyclable_Pct,FALSE,,Standard,,PROD-2025-0233,FALSE,,41.6,-69.46,69.46,,34,50.0,62.5
PROD-2025-0934,Premium Charging Solutions Speaker,Electronics,Charging Solutions,59592,9296352.0,132.48,154.56,Bol - Ingram Micro,INGRAM,8712423020603,"Veerweg 16, 5145 NS Waalwijk",FALSE,FALSE,TRUE,China,247.75,Foam + Plastic,,,13,,FALSE,10.0,13.0,30.0,17.9,35.8,100.0,TRUE,58.3,26.0,High,Repairability/Lifespan,FALSE,,Standard,,PROD-2025-0124,FALSE,,0.9,-52.9,52.9,155.7,148,1.2,49.3
PROD-2025-0935,Zen Hair Care Tools Oil,Beauty & Skincare,Hair Care Tools,30107,5313885.5,122.36,202.4,Bol - BFC Site 2,BFC2,8714252028102,"Mechie Trommelenweg 1, 5145 ND Waalwijk",FALSE,FALSE,TRUE,South Korea,5.9,Foam + Plastic,3,0.8,,,FALSE,10.0,52.5,55.0,38.5,0.0,100.0,TRUE,35.0,46.7,High,Material_Recyclable_Pct,FALSE,,Standard,,PROD-2025-0241,FALSE,,12.3,-101.66,101.66,1.7,48,66.3,34.5
PROD-2025-0936,Vital Hair Care Tools Lipstick,Beauty & Skincare,Hair Care Tools,63283,9460808.5,128.8,146.28,Bol - BFC Site 2,BFC2,8714252028102,"Mechie Trommelenweg 1, 5145 ND Waalwijk",FALSE,TRUE,TRUE,,5.26,Mixed Plastic+Cardboard,4,,37,,,45.0,37.0,55.0,46.1,38.7,70.0,TRUE,49.7,53.9,High,Country_Of_Origin,FALSE,,Next day,,PROD-2025-0241,FALSE,,29.5,-76.82,76.82,1.1,28,73.0,37.5
PROD-2025-0937,Luxe Wearable Tech Stand,Electronics,Wearable Tech,83088,14124960.0,127.88,184.92,Bol - Ingram Micro,INGRAM,8712423020603,"Veerweg 16, 5145 NS Waalwijk",FALSE,FALSE,TRUE,,232.62,Mixed Plastic+Cardboard,6,4.6,,,FALSE,45.0,43.5,30.0,39.3,35.8,70.0,TRUE,47.8,32.1,Medium,Material_Recyclable_Pct; Country_Of_Origin,FALSE,,Standard,,PROD-2025-0713,FALSE,,1.8,-98.9,98.9,202.7,138,10.0,46.6
PROD-2025-0938,Sustainable Organic Baby Clothing Pacifier,Baby,Organic Baby Clothing,70884,7265610.0,53.36,135.24,Bol - Ingram Micro,INGRAM,8712423020603,"Veerweg 16, 5145 NS Waalwijk",FALSE,FALSE,TRUE,USA,,Recyclable Cardboard,1,,67,,FALSE,70.0,67.0,30.0,55.1,24.3,100.0,TRUE,50.8,38.9,Medium,CO2_Footprint_kg,FALSE,,Standard,,PROD-2025-0552,FALSE,,30.7,-5.52,5.52,,70,50.0,0.0
PROD-2025-0939,Pure Yoga Gear Dumbbell,Fitness,Yoga Gear,99364,8594986.0,36.8,122.36,Bol - BFC Site 2,BFC2,8714252028102,"Mechie Trommelenweg 1, 5145 ND Waalwijk",FALSE,FALSE,TRUE,USA,86.05,,,4.4,,,FALSE,45.0,52.0,55.0,50.6,63.6,80.0,TRUE,69.3,33.1,High,Packaging_Type; Material_Recyclable_Pct,FALSE,,Standard,,PROD-2025-0233,FALSE,,32.1,-28.52,28.52,71.2,134,15.7,18.3
PROD-2025-0940,Sustainable Footwear T-Shirt,Fashion,Footwear,10395,1398127.5,111.32,136.16,Bol - BFC Site 1,BFC1,8714252028140,"Mechie Trommelenweg 1, 5145 ND Waalwijk",TRUE,TRUE,TRUE,Bangladesh,,Mixed Plastic+Cardboard,3,1.4,,,,45.0,49.5,85.0,60.3,20.3,100.0,TRUE,48.2,43.6,Medium,CO2_Footprint_kg; Material_Recyclable_Pct,FALSE,,Next day,,PROD-2025-0277,FALSE,,22.8,-62.56,62.56,,61,50.0,15.3
PROD-2025-0941,Aura Organic Makeup Cleanser,Beauty & Skincare,Organic Makeup,11596,1693016.0,89.24,179.4,Bol - BFC XL 2,BFCXL2,8714252028133,"Rietgraaf 10, 6678 PJ Oosterhout",FALSE,TRUE,TRUE,,11.95,Minimal Packaging,3,1.3,41,,FALSE,80.0,41.0,100.0,75.3,38.7,70.0,TRUE,49.7,46.0,High,Country_Of_Origin,FALSE,,Standard,,PROD-2025-0217,FALSE,,23.0,-16.1,16.1,6.6,67,22.5,47.3
PROD-2025-0942,Luxe Personal Care Gadgets Oil,Beauty & Skincare,Personal Care Gadgets,69299,10429499.5,131.56,145.36,Bol - BFC Site 1,BFC1,8714252028140,"Mechie Trommelenweg 1, 5145 ND Waalwijk",FALSE,TRUE,TRUE,France,,Plastic,,1.0,44,,FALSE,25.0,44.0,85.0,51.7,59.1,100.0,TRUE,73.4,54.9,Medium,CO2_Footprint_kg,FALSE,,Next day,,PROD-2025-0739,FALSE,,30.3,-117.76,117.76,,19,49.4,54.5
PROD-2025-0943,Premium Educational Toys Stroller,Baby,Educational Toys,79301,5590720.5,50.6,79.12,Bol - BFC XL,BFCXL,8714252028195,"Divisiedok 1, 3439 JM Nieuwegein",FALSE,FALSE,TRUE,Germany,,,,,20,,FALSE,45.0,20.0,100.0,56.8,48.6,80.0,TRUE,59.6,53.7,Low,CO2_Footprint_kg; Packaging_Type; Repairability/Lifespan,FALSE,,Standard,,PROD-2025-0330,FALSE,,73.7,-5.52,5.52,,15,50.0,52.2
PROD-2025-0944,Sustainable Portable Audio Power Bank,Electronics,Portable Audio,70105,2628937.5,14.72,54.28,Bol - BFC Site 2,BFC2,8714252028102,"Mechie Trommelenweg 1, 5145 ND Waalwijk",FALSE,TRUE,TRUE,China,111.32,Mixed Plastic+Cardboard,8,9.5,,,,45.0,43.5,55.0,48.0,35.8,100.0,TRUE,58.3,65.3,High,Material_Recyclable_Pct,FALSE,,Next day,,,FALSE,,98.2,,,,,63.8,89.1
PROD-2025-0945,Ultra Fragrances Serum,Beauty & Skincare,Fragrances,95535,13518202.5,109.48,150.88,Bol - BFC Site 1,BFC1,8714252028140,"Mechie Trommelenweg 1, 5145 ND Waalwijk",FALSE,TRUE,TRUE,,4.16,Mixed Plastic+Cardboard,4,1.8,,,FALSE,45.0,52.5,85.0,61.2,38.7,70.0,TRUE,49.7,68.1,Medium,Material_Recyclable_Pct; Country_Of_Origin,FALSE,,Standard,,PROD-2025-0229,FALSE,,59.0,-10.12,10.12,0.7,12,82.0,66.5
PROD-2025-0946,Premium Wearable Tech Adapter,Electronics,Wearable Tech,24847,3528274.0,113.16,148.12,Bol - BFC XL 2,BFCXL2,8714252028133,"Rietgraaf 10, 6678 PJ Oosterhout",FALSE,FALSE,TRUE,,53.58,Recyclable Cardboard,5,,35,,FALSE,70.0,35.0,100.0,70.0,35.8,70.0,TRUE,47.8,66.5,High,Country_Of_Origin,FALSE,,Standard,,PROD-2025-0713,FALSE,,39.6,-73.14,73.14,23.7,15,83.8,50.0
PROD-2025-0947,Minimalist Stock Media Tool,Digital Goods,Stock Media,10610,684345.0,43.24,75.44,Bol - BFC Site 1,BFC1,8714252028140,"Mechie Trommelenweg 1, 5145 ND Waalwijk",FALSE,FALSE,FALSE,,0.0,Digital - No Packaging,,,,,,100.0,49.0,85.0,79.5,100.0,70.0,TRUE,89.5,93.3,Medium,Material_Recyclable_Pct; Country_Of_Origin; Repairability/Lifespan,FALSE,,Standard,,,FALSE,,83.2,,,,,100.0,100.0
PROD-2025-0948,Nano Kitchen Gadgets Planter,Home & Garden,Kitchen Gadgets,20455,3487577.5,130.64,183.08,Bol - BFC XL,BFCXL,8714252028195,"Divisiedok 1, 3439 JM Nieuwegein",FALSE,FALSE,TRUE,China,194.16,Recyclable Cardboard,8,12.6,72,,FALSE,70.0,72.0,100.0,81.1,0.0,100.0,TRUE,35.0,43.7,High,None,FALSE,,Standard,,PROD-2025-0781,TRUE,,6.7,-80.5,80.5,128.1,44,1.4,70.9
PROD-2025-0949,Luxe Smart Home Devices Power Bank,Electronics,Smart Home Devices,41528,3571408.0,69.0,89.24,Bol - BFC XL,BFCXL,8714252028195,"Divisiedok 1, 3439 JM Nieuwegein",FALSE,TRUE,TRUE,China,192.61,,,7.0,65,,FALSE,45.0,65.0,100.0,70.2,35.8,80.0,TRUE,51.3,53.2,High,Packaging_Type,FALSE,,Standard,,PROD-2025-0255,TRUE,,55.9,-8.28,8.28,170.4,39,35.0,62.7
PROD-2025-0950,Organic Personal Care Gadgets Brush,Beauty & Skincare,Personal Care Gadgets,85236,12188748.0,87.4,175.72,Bol - BFC Site 2,BFC2,8714252028102,"Mechie Trommelenweg 1, 5145 ND Waalwijk",FALSE,FALSE,TRUE,,,Minimal Packaging,3,,,,FALSE,80.0,60.0,55.0,65.2,38.7,70.0,TRUE,49.7,47.3,Low,CO2_Footprint_kg; Material_Recyclable_Pct; Country_Of_Origin,FALSE,,Standard,,PROD-2025-0739,FALSE,,27.9,-110.86,110.86,,38,49.4,25.0
PROD-2025-0951,Ultra Accessories Dress,Fashion,Accessories,92420,14094050.0,116.84,163.76,Bol - BFC Site 1,BFC1,8714252028140,"Mechie Trommelenweg 1, 5145 ND Waalwijk",TRUE,TRUE,TRUE,,,Mixed Plastic+Cardboard,4,,44,,FALSE,45.0,44.0,85.0,58.7,20.3,70.0,TRUE,37.7,47.2,Medium,CO2_Footprint_kg; Country_Of_Origin,FALSE,,Today,,PROD-2025-0318,FALSE,,18.8,-97.52,97.52,,39,50.0,37.5
PROD-2025-0952,Glow Baby Safety Gear Diaper,Baby,Baby Safety Gear,94983,16099618.5,121.44,190.44,Bol - BFC Site 2,BFC2,8714252028102,"Mechie Trommelenweg 1, 5145 ND Waalwijk",FALSE,FALSE,TRUE,Denmark,22.32,Mixed Plastic+Cardboard,,2.3,,,,45.0,56.0,55.0,51.8,43.2,100.0,TRUE,63.1,41.4,High,Material_Recyclable_Pct,FALSE,,Standard,,PROD-2025-0239,FALSE,,6.1,-52.9,52.9,19.3,91,27.3,37.7
PROD-2025-0953,Ergonomic Baby Safety Gear Stroller,Baby,Baby Safety Gear,36116,2221134.0,11.04,102.12,Bol - BFC XL 2,BFCXL2,8714252028133,"Rietgraaf 10, 6678 PJ Oosterhout",FALSE,TRUE,TRUE,Germany,,Biodegradable,3,,75,Fair Trade,,90.0,75.0,100.0,89.0,48.6,100.0,TRUE,66.6,56.0,High,CO2_Footprint_kg,FALSE,,Standard,,PROD-2025-0114,TRUE,Social / ethical (not environmental),81.6,-1.84,1.84,,15,50.0,25.0
PROD-2025-0954,Portable E-books Guide,Digital Goods,E-books,82656,12522384.0,111.32,167.44,Bol - BFC Site 1,BFC1,8714252028140,"Mechie Trommelenweg 1, 5145 ND Waalwijk",FALSE,FALSE,FALSE,UK,0.0,Digital - No Packaging,,,,,,100.0,49.0,85.0,79.5,100.0,100.0,TRUE,100.0,94.9,Medium,Material_Recyclable_Pct; Repairability/Lifespan,FALSE,,Standard,,,FALSE,,21.2,,,,,100.0,100.0
PROD-2025-0955,Aura Digital Planners Template,Digital Goods,Digital Planners,54395,9519125.0,132.48,189.52,Bol - BFC Site 2,BFC2,8714252028102,"Mechie Trommelenweg 1, 5145 ND Waalwijk",FALSE,FALSE,FALSE,USA,0.0,Digital - No Packaging,,,,,,100.0,49.0,55.0,69.0,100.0,100.0,TRUE,100.0,92.2,Medium,Material_Recyclable_Pct; Repairability/Lifespan,FALSE,,Standard,,,FALSE,,5.3,,,,,100.0,100.0
PROD-2025-0956,Smart Eco-friendly Diapers Swaddle,Baby,Eco-friendly Diapers,93622,17320070.0,126.96,213.44,Bol - BFC Site 2,BFC2,8714252028102,"Mechie Trommelenweg 1, 5145 ND Waalwijk",FALSE,TRUE,TRUE,China,15.47,Biodegradable,1,,,,FALSE,90.0,55.5,55.0,67.4,0.0,100.0,TRUE,35.0,41.2,High,Material_Recyclable_Pct,FALSE,,Next day,,PROD-2025-0244,FALSE,,4.4,-33.12,33.12,7.9,83,54.5,0.0
PROD-2025-0957,Eco SaaS Subscriptions Template,Digital Goods,SaaS Subscriptions,41206,7726125.0,127.88,217.12,Bol - BFC XL,BFCXL,8714252028195,"Divisiedok 1, 3439 JM Nieuwegein",FALSE,FALSE,FALSE,UK,0.0,Digital - No Packaging,,,,,,100.0,49.0,100.0,84.7,100.0,100.0,TRUE,100.0,96.2,Medium,Material_Recyclable_Pct; Repairability/Lifespan,FALSE,,Standard,,,FALSE,,2.7,,,,,100.0,100.0
PROD-2025-0958,Premium Hair Care Tools Cleanser,Beauty & Skincare,Hair Care Tools,96023,13971346.5,97.52,170.2,Bol - BFC Site 1,BFC1,8714252028140,"Mechie Trommelenweg 1, 5145 ND Waalwijk",FALSE,TRUE,TRUE,France,11.48,Plastic,4,,56,,,25.0,56.0,85.0,55.3,59.1,100.0,TRUE,73.4,43.7,High,None,FALSE,,Next day,,PROD-2025-0241,TRUE,,19.7,-73.14,73.14,7.3,58,27.0,37.5
PROD-2025-0959,Luxe Sustainable Apparel Bag,Fashion,Sustainable Apparel,60329,3529246.5,30.36,77.28,Bol - BFC Site 2,BFC2,8714252028102,"Mechie Trommelenweg 1, 5145 ND Waalwijk",FALSE,FALSE,TRUE,,13.66,Foam + Plastic,4,,30,EU Ecolabel,,10.0,30.0,55.0,31.8,20.3,70.0,FALSE,37.7,48.6,High,Country_Of_Origin,TRUE,"Eco claim, but packaged in Foam + Plastic.",Standard,,PROD-2025-0679,FALSE,Lifecycle (broad environmental),84.2,97.06,0.0,,27,73.3,37.5
PROD-2025-0960,Sustainable Korean Skincare Cleanser,Beauty & Skincare,Korean Skincare,90871,16992877.0,135.24,208.84,Bol - BFC Site 2,BFC2,8714252028102,"Mechie Trommelenweg 1, 5145 ND Waalwijk",TRUE,TRUE,TRUE,South Korea,11.37,,,0.4,,,FALSE,45.0,52.5,55.0,50.8,0.0,80.0,TRUE,28.0,29.7,High,Packaging_Type; Material_Recyclable_Pct,FALSE,,Today,,PROD-2025-0311,FALSE,,0.8,-63.48,63.48,10.8,177,28.1,12.1
PROD-2025-0961,Sustainable Interactive Pet Toys Toy,Pet,Interactive Pet Toys,35400,1610700.0,15.64,68.08,Bol - BFC Site 2,BFC2,8714252028102,"Mechie Trommelenweg 1, 5145 ND Waalwijk",FALSE,FALSE,TRUE,,15.94,Plastic,4,,12,,FALSE,25.0,12.0,55.0,31.6,40.5,70.0,TRUE,50.9,33.5,High,Country_Of_Origin,FALSE,,Standard,,PROD-2025-0712,FALSE,,71.8,112.7,0.0,7.2,123,24.7,37.5
PROD-2025-0962,Flex Interactive Pet Toys Collar,Pet,Interactive Pet Toys,24852,2373366.0,58.88,116.84,Bol - BFC XL,BFCXL,8714252028195,"Divisiedok 1, 3439 JM Nieuwegein",FALSE,TRUE,TRUE,Netherlands,7.91,Biodegradable,1,2.3,22,,FALSE,90.0,22.0,100.0,73.1,82.4,100.0,TRUE,88.6,58.8,High,None,FALSE,,Next day,,PROD-2025-0712,FALSE,,65.0,66.7,0.0,,27,65.8,17.0
PROD-2025-0963,Vital Solar Powered Gadgets Sponge,Eco-Friendly,Solar Powered Gadgets,63091,7287010.5,99.36,113.16,Bol - Ingram Micro,INGRAM,8712423020603,"Veerweg 16, 5145 NS Waalwijk",FALSE,TRUE,TRUE,Netherlands,,Recyclable Cardboard,,6.4,94,,FALSE,70.0,94.0,30.0,63.2,64.7,100.0,TRUE,77.1,59.0,Medium,CO2_Footprint_kg,FALSE,,Standard,,PROD-2025-0803,FALSE,,50.5,-64.86,64.86,,19,49.2,57.7
PROD-2025-0964,Portable Charging Solutions Speaker,Electronics,Charging Solutions,56369,3917645.5,28.52,99.36,Bol - BFC XL,BFCXL,8714252028195,"Divisiedok 1, 3439 JM Nieuwegein",FALSE,TRUE,TRUE,Taiwan,221.32,,,3.1,,EU Ecolabel,TRUE,45.0,43.5,100.0,63.8,0.0,55.0,FALSE,19.2,27.4,High,Packaging_Type; Material_Recyclable_Pct,TRUE,"Carbon-neutral certified, but CO2 is in the top 25% for its category.",Next day,,PROD-2025-0666,FALSE,Lifecycle (broad environmental),26.1,-17.02,17.02,77.8,88,15.0,13.3
PROD-2025-0965,Pure Reusable Packaging Bag,Eco-Friendly,Reusable Packaging,16396,1032948.0,27.6,88.32,Bol - BFC Site 1,BFC1,8714252028140,"Mechie Trommelenweg 1, 5145 ND Waalwijk",FALSE,TRUE,TRUE,USA,,Recyclable Cardboard,8,7.0,,,FALSE,70.0,70.0,85.0,75.2,0.0,100.0,TRUE,35.0,60.2,Medium,CO2_Footprint_kg; Material_Recyclable_Pct,FALSE,,Standard,,PROD-2025-0257,FALSE,,79.6,-39.1,39.1,,21,49.2,75.5
PROD-2025-0966,Pro SaaS Subscriptions Tool,Digital Goods,SaaS Subscriptions,65496,6746088.0,77.28,112.24,Bol - BFC XL 2,BFCXL2,8714252028133,"Rietgraaf 10, 6678 PJ Oosterhout",FALSE,FALSE,FALSE,Netherlands,0.0,Digital - No Packaging,,,,EU Ecolabel,,100.0,49.0,100.0,84.7,100.0,100.0,TRUE,100.0,96.2,High,Material_Recyclable_Pct; Repairability/Lifespan,FALSE,,Standard,,,TRUE,Lifecycle (broad environmental),54.9,,,,,100.0,100.0
PROD-2025-0967,Ultra Recovery Tools Bottle,Fitness,Recovery Tools,72219,8919046.5,82.8,144.44,Bol - BFC XL,BFCXL,8714252028195,"Divisiedok 1, 3439 JM Nieuwegein",FALSE,FALSE,TRUE,China,10.64,Mixed Plastic+Cardboard,,6.1,,,FALSE,45.0,53.0,100.0,66.7,6.5,100.0,TRUE,39.3,65.2,High,Material_Recyclable_Pct,FALSE,,Standard,,,FALSE,,51.1,,,,,93.1,40.2
PROD-2025-0968,Flex Hair Care Tools Lotion,Beauty & Skincare,Hair Care Tools,70717,8981059.0,76.36,157.32,Bol - BFC XL,BFCXL,8714252028195,"Divisiedok 1, 3439 JM Nieuwegein",FALSE,TRUE,TRUE,USA,6.38,Plastic,,,20,,FALSE,25.0,20.0,100.0,49.8,38.7,100.0,TRUE,60.2,56.0,High,Repairability/Lifespan,FALSE,,Next day,,PROD-2025-0241,FALSE,,50.0,-56.12,56.12,2.2,23,62.9,50.0
PROD-2025-0969,Portable Home Office Decor Planter,Home & Garden,Home Office Decor,90683,6393151.5,32.2,97.52,Bol - BFC Site 2,BFC2,8714252028102,"Mechie Trommelenweg 1, 5145 ND Waalwijk",TRUE,TRUE,TRUE,,193.39,Recyclable Cardboard,,,,,FALSE,70.0,47.5,55.0,58.0,39.2,70.0,TRUE,50.0,35.7,Medium,Material_Recyclable_Pct; Country_Of_Origin; Repairability/Lifespan,FALSE,,Today,,PROD-2025-0340,FALSE,,58.7,-18.86,18.86,,62,2.7,50.8
PROD-2025-0970,Pro Smart Fitness Trackers Roller,Fitness,Smart Fitness Trackers,174345,30597547.5,128.8,194.12,Bol - BFC Site 1,BFC1,8714252028140,"Mechie Trommelenweg 1, 5145 ND Waalwijk",FALSE,TRUE,TRUE,Germany,54.29,Mixed Plastic+Cardboard,4,,,,FALSE,45.0,38.5,85.0,57.0,87.9,100.0,TRUE,92.1,56.3,High,Material_Recyclable_Pct,FALSE,,Next day,,PROD-2025-0064,FALSE,,16.8,-103.04,103.04,39.0,26,53.9,37.5
PROD-2025-0971,Sustainable Yoga Gear Bench,Fitness,Yoga Gear,82476,2886660.0,12.88,51.52,Bol - BFC XL 2,BFCXL2,8714252028164,"Rietgraaf 10, 6678 PJ Oosterhout",FALSE,TRUE,TRUE,China,84.2,Mixed Plastic+Cardboard,,,,,,45.0,52.0,100.0,66.3,6.5,100.0,TRUE,39.3,44.2,Medium,Material_Recyclable_Pct; Repairability/Lifespan,FALSE,,Standard,,PROD-2025-0696,FALSE,,89.8,-0.92,0.92,,14,18.6,61.0
PROD-2025-0972,Vital Menswear Sneakers,Fashion,Menswear,62976,10233600.0,118.68,180.32,Bol - BFC Site 2,BFC2,8714252028102,"Mechie Trommelenweg 1, 5145 ND Waalwijk",FALSE,FALSE,TRUE,,17.25,Plastic,4,2.1,61,EU Ecolabel,FALSE,25.0,61.0,55.0,46.3,20.3,70.0,FALSE,37.7,43.2,High,Country_Of_Origin,TRUE,"Eco claim, but packaged in Plastic.",Standard,,PROD-2025-0156,FALSE,Lifecycle (broad environmental),9.9,-61.64,61.64,8.8,53,56.7,24.4
PROD-2025-0973,Ergonomic Yoga Gear Dumbbell,Fitness,Yoga Gear,51344,7290848.0,115.0,146.28,Bol - BFC Site 2,BFC2,8714252028102,"Mechie Trommelenweg 1, 5145 ND Waalwijk",FALSE,TRUE,TRUE,China,54.59,Plastic,5,3.2,18,,FALSE,25.0,18.0,55.0,33.4,6.5,100.0,TRUE,39.3,39.0,High,None,FALSE,,Standard,,PROD-2025-0762,FALSE,,7.3,-84.18,84.18,10.6,92,52.0,26.2
PROD-2025-0974,Premium Smart Pet Feeders Toy,Pet,Smart Pet Feeders,188901,19456803.0,80.96,108.56,Bol - BFC Site 2,BFC2,8714252028102,"Mechie Trommelenweg 1, 5145 ND Waalwijk",FALSE,TRUE,TRUE,Germany,4.48,Mixed Plastic+Cardboard,,,75,,FALSE,45.0,75.0,55.0,57.5,64.9,100.0,TRUE,77.2,65.3,High,Repairability/Lifespan,FALSE,,Next day,,,TRUE,,66.0,,,,,76.7,50.0
PROD-2025-0975,Nano Biodegradable Products Kit,Eco-Friendly,Biodegradable Products,89229,11867457.0,94.76,149.96,Bol - BFC Site 1,BFC1,8714252028140,"Mechie Trommelenweg 1, 5145 ND Waalwijk",FALSE,FALSE,TRUE,Sweden,,Plastic,7,4.9,,,FALSE,25.0,70.0,85.0,59.5,30.9,100.0,FALSE,55.1,54.8,Medium,CO2_Footprint_kg; Material_Recyclable_Pct,TRUE,"Eco claim, but packaged in Plastic.",Standard,,PROD-2025-0729,FALSE,,35.5,-65.32,65.32,,33,49.2,57.7
PROD-2025-0976,Ergonomic Home Office Decor Lamp,Home & Garden,Home Office Decor,77610,2173080.0,13.8,37.72,Bol - BFC XL,BFCXL,8714252028195,"Divisiedok 1, 3439 JM Nieuwegein",FALSE,TRUE,TRUE,Netherlands,141.05,,3,5.7,73,Fair Trade,FALSE,45.0,73.0,100.0,72.7,81.1,80.0,FALSE,80.7,47.0,High,Packaging_Type,TRUE,"Carries an eco label, but scores below the category average on our independent check.",Next day,,PROD-2025-0067,FALSE,Social / ethical (not environmental),95.2,111.32,0.0,127.0,25,36.5,15.9
PROD-2025-0977,Pro Footwear Belt,Fashion,Footwear,484417,45050781.0,63.48,107.64,Bol - BFC Site 1,BFC1,8714252028140,"Mechie Trommelenweg 1, 5145 ND Waalwijk",FALSE,TRUE,TRUE,,,Foam + Plastic,3,4.6,16,,FALSE,10.0,16.0,85.0,38.0,20.3,70.0,TRUE,37.7,47.8,Medium,CO2_Footprint_kg; Country_Of_Origin,FALSE,,Standard,,PROD-2025-0277,FALSE,,57.4,-24.38,24.38,,47,50.0,60.6
PROD-2025-0978,Vital Home Gym Equipment Gloves,Fitness,Home Gym Equipment,62958,3777480.0,30.36,80.04,Bol - BFC XL 2,BFCXL2,8714252028164,"Rietgraaf 10, 6678 PJ Oosterhout",FALSE,TRUE,TRUE,Taiwan,,Mixed Plastic+Cardboard,3,7.4,57,Energy Star,FALSE,45.0,57.0,100.0,67.8,0.0,100.0,FALSE,35.0,49.2,High,CO2_Footprint_kg,TRUE,"Carries an eco label, but scores below the category average on our independent check.",Next day,,PROD-2025-0382,FALSE,Energy efficiency,78.1,-0.92,0.92,,34,50.0,38.1
PROD-2025-0979,Vital Smart Pet Feeders Toy,Pet,Smart Pet Feeders,93371,7049510.5,38.64,100.28,Bol - BFC Site 2,BFC2,8714252028102,"Mechie Trommelenweg 1, 5145 ND Waalwijk",TRUE,TRUE,TRUE,Netherlands,11.57,Biodegradable,5,,,,,90.0,44.0,55.0,63.9,82.4,100.0,TRUE,88.6,59.5,High,Material_Recyclable_Pct,FALSE,,Next day,,PROD-2025-0641,FALSE,,74.8,-8.74,8.74,10.3,16,50.7,50.0
PROD-2025-0980,Ergonomic Interactive Pet Toys Collar,Pet,Interactive Pet Toys,450514,69379156.0,125.12,158.24,Bol - BFC Site 2,BFC2,8714252028102,"Mechie Trommelenweg 1, 5145 ND Waalwijk",FALSE,TRUE,TRUE,,,Mixed Plastic+Cardboard,,,,FSC Certified,FALSE,45.0,44.0,55.0,48.2,40.5,70.0,FALSE,50.9,49.4,Low,CO2_Footprint_kg; Material_Recyclable_Pct; Country_Of_Origin; Repairability/Lifespan,TRUE,"Carries an eco label, but scores below the category average on our independent check.",Next day,,PROD-2025-0800,FALSE,Sustainable forestry,17.5,-3.22,3.22,,29,49.3,50.0
PROD-2025-0981,Smart Organic Baby Clothing Pacifier,Baby,Organic Baby Clothing,37321,5523508.0,95.68,176.64,Bol - BFC Site 1,BFC1,8714252028140,"Mechie Trommelenweg 1, 5145 ND Waalwijk",FALSE,TRUE,TRUE,,15.26,,5,,58,,FALSE,45.0,58.0,85.0,62.9,48.6,50.0,TRUE,49.1,55.5,Medium,Packaging_Type; Country_Of_Origin,FALSE,,Standard,,PROD-2025-0552,FALSE,,28.9,-47.38,47.38,7.9,19,56.8,50.0
PROD-2025-0982,Pure Korean Skincare Serum,Beauty & Skincare,Korean Skincare,82043,12839729.5,116.84,171.12,Bol - BFC Site 1,BFC1,8714252028140,"Mechie Trommelenweg 1, 5145 ND Waalwijk",FALSE,TRUE,TRUE,South Korea,8.55,Foam + Plastic,3,0.5,73,,FALSE,10.0,73.0,85.0,55.1,0.0,100.0,TRUE,35.0,39.4,High,None,FALSE,,Next day,,PROD-2025-0379,TRUE,,8.2,-20.7,20.7,7.4,74,41.6,23.1
PROD-2025-0983,Sustainable E-books Software,Digital Goods,E-books,12035,704047.5,31.28,76.36,Bol - BFC Site 2,BFC2,8714252028102,"Mechie Trommelenweg 1, 5145 ND Waalwijk",FALSE,FALSE,FALSE,USA,0.0,Digital - No Packaging,,,,,,100.0,49.0,55.0,69.0,100.0,100.0,TRUE,100.0,92.2,Medium,Material_Recyclable_Pct; Repairability/Lifespan,FALSE,,Standard,,,FALSE,,85.8,,,,,100.0,100.0
PROD-2025-0984,Wireless Womenswear Jacket,Fashion,Womenswear,123380,15237430.0,95.68,131.56,Bol - BFC Site 2,BFC2,8714252028102,"Mechie Trommelenweg 1, 5145 ND Waalwijk",FALSE,TRUE,TRUE,Turkey,7.28,Biodegradable,,,73,Energy Star,FALSE,90.0,73.0,55.0,72.6,73.0,100.0,TRUE,82.4,76.9,High,Repairability/Lifespan,FALSE,,Next day,,,TRUE,Energy efficiency,71.3,,,,,93.3,54.7
PROD-2025-0985,Smart Footwear Dress,Fashion,Footwear,64208,5971344.0,45.08,126.04,Bol - BFC Site 2,BFC2,8714252028102,"Mechie Trommelenweg 1, 5145 ND Waalwijk",FALSE,TRUE,TRUE,China,,,5,3.2,,Fair Trade,FALSE,45.0,49.5,55.0,49.8,0.0,80.0,FALSE,28.0,45.1,Medium,CO2_Footprint_kg; Packaging_Type; Material_Recyclable_Pct,TRUE,"Carries an eco label, but scores below the category average on our independent check.",Standard,,PROD-2025-0277,FALSE,Social / ethical (not environmental),51.5,-24.38,24.38,,56,50.0,43.9
PROD-2025-0986,Swift Charging Solutions Hub,Electronics,Charging Solutions,10147,867568.5,69.92,87.4,Bol - Ingram Micro,INGRAM,8712423020603,"Veerweg 16, 5145 NS Waalwijk",FALSE,FALSE,TRUE,,211.91,,8,6.1,14,,FALSE,45.0,14.0,30.0,30.4,35.8,50.0,TRUE,40.8,38.8,Medium,Packaging_Type; Country_Of_Origin,FALSE,,Standard,,PROD-2025-0450,FALSE,,36.0,-0.46,0.46,167.8,61,21.2,70.4
PROD-2025-0987,Organic Baby Safety Gear Monitor,Baby,Baby Safety Gear,100781,8465604.0,42.32,112.24,Bol - BFC Site 2,BFC2,8714252028102,"Mechie Trommelenweg 1, 5145 ND Waalwijk",FALSE,TRUE,TRUE,Germany,,,,1.1,8,,,45.0,8.0,55.0,37.4,48.6,80.0,TRUE,59.6,37.2,Medium,CO2_Footprint_kg; Packaging_Type,FALSE,,Standard,,PROD-2025-0464,FALSE,,43.0,-18.4,18.4,,87,50.0,5.8
PROD-2025-0988,Luxe Solar Powered Gadgets Kit,Eco-Friendly,Solar Powered Gadgets,325694,24264203.0,36.8,100.28,Bol - BFC Site 2,BFC2,8714252028102,"Mechie Trommelenweg 1, 5145 ND Waalwijk",FALSE,TRUE,TRUE,Denmark,35.88,Recyclable Cardboard,7,,,,FALSE,70.0,70.0,55.0,64.8,44.1,100.0,FALSE,63.7,51.0,High,Material_Recyclable_Pct,TRUE,"Carries an eco label, but scores below the category average on our independent check.",Next day,,PROD-2025-0803,FALSE,,66.7,-27.14,27.14,20.3,38,18.5,75.0
PROD-2025-0989,Aura Stock Media Course,Digital Goods,Stock Media,49309,7667549.5,101.2,184.92,Bol - BFC XL,BFCXL,8714252028195,"Divisiedok 1, 3439 JM Nieuwegein",FALSE,FALSE,FALSE,Germany,0.0,Digital - No Packaging,,,,,,100.0,49.0,100.0,84.7,100.0,100.0,TRUE,100.0,96.2,Medium,Material_Recyclable_Pct; Repairability/Lifespan,FALSE,,Standard,,,FALSE,,19.5,,,,,100.0,100.0
PROD-2025-0990,Eco Pet Apparel Brush,Pet,Pet Apparel,59304,3291372.0,25.76,76.36,Bol - Ingram Micro,INGRAM,8712423020603,"Veerweg 16, 5145 NS Waalwijk",FALSE,FALSE,TRUE,USA,18.29,,,3.0,45,,,45.0,45.0,30.0,39.8,40.5,80.0,TRUE,54.4,32.5,High,Packaging_Type,FALSE,,Standard,,PROD-2025-0165,FALSE,,61.2,-16.1,16.1,11.1,100,5.5,50.0
PROD-2025-0991,Pro Womenswear T-Shirt,Fashion,Womenswear,90461,6377500.5,47.84,81.88,Bol - BFC Site 1,BFC1,8714252028140,"Mechie Trommelenweg 1, 5145 ND Waalwijk",TRUE,TRUE,TRUE,Bangladesh,,Plastic,,,72,,FALSE,25.0,72.0,85.0,60.1,20.3,100.0,TRUE,48.2,53.4,Low,CO2_Footprint_kg; Repairability/Lifespan,FALSE,,Next day,,PROD-2025-0984,FALSE,,78.2,48.76,0.0,,44,50.0,54.7
PROD-2025-0992,Smart Smart Lighting Blender,Home & Garden,Smart Lighting,28632,4695648.0,130.64,171.12,Bol - BFC XL,BFCXL,8714252028195,"Divisiedok 1, 3439 JM Nieuwegein",FALSE,TRUE,TRUE,China,,Recyclable Cardboard,7,,65,,FALSE,70.0,65.0,100.0,79.0,0.0,100.0,TRUE,35.0,61.2,Medium,CO2_Footprint_kg,FALSE,,Next day,,PROD-2025-0910,FALSE,,30.8,-75.44,75.44,,12,50.0,75.0
PROD-2025-0993,Zen Organic Pet Food Leash,Pet,Organic Pet Food,30587,4893920.0,132.48,161.92,Bol - BFC XL,BFCXL,8714252028195,"Divisiedok 1, 3439 JM Nieuwegein",FALSE,FALSE,TRUE,China,13.09,Foam + Plastic,,,,,,10.0,44.0,100.0,51.7,0.0,100.0,TRUE,35.0,45.5,Medium,Material_Recyclable_Pct; Repairability/Lifespan,FALSE,,Standard,,PROD-2025-0242,FALSE,,11.7,-32.2,32.2,12.0,53,42.5,50.0
PROD-2025-0994,Ergonomic Yoga Gear Bottle,Fitness,Yoga Gear,26479,3680581.0,92.92,162.84,Bol - BFC XL,BFCXL,8714252028195,"Divisiedok 1, 3439 JM Nieuwegein",FALSE,TRUE,TRUE,USA,,Plastic,4,7.3,36,,FALSE,25.0,36.0,100.0,54.5,63.6,100.0,TRUE,76.3,53.5,Medium,CO2_Footprint_kg,FALSE,,Next day,,PROD-2025-0233,FALSE,,32.8,-76.82,76.82,,45,50.0,43.8
PROD-2025-0995,Organic SaaS Subscriptions Tool,Digital Goods,SaaS Subscriptions,95966,7629297.0,29.44,116.84,Bol - Ingram Micro,INGRAM,8712423020603,"Veerweg 16, 5145 NS Waalwijk",FALSE,FALSE,FALSE,USA,0.0,Digital - No Packaging,,,,,,100.0,49.0,30.0,60.2,100.0,100.0,TRUE,100.0,90.0,Medium,Material_Recyclable_Pct; Repairability/Lifespan,FALSE,,Standard,,,FALSE,,73.5,,,,,100.0,100.0
PROD-2025-0996,Glow Baby Safety Gear Crib,Baby,Baby Safety Gear,295113,43529167.5,124.2,147.2,Bol - BFC Site 2,BFC2,8714252028102,"Mechie Trommelenweg 1, 5145 ND Waalwijk",FALSE,TRUE,TRUE,,20.75,Plastic,,,,,FALSE,25.0,56.0,55.0,44.8,48.6,70.0,TRUE,56.1,46.1,Medium,Material_Recyclable_Pct; Country_Of_Origin; Repairability/Lifespan,FALSE,,Next day,,PROD-2025-0239,FALSE,,15.8,-32.66,32.66,17.8,71,35.2,56.5
PROD-2025-0997,Ergonomic Upcycled Fashion Sponge,Eco-Friendly,Upcycled Fashion,97345,18349532.5,136.16,210.68,Bol - BFC Site 1,BFC1,8714252028140,"Mechie Trommelenweg 1, 5145 ND Waalwijk",FALSE,FALSE,TRUE,,12.37,Recyclable Cardboard,5,8.9,,,FALSE,70.0,70.0,85.0,75.2,44.1,70.0,TRUE,53.2,71.0,Medium,Material_Recyclable_Pct; Country_Of_Origin,FALSE,,Standard,,,FALSE,,31.2,,,,,76.9,69.2
PROD-2025-0998,Ultra Accessories Scarf,Fashion,Accessories,88171,5246174.5,22.08,87.4,Bol - BFC Site 1,BFC1,8714252028140,"Mechie Trommelenweg 1, 5145 ND Waalwijk",FALSE,TRUE,TRUE,Portugal,,,4,4.5,72,,FALSE,45.0,72.0,85.0,67.1,82.4,80.0,TRUE,81.6,62.5,Medium,CO2_Footprint_kg; Packaging_Type,FALSE,,Next day,,PROD-2025-0009,FALSE,,89.1,-31.74,31.74,,12,50.0,64.0
PROD-2025-0999,Flex Home Office Decor Diffuser,Home & Garden,Home Office Decor,10488,1284780.0,87.4,138.0,Bol - BFC XL,BFCXL,8714252028195,"Divisiedok 1, 3439 JM Nieuwegein",FALSE,TRUE,TRUE,,72.99,Mixed Plastic+Cardboard,2,10.1,,,FALSE,45.0,47.5,100.0,65.0,39.2,70.0,TRUE,50.0,54.6,Medium,Material_Recyclable_Pct; Country_Of_Origin,FALSE,,Standard,,PROD-2025-0749,FALSE,,46.2,10.12,0.0,15.0,14,70.3,24.9
PROD-2025-1000,Pro Educational Toys Stroller,Baby,Educational Toys,46039,874741.0,14.72,20.24,Bol - BFC Site 1,BFC1,8714252028140,"Mechie Trommelenweg 1, 5145 ND Waalwijk",FALSE,FALSE,TRUE,,18.44,Recyclable Cardboard,2,1.4,63,,FALSE,70.0,63.0,85.0,73.1,48.6,70.0,TRUE,56.1,44.8,High,Country_Of_Origin,FALSE,,Standard,,PROD-2025-0285,TRUE,,99.1,57.96,0.0,12.7,46,42.0,13.5
