Product_ID,Product_Name,Category,Subcategory,Estimated_Total_Units_Sold_in_2025,Estimated_Revenue_in_2025_USD,Price_From_EUR,Price_To_EUR,WarehouseName,WarehouseCode,WarehouseGLN,WarehouseAddress,IsSameDayAvailable,IsNextDayAvailable,IsNormalDeliveryAvailable,Country_Of_Origin,CO2_Footprint_kg,Packaging_Type,Repairability_Score,Estimated_Lifespan_Years,Material_Recyclable_Pct,Eco_Label,Carbon_Neutral_Certified
PROD-2025-0001,Loaded Tea At-Home Beverage Pack,Food & Beverage,Beverages,1651289,4953867,2.76,3.68,Bol - BFC Site 2,BFC2,8.71425E+12,"Mechie Trommelenweg 1, 5145 ND Waalwijk",TRUE,TRUE,TRUE,Netherlands,5.58,Recyclable Cardboard,1,,,,FALSE
PROD-2025-0002,Protein Coffee On-The-Go Energy Drink,Food & Beverage,Beverages,1466551,4399653,2.76,3.68,Bol - BFC Site 2,BFC2,8.71425E+12,"Mechie Trommelenweg 1, 5145 ND Waalwijk",FALSE,TRUE,TRUE,UK,,Plastic,,0.3,,,FALSE
PROD-2025-0003,Whitening Strips 7-Day Treatment,Beauty & Skincare,Personal Care,953072,10483792,10.12,14.72,Bol - Ingram Micro,INGRAM,8.71242E+12,"Veerweg 16, 5145 NS Waalwijk",FALSE,TRUE,TRUE,France,,Minimal Packaging,2,0.3,,,
PROD-2025-0004,5-1 Full Body Shaver,Beauty & Skincare,Personal Care Gadgets,509346,22920570,41.4,62.56,Bol - BFC Site 1,BFC1,8.71425E+12,"Mechie Trommelenweg 1, 5145 ND Waalwijk",TRUE,TRUE,TRUE,USA,5.87,Plastic,1,0.5,25,,FALSE
PROD-2025-0005,Newborn Training Pants Baby Shorts,Baby,Organic Baby Clothing,835510,12532650,13.8,20.24,Bol - BFC Site 2,BFC2,8.71425E+12,"Mechie Trommelenweg 1, 5145 ND Waalwijk",TRUE,TRUE,TRUE,USA,,Minimal Packaging,1,,45,,FALSE
PROD-2025-0006,Vintage Crochet Set,Fashion,Womenswear,194058,6792030,32.2,47.84,Bol - BFC Site 2,BFC2,8.71425E+12,"Mechie Trommelenweg 1, 5145 ND Waalwijk",TRUE,TRUE,TRUE,,28.33,Plastic,3,,70,,FALSE
PROD-2025-0007,Kids Sonic Clean Auto-Toothbrush,Baby,Baby Safety Gear,251080,6277000,23,34.96,Bol - BFC Site 1,BFC1,8.71425E+12,"Mechie Trommelenweg 1, 5145 ND Waalwijk",TRUE,TRUE,TRUE,China,18.68,Plastic,1,1.5,39,,FALSE
PROD-2025-0008,Automated Toilet Bowl Cleaner,Home & Garden,Eco-friendly Cleaning,341482,4097784,11.04,16.56,Bol - Ingram Micro,INGRAM,8.71242E+12,"Veerweg 16, 5145 NS Waalwijk",FALSE,TRUE,TRUE,Germany,30.22,Minimal Packaging,3,,74,,FALSE
PROD-2025-0009,Quick Release Belt,Fashion,Accessories,554123,11082460,18.4,27.6,Bol - BFC Site 2,BFC2,8.71425E+12,"Mechie Trommelenweg 1, 5145 ND Waalwijk",TRUE,TRUE,TRUE,Portugal,14.25,Mixed Plastic+Cardboard,,4.3,73,Energy Star,FALSE
PROD-2025-0010,Healing Tool Tuning Fork Set,Fitness,Recovery Tools,129966,7148130,50.6,75.44,Bol - BFC Site 2,BFC2,8.71425E+12,"Mechie Trommelenweg 1, 5145 ND Waalwijk",FALSE,TRUE,TRUE,,74.34,Plastic,5,7.7,,,FALSE
PROD-2025-0011,Rotator Burn Machine,Fitness,Home Gym Equipment,554994,47174490,78.2,117.76,Bol - BFC Site 2,BFC2,8.71425E+12,"Mechie Trommelenweg 1, 5145 ND Waalwijk",TRUE,TRUE,TRUE,,26.75,Minimal Packaging,,,32,,FALSE
PROD-2025-0012,Electric Cordless Rotary Tool Kit,Home & Garden,Kitchen Gadgets,157359,6294360,36.8,55.2,Bol - BFC Site 2,BFC2,8.71425E+12,"Mechie Trommelenweg 1, 5145 ND Waalwijk",FALSE,TRUE,TRUE,,77.32,Minimal Packaging,,14.7,,,
PROD-2025-0013,Portable Air Cooling Fan,Electronics,Portable Audio,451274,13538220,27.6,41.4,Bol - Ingram Micro,INGRAM,8.71242E+12,"Veerweg 16, 5145 NS Waalwijk",FALSE,TRUE,TRUE,,220.5,,9,2.4,6,,FALSE
PROD-2025-0014,Labubu Collectible Art Toy,Fashion,Accessories,1951773,48794325,23,34.96,Bol - BFC Site 2,BFC2,8.71425E+12,"Mechie Trommelenweg 1, 5145 ND Waalwijk",TRUE,TRUE,TRUE,Bangladesh,49.31,Biodegradable,4,3.9,67,,FALSE
PROD-2025-0015,Korean Glass Skin Serum,Beauty & Skincare,Korean Skincare,2489696,44814528,16.56,24.84,Bol - BFC Site 2,BFC2,8.71425E+12,"Mechie Trommelenweg 1, 5145 ND Waalwijk",FALSE,TRUE,TRUE,,7.79,Recyclable Cardboard,1,0.3,,,FALSE
PROD-2025-0016,Heatless Hair Curler Set,Beauty & Skincare,Hair Care Tools,2765107,33181284,11.04,16.56,Bol - BFC Site 2,BFC2,8.71425E+12,"Mechie Trommelenweg 1, 5145 ND Waalwijk",TRUE,TRUE,TRUE,,8.7,Plastic,3,,,,FALSE
PROD-2025-0017,Linen Breathable Bedsheet Set,Home & Garden,Home Office Decor,363291,23613915,59.8,90.16,Bol - BFC Site 1,BFC1,8.71425E+12,"Mechie Trommelenweg 1, 5145 ND Waalwijk",FALSE,FALSE,TRUE,China,,Foam + Plastic,3,,,,FALSE
PROD-2025-0018,Smart Pet Feeder with Camera,Pet,Smart Pet Feeders,695025,83403000,110.4,165.6,Bol - BFC Site 2,BFC2,8.71425E+12,"Mechie Trommelenweg 1, 5145 ND Waalwijk",TRUE,TRUE,TRUE,China,18.84,,,,39,,FALSE
PROD-2025-0019,Biodegradable Bamboo Toothbrush 10-Pack,Eco-Friendly,Zero-waste Kits,412771,6191565,13.8,20.24,Bol - BFC Site 2,BFC2,8.71425E+12,"Mechie Trommelenweg 1, 5145 ND Waalwijk",FALSE,TRUE,TRUE,USA,,Minimal Packaging,,,,EU Ecolabel,FALSE
PROD-2025-0020,Digital Planner 2025 Pro Edition,Digital Goods,Digital Planners,268352,5098688,17.48,25.76,Bol - BFC Site 2,BFC2,8.71425E+12,"Mechie Trommelenweg 1, 5145 ND Waalwijk",FALSE,FALSE,FALSE,,0,Digital - No Packaging,,,,,
PROD-2025-0021,Pro Activewear Mat,Fitness,Activewear,75967,9647809,106.72,126.96,Bol - BFC Site 1,BFC1,8.71425E+12,"Mechie Trommelenweg 1, 5145 ND Waalwijk",TRUE,TRUE,TRUE,USA,8.97,Foam + Plastic,3,4.9,,,FALSE
PROD-2025-0022,Smart Smart Home Devices Watch,Electronics,Smart Home Devices,29164,3718410,87.4,147.2,Bol - Ingram Micro,INGRAM,8.71242E+12,"Veerweg 16, 5145 NS Waalwijk",FALSE,TRUE,TRUE,Taiwan,205.53,Recyclable Cardboard,5,5.3,36,,FALSE
PROD-2025-0023,Eco Eco-friendly Cleaning Blender,Home & Garden,Eco-friendly Cleaning,31900,3285700,72.68,116.84,Bol - BFC XL 2,BFCXL2,8.71425E+12,"Rietgraaf 10, 6678 PJ Oosterhout",FALSE,TRUE,TRUE,Netherlands,161.12,Recyclable Cardboard,,,40,,FALSE
PROD-2025-0024,Sustainable Yoga Gear Scale,Fitness,Yoga Gear,49152,1253376,11.04,35.88,Bol - BFC XL 2,BFCXL2,8.71425E+12,"Rietgraaf 10, 6678 PJ Oosterhout",FALSE,TRUE,TRUE,China,98.44,,5,5.8,70,,FALSE
PROD-2025-0025,Wireless Smart Fitness Trackers Roller,Fitness,Smart Fitness Trackers,19631,1187675.5,26.68,84.64,Bol - Ingram Micro,INGRAM,8.71242E+12,"Veerweg 16, 5145 NS Waalwijk",FALSE,TRUE,TRUE,USA,75.02,Plastic,5,9,,,FALSE
PROD-2025-0026,Sustainable Interactive Pet Toys Shampoo,Pet,Interactive Pet Toys,282199,29066497,80.04,109.48,Bol - BFC Site 2,BFC2,8.71425E+12,"Mechie Trommelenweg 1, 5145 ND Waalwijk",FALSE,TRUE,TRUE,China,4.31,Plastic,3,,,,FALSE
PROD-2025-0027,Sustainable Kitchen Gadgets Blender,Home & Garden,Kitchen Gadgets,177772,23732562,101.2,144.44,Bol - BFC Site 2,BFC2,8.71425E+12,"Mechie Trommelenweg 1, 5145 ND Waalwijk",FALSE,FALSE,TRUE,China,,Mixed Plastic+Cardboard,,16.3,33,Energy Star,
PROD-2025-0028,Portable Solar Powered Gadgets Utensils,Eco-Friendly,Solar Powered Gadgets,81687,10415092.5,92.92,141.68,Bol - BFC XL 2,BFCXL2,8.71425E+12,"Rietgraaf 10, 6678 PJ Oosterhout",FALSE,FALSE,TRUE,USA,15.98,Recyclable Cardboard,3,3.8,84,,FALSE
PROD-2025-0029,Smart Smart Home Devices Speaker,Electronics,Smart Home Devices,16198,2470195,129.72,150.88,Bol - Ingram Micro,INGRAM,8.71242E+12,"Veerweg 16, 5145 NS Waalwijk",FALSE,FALSE,TRUE,China,224.49,Biodegradable,9,5.6,,,FALSE
PROD-2025-0030,Pro Pet Apparel Bowl,Pet,Pet Apparel,37403,1963657.5,34.04,62.56,Bol - BFC Site 1,BFC1,8.71425E+12,"Mechie Trommelenweg 1, 5145 ND Waalwijk",FALSE,TRUE,TRUE,,14.56,Plastic,1,,,,
PROD-2025-0031,Flex Stock Media Bundle,Digital Goods,Stock Media,61941,8578828.5,105.8,149.04,Bol - BFC Site 1,BFC1,8.71425E+12,"Mechie Trommelenweg 1, 5145 ND Waalwijk",FALSE,FALSE,FALSE,USA,0,Digital - No Packaging,,,,,
PROD-2025-0032,Smart Organic Baby Clothing Bib,Baby,Organic Baby Clothing,98315,15287982.5,106.72,179.4,Bol - BFC Site 1,BFC1,8.71425E+12,"Mechie Trommelenweg 1, 5145 ND Waalwijk",FALSE,FALSE,TRUE,USA,12.65,,4,4.8,,,FALSE
PROD-2025-0033,Ultra Phone Accessories Hub,Electronics,Phone Accessories,47671,4933948.5,74.52,115.92,Bol - Ingram Micro,INGRAM,8.71242E+12,"Veerweg 16, 5145 NS Waalwijk",FALSE,TRUE,TRUE,South Korea,53.79,Recyclable Cardboard,3,6.7,15,Energy Star,TRUE
PROD-2025-0034,Swift Wearable Tech Watch,Electronics,Wearable Tech,44064,3767472,42.32,115,Bol - Ingram Micro,INGRAM,8.71242E+12,"Veerweg 16, 5145 NS Waalwijk",FALSE,TRUE,TRUE,China,210.5,Recyclable Cardboard,,10,,,FALSE
PROD-2025-0035,Eco Portable Audio Adapter,Electronics,Portable Audio,29256,4008072,94.76,157.32,Bol - BFC XL,BFCXL,8.71425E+12,"Divisiedok 1, 3439 JM Nieuwegein",FALSE,TRUE,TRUE,,,Mixed Plastic+Cardboard,,8.1,,,
PROD-2025-0036,Smart Recovery Tools Mat,Fitness,Recovery Tools,404116,55363892,87.4,164.68,Bol - BFC XL 2,BFCXL2,8.71425E+12,"Rietgraaf 10, 6678 PJ Oosterhout",FALSE,TRUE,TRUE,,69.35,Plastic,3,10.5,,,FALSE
PROD-2025-0037,Aura Recovery Tools Mat,Fitness,Recovery Tools,97895,12677402.5,115,123.28,Bol - BFC XL 2,BFCXL2,8.71425E+12,"Rietgraaf 10, 6678 PJ Oosterhout",FALSE,TRUE,TRUE,USA,,Recyclable Cardboard,6,,63,,FALSE
PROD-2025-0038,Portable Personal Care Gadgets Brush,Beauty & Skincare,Personal Care Gadgets,60497,5686718,60.72,112.24,Bol - BFC Site 1,BFC1,8.71425E+12,"Mechie Trommelenweg 1, 5145 ND Waalwijk",FALSE,TRUE,TRUE,South Korea,4.39,Minimal Packaging,,0.6,53,,FALSE
PROD-2025-0039,Aura Smart Pet Feeders Shampoo,Pet,Smart Pet Feeders,82737,9969808.5,79.12,142.6,Bol - BFC Site 2,BFC2,8.71425E+12,"Mechie Trommelenweg 1, 5145 ND Waalwijk",FALSE,TRUE,TRUE,USA,11.56,Recyclable Cardboard,,3.2,,,FALSE
PROD-2025-0040,Sustainable Pet Apparel Collar,Pet,Pet Apparel,62382,5832717,71.76,100.28,Bol - Ingram Micro,INGRAM,8.71242E+12,"Veerweg 16, 5145 NS Waalwijk",FALSE,TRUE,TRUE,,8.01,Plastic,5,,39,,FALSE
PROD-2025-0041,Luxe SaaS Subscriptions Guide,Digital Goods,SaaS Subscriptions,37169,3177949.5,44.16,113.16,Bol - BFC Site 1,BFC1,8.71425E+12,"Mechie Trommelenweg 1, 5145 ND Waalwijk",FALSE,FALSE,FALSE,UK,0,Digital - No Packaging,,,,FSC Certified,
PROD-2025-0042,Zen Smart Fitness Trackers Band,Fitness,Smart Fitness Trackers,94598,10689574,69,138.92,Bol - BFC XL,BFCXL,8.71425E+12,"Divisiedok 1, 3439 JM Nieuwegein",FALSE,FALSE,TRUE,USA,84.1,Plastic,,4.1,,,FALSE
PROD-2025-0043,Pure Kitchen Gadgets Blender,Home & Garden,Kitchen Gadgets,71723,10866034.5,135.24,143.52,Bol - BFC XL,BFCXL,8.71425E+12,"Divisiedok 1, 3439 JM Nieuwegein",FALSE,TRUE,TRUE,,,Plastic,4,12.2,56,,FALSE
PROD-2025-0044,Swift Smart Home Devices Earbuds,Electronics,Smart Home Devices,20249,1660418,70.84,80.04,Bol - Ingram Micro,INGRAM,8.71242E+12,"Veerweg 16, 5145 NS Waalwijk",FALSE,FALSE,TRUE,,,Plastic,7,,62,,FALSE
PROD-2025-0045,Glow Solar Powered Gadgets Bottle,Eco-Friendly,Solar Powered Gadgets,96162,9135390,81.88,92.92,Bol - BFC Site 2,BFC2,8.71425E+12,"Mechie Trommelenweg 1, 5145 ND Waalwijk",TRUE,TRUE,TRUE,Netherlands,11.32,,,3.3,,Cradle to Cradle,
PROD-2025-0046,Ultra Smart Home Devices Power Bank,Electronics,Smart Home Devices,53545,3293017.5,31.28,81.88,Bol - Ingram Micro,INGRAM,8.71242E+12,"Veerweg 16, 5145 NS Waalwijk",FALSE,FALSE,TRUE,,,Biodegradable,9,5.4,24,,
PROD-2025-0047,Ergonomic Charging Solutions Adapter,Electronics,Charging Solutions,84244,7413472,54.28,107.64,Bol - Ingram Micro,INGRAM,8.71242E+12,"Veerweg 16, 5145 NS Waalwijk",FALSE,FALSE,TRUE,China,,Mixed Plastic+Cardboard,7,5.5,60,,
PROD-2025-0048,Organic Korean Skincare Oil,Beauty & Skincare,Korean Skincare,67435,12711497.5,128.8,218.04,Bol - BFC Site 1,BFC1,8.71425E+12,"Mechie Trommelenweg 1, 5145 ND Waalwijk",FALSE,FALSE,TRUE,France,12.41,Biodegradable,,1,,,FALSE
PROD-2025-0049,Vital Recovery Tools Mat,Fitness,Recovery Tools,33535,4678132.5,82.8,173.88,Bol - BFC XL,BFCXL,8.71425E+12,"Divisiedok 1, 3439 JM Nieuwegein",FALSE,TRUE,TRUE,,,Mixed Plastic+Cardboard,6,8,45,,
PROD-2025-0050,Pure Smart Baby Monitors Monitor,Baby,Smart Baby Monitors,46247,7584508,132.48,169.28,Bol - BFC Site 2,BFC2,8.71425E+12,"Mechie Trommelenweg 1, 5145 ND Waalwijk",FALSE,FALSE,TRUE,,14.94,,5,3.5,31,,
PROD-2025-0051,Vital Stock Media Template,Digital Goods,Stock Media,55282,4616047,69,84.64,Bol - BFC Site 1,BFC1,8.71425E+12,"Mechie Trommelenweg 1, 5145 ND Waalwijk",FALSE,FALSE,FALSE,USA,0,Digital - No Packaging,,,,,
PROD-2025-0052,Minimalist Eco-friendly Cleaning Desk,Home & Garden,Eco-friendly Cleaning,44944,2516864,16.56,86.48,Bol - BFC XL,BFCXL,8.71425E+12,"Divisiedok 1, 3439 JM Nieuwegein",FALSE,FALSE,TRUE,China,52.69,Recyclable Cardboard,7,12.5,70,,FALSE
PROD-2025-0053,Ultra Charging Solutions Case,Electronics,Charging Solutions,25594,1522843,27.6,81.88,Bol - Ingram Micro,INGRAM,8.71242E+12,"Veerweg 16, 5145 NS Waalwijk",FALSE,TRUE,TRUE,South Korea,,,9,9.5,5,,FALSE
PROD-2025-0054,Zen Organic Pet Food Treats,Pet,Organic Pet Food,37430,7036840,135.24,210.68,Bol - BFC XL 2,BFCXL2,8.71425E+12,"Rietgraaf 10, 6678 PJ Oosterhout",FALSE,TRUE,TRUE,China,11.33,Plastic,,3.3,,EU Ecolabel,FALSE
PROD-2025-0055,Vital Online Courses Course,Digital Goods,Online Courses,36816,4638816,111.32,120.52,Bol - BFC Site 2,BFC2,8.71425E+12,"Mechie Trommelenweg 1, 5145 ND Waalwijk",FALSE,FALSE,FALSE,Netherlands,0,Digital - No Packaging,,,,,
PROD-2025-0056,Organic Phone Accessories Stand,Electronics,Phone Accessories,42481,3759568.5,42.32,120.52,Bol - Ingram Micro,INGRAM,8.71242E+12,"Veerweg 16, 5145 NS Waalwijk",TRUE,TRUE,TRUE,China,220.43,Mixed Plastic+Cardboard,8,,24,,FALSE
PROD-2025-0057,Pro Personal Care Gadgets Brush,Beauty & Skincare,Personal Care Gadgets,40925,2680587.5,57.04,63.48,Bol - BFC Site 2,BFC2,8.71425E+12,"Mechie Trommelenweg 1, 5145 ND Waalwijk",FALSE,TRUE,TRUE,Germany,14.34,Minimal Packaging,1,0.6,41,,FALSE
PROD-2025-0058,Wireless Accessories Belt,Fashion,Accessories,25083,2069347.5,42.32,109.48,Bol - BFC Site 2,BFC2,8.71425E+12,"Mechie Trommelenweg 1, 5145 ND Waalwijk",FALSE,TRUE,TRUE,Portugal,,Plastic,2,,,FSC Certified,
PROD-2025-0059,Organic Eco-friendly Diapers Bottle,Baby,Eco-friendly Diapers,31692,3723810,85.56,130.64,Bol - BFC Site 2,BFC2,8.71425E+12,"Mechie Trommelenweg 1, 5145 ND Waalwijk",FALSE,FALSE,TRUE,China,,Mixed Plastic+Cardboard,4,3.7,,,FALSE
PROD-2025-0060,Glow Recovery Tools Tracker,Fitness,Recovery Tools,19606,1725328,61.64,100.28,Bol - BFC XL,BFCXL,8.71425E+12,"Divisiedok 1, 3439 JM Nieuwegein",FALSE,TRUE,TRUE,China,50.9,Mixed Plastic+Cardboard,5,,55,,FALSE
PROD-2025-0061,Aura Wearable Tech Adapter,Electronics,Wearable Tech,56878,4351167,68.08,72.68,Bol - BFC Site 2,BFC2,8.71425E+12,"Mechie Trommelenweg 1, 5145 ND Waalwijk",TRUE,TRUE,TRUE,China,82.26,Mixed Plastic+Cardboard,8,,,,FALSE
PROD-2025-0062,Portable Solar Powered Gadgets Wrap,Eco-Friendly,Solar Powered Gadgets,78092,12065214,123.28,161,Bol - Ingram Micro,INGRAM,8.71242E+12,"Veerweg 16, 5145 NS Waalwijk",FALSE,TRUE,TRUE,Netherlands,36.48,Plastic,,9,,Fair Trade,
PROD-2025-0063,Luxe Portable Audio Watch,Electronics,Portable Audio,82876,13591664,128.8,172.96,Bol - BFC XL,BFCXL,8.71425E+12,"Divisiedok 1, 3439 JM Nieuwegein",FALSE,FALSE,TRUE,Taiwan,125.06,,4,7.8,76,,TRUE
PROD-2025-0064,Pure Smart Fitness Trackers Bench,Fitness,Smart Fitness Trackers,32937,2091499.5,22.08,94.76,Bol - BFC XL,BFCXL,8.71425E+12,"Divisiedok 1, 3439 JM Nieuwegein",FALSE,FALSE,TRUE,Taiwan,15.29,Recyclable Cardboard,7,,13,,FALSE
PROD-2025-0065,Minimalist Womenswear Bag,Fashion,Womenswear,26233,3672620,126.04,131.56,Bol - BFC Site 1,BFC1,8.71425E+12,"Mechie Trommelenweg 1, 5145 ND Waalwijk",TRUE,TRUE,TRUE,,8.46,Mixed Plastic+Cardboard,3,4,58,,FALSE
PROD-2025-0066,Zen Yoga Gear Scale,Fitness,Yoga Gear,26351,2463818.5,69,103.04,Bol - BFC XL 2,BFCXL2,8.71425E+12,"Rietgraaf 10, 6678 PJ Oosterhout",FALSE,FALSE,TRUE,USA,,Plastic,5,11.8,,,
PROD-2025-0067,Smart Home Office Decor Organizer,Home & Garden,Home Office Decor,66996,9982404,99.36,174.8,Bol - BFC Site 1,BFC1,8.71425E+12,"Mechie Trommelenweg 1, 5145 ND Waalwijk",FALSE,TRUE,TRUE,Germany,14.06,Plastic,,6,31,,FALSE
PROD-2025-0068,Wireless Smart Fitness Trackers Gloves,Fitness,Smart Fitness Trackers,37192,5578800,107.64,168.36,Bol - BFC XL 2,BFCXL2,8.71425E+12,"Rietgraaf 10, 6678 PJ Oosterhout",FALSE,TRUE,TRUE,Germany,80.86,,4,,35,EU Ecolabel,FALSE
PROD-2025-0069,Eco Educational Toys Carrier,Baby,Educational Toys,54176,8072224,113.16,161,Bol - BFC Site 1,BFC1,8.71425E+12,"Mechie Trommelenweg 1, 5145 ND Waalwijk",FALSE,TRUE,TRUE,Germany,14.66,Mixed Plastic+Cardboard,6,2.8,12,,FALSE
PROD-2025-0070,Wireless Menswear Hoodie,Fashion,Menswear,57418,9043335,110.4,179.4,Bol - BFC Site 2,BFC2,8.71425E+12,"Mechie Trommelenweg 1, 5145 ND Waalwijk",FALSE,FALSE,TRUE,Bangladesh,,Mixed Plastic+Cardboard,4,3.1,60,,FALSE
PROD-2025-0071,Swift Womenswear Jacket,Fashion,Womenswear,32693,6064551.5,138,203.32,Bol - BFC Site 2,BFC2,8.71425E+12,"Mechie Trommelenweg 1, 5145 ND Waalwijk",FALSE,FALSE,TRUE,,13.74,Mixed Plastic+Cardboard,1,,,,FALSE
PROD-2025-0072,Ergonomic Charging Solutions Power Bank,Electronics,Charging Solutions,50368,4810144,70.84,104.88,Bol - Ingram Micro,INGRAM,8.71242E+12,"Veerweg 16, 5145 NS Waalwijk",FALSE,TRUE,TRUE,South Korea,45.58,,7,,,,FALSE
PROD-2025-0073,Smart Phone Accessories Power Bank,Electronics,Phone Accessories,90489,9682323,69,127.88,Bol - BFC Site 2,BFC2,8.71425E+12,"Mechie Trommelenweg 1, 5145 ND Waalwijk",FALSE,FALSE,TRUE,China,64.99,Plastic,,4.9,78,,FALSE
PROD-2025-0074,Eco Stock Media Asset,Digital Goods,Stock Media,38385,3205147.5,72.68,80.96,Bol - BFC Site 2,BFC2,8.71425E+12,"Mechie Trommelenweg 1, 5145 ND Waalwijk",FALSE,FALSE,FALSE,Netherlands,0,Digital - No Packaging,,,,,
PROD-2025-0075,Flex Smart Fitness Trackers Mat,Fitness,Smart Fitness Trackers,61756,9850082,105.8,187.68,Bol - BFC XL,BFCXL,8.71425E+12,"Divisiedok 1, 3439 JM Nieuwegein",FALSE,TRUE,TRUE,Taiwan,38.35,Recyclable Cardboard,3,,8,,FALSE
PROD-2025-0076,Minimalist Sustainable Apparel Jacket,Fashion,Sustainable Apparel,21905,3658135,132.48,174.8,Bol - BFC Site 2,BFC2,8.71425E+12,"Mechie Trommelenweg 1, 5145 ND Waalwijk",FALSE,TRUE,TRUE,Portugal,44.52,Biodegradable,,,,,FALSE
PROD-2025-0077,Ergonomic Recovery Tools Dumbbell,Fitness,Recovery Tools,91811,6472675.5,36.8,92.92,Bol - BFC Site 2,BFC2,8.71425E+12,"Mechie Trommelenweg 1, 5145 ND Waalwijk",FALSE,TRUE,TRUE,,61.35,Plastic,,3.5,,,FALSE
PROD-2025-0078,Aura Baby Safety Gear Toy,Baby,Baby Safety Gear,98055,15884910,127.88,170.2,Bol - BFC Site 1,BFC1,8.71425E+12,"Mechie Trommelenweg 1, 5145 ND Waalwijk",FALSE,TRUE,TRUE,,8.44,Mixed Plastic+Cardboard,4,1.2,,,FALSE
PROD-2025-0079,Zen Organic Baby Clothing Diaper,Baby,Organic Baby Clothing,88083,9028507.5,52.44,136.16,Bol - BFC Site 2,BFC2,8.71425E+12,"Mechie Trommelenweg 1, 5145 ND Waalwijk",FALSE,TRUE,TRUE,,24.44,Minimal Packaging,1,1.4,,,
PROD-2025-0080,Premium Baby Safety Gear Toy,Baby,Baby Safety Gear,39532,2095196,21.16,76.36,Bol - BFC XL,BFCXL,8.71425E+12,"Divisiedok 1, 3439 JM Nieuwegein",FALSE,TRUE,TRUE,Netherlands,16.86,Biodegradable,6,1.9,,,FALSE
PROD-2025-0081,Zen Stock Media App,Digital Goods,Stock Media,93151,10246610,59.8,142.6,Bol - BFC Site 2,BFC2,8.71425E+12,"Mechie Trommelenweg 1, 5145 ND Waalwijk",FALSE,FALSE,FALSE,,0,Digital - No Packaging,,,,,
PROD-2025-0082,Wireless Wearable Tech Watch,Electronics,Wearable Tech,25108,2058856,53.36,97.52,Bol - BFC Site 2,BFC2,8.71425E+12,"Mechie Trommelenweg 1, 5145 ND Waalwijk",FALSE,TRUE,TRUE,China,161.76,Mixed Plastic+Cardboard,,,,,TRUE
PROD-2025-0083,Pure Baby Safety Gear Carrier,Baby,Baby Safety Gear,95878,5608863,49.68,57.96,Bol - BFC Site 1,BFC1,8.71425E+12,"Mechie Trommelenweg 1, 5145 ND Waalwijk",FALSE,TRUE,TRUE,Netherlands,25.95,Mixed Plastic+Cardboard,5,4,,,
PROD-2025-0084,Glow Hair Care Tools Perfume,Beauty & Skincare,Hair Care Tools,62742,6023232,82.8,93.84,Bol - BFC Site 2,BFC2,8.71425E+12,"Mechie Trommelenweg 1, 5145 ND Waalwijk",FALSE,FALSE,TRUE,China,14.74,,1,,,,FALSE
PROD-2025-0085,Ultra Wearable Tech Stand,Electronics,Wearable Tech,32544,6004368,127.88,211.6,Bol - Ingram Micro,INGRAM,8.71242E+12,"Veerweg 16, 5145 NS Waalwijk",FALSE,TRUE,TRUE,China,167.12,,,4.3,24,,FALSE
PROD-2025-0086,Premium Accessories Jacket,Fashion,Accessories,463415,45414670,59.8,120.52,Bol - BFC Site 1,BFC1,8.71425E+12,"Mechie Trommelenweg 1, 5145 ND Waalwijk",FALSE,TRUE,TRUE,China,17.55,Biodegradable,5,,70,,FALSE
PROD-2025-0087,Ultra Yoga Gear Gloves,Fitness,Yoga Gear,68472,11708712,138,176.64,Bol - BFC Site 2,BFC2,8.71425E+12,"Mechie Trommelenweg 1, 5145 ND Waalwijk",FALSE,TRUE,TRUE,,,,3,7.9,72,,FALSE
PROD-2025-0088,Glow E-books Preset,Digital Goods,E-books,22749,841713,29.44,38.64,Bol - BFC Site 1,BFC1,8.71425E+12,"Mechie Trommelenweg 1, 5145 ND Waalwijk",FALSE,FALSE,FALSE,USA,0,Digital - No Packaging,,,,,
PROD-2025-0089,Glow Reusable Packaging Soap,Eco-Friendly,Reusable Packaging,12128,1036944,34.96,122.36,Bol - BFC XL,BFCXL,8.71425E+12,"Divisiedok 1, 3439 JM Nieuwegein",FALSE,TRUE,TRUE,Sweden,,Recyclable Cardboard,6,,,,FALSE
PROD-2025-0090,Wireless Personal Care Gadgets Brush,Beauty & Skincare,Personal Care Gadgets,67734,6570198,72.68,105.8,Bol - BFC Site 2,BFC2,8.71425E+12,"Mechie Trommelenweg 1, 5145 ND Waalwijk",FALSE,TRUE,TRUE,Germany,6.57,Recyclable Cardboard,3,,52,Energy Star,FALSE
PROD-2025-0091,Ultra Korean Skincare Toner,Beauty & Skincare,Korean Skincare,48779,2195055,36.8,46,Bol - BFC Site 1,BFC1,8.71425E+12,"Mechie Trommelenweg 1, 5145 ND Waalwijk",FALSE,TRUE,TRUE,France,14.22,Mixed Plastic+Cardboard,,,,,FALSE
PROD-2025-0092,Ergonomic Smart Home Devices Earbuds,Electronics,Smart Home Devices,12672,2008512,118.68,172.96,Bol - Ingram Micro,INGRAM,8.71242E+12,"Veerweg 16, 5145 NS Waalwijk",FALSE,FALSE,TRUE,Japan,,Minimal Packaging,4,5.8,15,,FALSE
PROD-2025-0093,Zen Personal Care Gadgets Lipstick,Beauty & Skincare,Personal Care Gadgets,76369,12448147,130.64,169.28,Bol - BFC XL 2,BFCXL2,8.71425E+12,"Rietgraaf 10, 6678 PJ Oosterhout",FALSE,TRUE,TRUE,France,,Mixed Plastic+Cardboard,1,,73,,FALSE
PROD-2025-0094,Glow Portable Audio Speaker,Electronics,Portable Audio,42299,6535195.5,116.84,167.44,Bol - Ingram Micro,INGRAM,8.71242E+12,"Veerweg 16, 5145 NS Waalwijk",FALSE,FALSE,TRUE,,171.13,,3,6.4,69,,FALSE
PROD-2025-0095,Sustainable Educational Toys Swaddle,Baby,Educational Toys,64402,5763979,70.84,93.84,Bol - BFC XL 2,BFCXL2,8.71425E+12,"Rietgraaf 10, 6678 PJ Oosterhout",FALSE,TRUE,TRUE,Germany,19.59,Biodegradable,,,27,,FALSE
PROD-2025-0096,Zen Sustainable Apparel Bag,Fashion,Sustainable Apparel,151480,22343300,130.64,140.76,Bol - BFC Site 1,BFC1,8.71425E+12,"Mechie Trommelenweg 1, 5145 ND Waalwijk",FALSE,TRUE,TRUE,Bangladesh,,Minimal Packaging,,,,,
PROD-2025-0097,Swift Fragrances Lotion,Beauty & Skincare,Fragrances,92541,8791395,80.04,94.76,Bol - BFC Site 2,BFC2,8.71425E+12,"Mechie Trommelenweg 1, 5145 ND Waalwijk",FALSE,FALSE,TRUE,,4.46,Plastic,4,0.9,68,,FALSE
PROD-2025-0098,Pro Hair Care Tools Lipstick,Beauty & Skincare,Hair Care Tools,21063,2769784.5,77.28,164.68,Bol - Ingram Micro,INGRAM,8.71242E+12,"Veerweg 16, 5145 NS Waalwijk",FALSE,TRUE,TRUE,France,,,,,,Cradle to Cradle,FALSE
PROD-2025-0099,Aura Pet Apparel Carrier,Pet,Pet Apparel,93666,5619960,21.16,89.24,Bol - BFC Site 2,BFC2,8.71425E+12,"Mechie Trommelenweg 1, 5145 ND Waalwijk",FALSE,FALSE,TRUE,USA,2.09,Plastic,2,1.6,61,,
PROD-2025-0100,Luxe Smart Baby Monitors Toy,Baby,Smart Baby Monitors,80044,14768118,137.08,202.4,Bol - BFC Site 2,BFC2,8.71425E+12,"Mechie Trommelenweg 1, 5145 ND Waalwijk",FALSE,TRUE,TRUE,China,28.57,Biodegradable,5,,,,TRUE
PROD-2025-0101,Sustainable Digital Planners Bundle,Digital Goods,Digital Planners,80936,6474880,66.24,80.96,Bol - BFC Site 1,BFC1,8.71425E+12,"Mechie Trommelenweg 1, 5145 ND Waalwijk",FALSE,FALSE,FALSE,UK,0,Digital - No Packaging,,,,,
PROD-2025-0102,Pure Smart Fitness Trackers Mat,Fitness,Smart Fitness Trackers,12059,2068118.5,130.64,184.92,Bol - BFC XL 2,BFCXL2,8.71425E+12,"Rietgraaf 10, 6678 PJ Oosterhout",FALSE,TRUE,TRUE,USA,24.02,,,,16,,FALSE
PROD-2025-0103,Organic Organic Baby Clothing Diaper,Baby,Organic Baby Clothing,96855,11332035,80.96,134.32,Bol - BFC Site 2,BFC2,8.71425E+12,"Mechie Trommelenweg 1, 5145 ND Waalwijk",FALSE,TRUE,TRUE,Netherlands,21.61,Plastic,,4.2,,,FALSE
PROD-2025-0104,Nano Yoga Gear Tracker,Fitness,Yoga Gear,79590,8516130,57.04,139.84,Bol - BFC XL,BFCXL,8.71425E+12,"Divisiedok 1, 3439 JM Nieuwegein",FALSE,TRUE,TRUE,China,73.11,Plastic,7,,14,,FALSE
PROD-2025-0105,Pure Educational Toys Crib,Baby,Educational Toys,98055,13090342.5,97.52,148.12,Bol - BFC XL,BFCXL,8.71425E+12,"Divisiedok 1, 3439 JM Nieuwegein",FALSE,FALSE,TRUE,,14.11,Recyclable Cardboard,,,,,FALSE
PROD-2025-0106,Minimalist Pet Grooming Tools Bed,Pet,Pet Grooming Tools,10959,1720563,136.16,152.72,Bol - BFC XL 2,BFCXL2,8.71425E+12,"Rietgraaf 10, 6678 PJ Oosterhout",FALSE,FALSE,TRUE,USA,3.38,Mixed Plastic+Cardboard,2,3.3,,,FALSE
PROD-2025-0107,Aura Eco-friendly Cleaning Cleaner,Home & Garden,Eco-friendly Cleaning,23090,2170460,48.76,124.2,Bol - Ingram Micro,INGRAM,8.71242E+12,"Veerweg 16, 5145 NS Waalwijk",FALSE,TRUE,TRUE,Germany,,Mixed Plastic+Cardboard,2,14.4,,,FALSE
PROD-2025-0108,Ultra Baby Safety Gear Bib,Baby,Baby Safety Gear,20572,2046914,81.88,101.2,Bol - BFC Site 1,BFC1,8.71425E+12,"Mechie Trommelenweg 1, 5145 ND Waalwijk",TRUE,TRUE,TRUE,,15.56,Mixed Plastic+Cardboard,,3.9,56,,FALSE
PROD-2025-0109,Flex Upcycled Fashion Kit,Eco-Friendly,Upcycled Fashion,35457,1170081,19.32,41.4,Bol - BFC Site 1,BFC1,8.71425E+12,"Mechie Trommelenweg 1, 5145 ND Waalwijk",FALSE,TRUE,TRUE,,,Recyclable Cardboard,4,9.2,76,,
PROD-2025-0110,Minimalist SaaS Subscriptions Tool,Digital Goods,SaaS Subscriptions,134255,7853917.5,28.52,79.12,Bol - BFC XL 2,BFCXL2,8.71425E+12,"Rietgraaf 10, 6678 PJ Oosterhout",FALSE,FALSE,FALSE,UK,0,Digital - No Packaging,,,,,
PROD-2025-0111,Eco Baby Safety Gear Monitor,Baby,Baby Safety Gear,42198,5591235,79.12,164.68,Bol - Ingram Micro,INGRAM,8.71242E+12,"Veerweg 16, 5145 NS Waalwijk",FALSE,TRUE,TRUE,,3.36,Mixed Plastic+Cardboard,6,3.1,60,,FALSE
PROD-2025-0112,Smart Solar Powered Gadgets Bag,Eco-Friendly,Solar Powered Gadgets,97455,11353507.5,85.56,128.8,Bol - BFC Site 1,BFC1,8.71425E+12,"Mechie Trommelenweg 1, 5145 ND Waalwijk",TRUE,TRUE,TRUE,,12.26,Mixed Plastic+Cardboard,7,3,65,Cradle to Cradle,FALSE
PROD-2025-0113,Sustainable Home Office Decor Cleaner,Home & Garden,Home Office Decor,79404,13419276,134.32,176.64,Bol - BFC XL,BFCXL,8.71425E+12,"Divisiedok 1, 3439 JM Nieuwegein",FALSE,TRUE,TRUE,,162.75,Recyclable Cardboard,3,,25,,FALSE
PROD-2025-0114,Aura Baby Safety Gear Swaddle,Baby,Baby Safety Gear,12520,744940,41.4,68.08,Bol - BFC Site 2,BFC2,8.71425E+12,"Mechie Trommelenweg 1, 5145 ND Waalwijk",FALSE,TRUE,TRUE,China,2.47,Recyclable Cardboard,3,3.9,8,,FALSE
PROD-2025-0115,Eco Zero-waste Kits Straws,Eco-Friendly,Zero-waste Kits,77930,8221615,53.36,140.76,Bol - BFC Site 2,BFC2,8.71425E+12,"Mechie Trommelenweg 1, 5145 ND Waalwijk",FALSE,TRUE,TRUE,Denmark,15.83,Recyclable Cardboard,8,,,,
PROD-2025-0116,Smart Pet Grooming Tools Brush,Pet,Pet Grooming Tools,61845,8967525,102.12,164.68,Bol - BFC Site 2,BFC2,8.71425E+12,"Mechie Trommelenweg 1, 5145 ND Waalwijk",FALSE,FALSE,TRUE,Netherlands,2.18,,,,72,,FALSE
PROD-2025-0117,Pro Eco-friendly Cleaning Desk,Home & Garden,Eco-friendly Cleaning,15049,1693012.5,60.72,146.28,Bol - BFC XL,BFCXL,8.71425E+12,"Divisiedok 1, 3439 JM Nieuwegein",FALSE,FALSE,TRUE,Germany,60.23,Foam + Plastic,,,43,,FALSE
PROD-2025-0118,Ergonomic Hair Care Tools Perfume,Beauty & Skincare,Hair Care Tools,92486,8369983,64.4,102.12,Bol - BFC Site 2,BFC2,8.71425E+12,"Mechie Trommelenweg 1, 5145 ND Waalwijk",FALSE,FALSE,TRUE,South Korea,8.38,Plastic,,0.5,,Fair Trade,FALSE
PROD-2025-0119,Pure E-books Bundle,Digital Goods,E-books,82043,14644675.5,120.52,207.92,Bol - BFC Site 2,BFC2,8.71425E+12,"Mechie Trommelenweg 1, 5145 ND Waalwijk",FALSE,FALSE,FALSE,,0,Digital - No Packaging,,,,,
PROD-2025-0120,Swift Sustainable Apparel Dress,Fashion,Sustainable Apparel,27671,4883931.5,124.2,200.56,Bol - BFC Site 2,BFC2,8.71425E+12,"Mechie Trommelenweg 1, 5145 ND Waalwijk",FALSE,TRUE,TRUE,Bangladesh,,Plastic,,,,,FALSE
PROD-2025-0121,Ultra Pet Grooming Tools Shampoo,Pet,Pet Grooming Tools,29459,2165236.5,27.6,107.64,Bol - BFC XL 2,BFCXL2,8.71425E+12,"Rietgraaf 10, 6678 PJ Oosterhout",FALSE,TRUE,TRUE,Netherlands,13.36,Plastic,,,78,,FALSE
PROD-2025-0122,Sustainable Wearable Tech Hub,Electronics,Wearable Tech,13240,1158500,46.92,114.08,Bol - Ingram Micro,INGRAM,8.71242E+12,"Veerweg 16, 5145 NS Waalwijk",FALSE,TRUE,TRUE,Taiwan,,Biodegradable,,9,,,FALSE
PROD-2025-0123,Portable Yoga Gear Roller,Fitness,Yoga Gear,85921,12415584.5,103.96,161.92,Bol - BFC XL 2,BFCXL2,8.71425E+12,"Rietgraaf 10, 6678 PJ Oosterhout",FALSE,TRUE,TRUE,USA,17.75,Plastic,5,,37,EU Ecolabel,FALSE
PROD-2025-0124,Flex Charging Solutions Speaker,Electronics,Charging Solutions,71888,7080968,60.72,120.52,Bol - BFC Site 1,BFC1,8.71425E+12,"Mechie Trommelenweg 1, 5145 ND Waalwijk",FALSE,FALSE,TRUE,China,92.06,Recyclable Cardboard,6,,,,FALSE
PROD-2025-0125,Zen Sustainable Apparel Leggings,Fashion,Sustainable Apparel,102116,14551530,103.96,158.24,Bol - BFC XL 2,BFCXL2,8.71425E+12,"Rietgraaf 10, 6678 PJ Oosterhout",FALSE,TRUE,TRUE,,35.56,,,,,,FALSE
PROD-2025-0126,Premium Recovery Tools Band,Fitness,Recovery Tools,86013,6149929.5,45.08,86.48,Bol - BFC Site 1,BFC1,8.71425E+12,"Mechie Trommelenweg 1, 5145 ND Waalwijk",FALSE,TRUE,TRUE,China,,Biodegradable,6,11.2,32,,FALSE
PROD-2025-0127,Smart Pet Apparel Carrier,Pet,Pet Apparel,42410,2290140,28.52,70.84,Bol - BFC Site 2,BFC2,8.71425E+12,"Mechie Trommelenweg 1, 5145 ND Waalwijk",FALSE,TRUE,TRUE,China,18.15,Mixed Plastic+Cardboard,,2.8,79,,FALSE
PROD-2025-0128,Smart Smart Home Devices Stand,Electronics,Smart Home Devices,62175,7740787.5,91.08,138,Bol - Ingram Micro,INGRAM,8.71242E+12,"Veerweg 16, 5145 NS Waalwijk",FALSE,TRUE,TRUE,China,87.42,,,,,,FALSE
PROD-2025-0129,Ergonomic Accessories Scarf,Fashion,Accessories,50542,5559620,69,133.4,Bol - BFC Site 2,BFC2,8.71425E+12,"Mechie Trommelenweg 1, 5145 ND Waalwijk",TRUE,TRUE,TRUE,Portugal,16.49,Recyclable Cardboard,4,,62,,FALSE
PROD-2025-0130,Glow Smart Fitness Trackers Bottle,Fitness,Smart Fitness Trackers,234229,32909174.5,87.4,171.12,Bol - BFC XL,BFCXL,8.71425E+12,"Divisiedok 1, 3439 JM Nieuwegein",FALSE,TRUE,TRUE,China,55.24,Plastic,,,,,FALSE
PROD-2025-0131,Wireless Baby Safety Gear Pacifier,Baby,Baby Safety Gear,35341,3251372,77.28,92,Bol - BFC Site 1,BFC1,8.71425E+12,"Mechie Trommelenweg 1, 5145 ND Waalwijk",FALSE,TRUE,TRUE,USA,,Plastic,1,,,,FALSE
PROD-2025-0132,Minimalist Eco-friendly Diapers Pacifier,Baby,Eco-friendly Diapers,72180,5124780,25.76,104.88,Bol - BFC Site 1,BFC1,8.71425E+12,"Mechie Trommelenweg 1, 5145 ND Waalwijk",TRUE,TRUE,TRUE,China,23.73,,2,3.9,,,FALSE
PROD-2025-0133,Sustainable Footwear Bag,Fashion,Footwear,75190,8082925,92,105.8,Bol - BFC Site 1,BFC1,8.71425E+12,"Mechie Trommelenweg 1, 5145 ND Waalwijk",FALSE,TRUE,TRUE,Bangladesh,44.35,Mixed Plastic+Cardboard,4,,,,FALSE
PROD-2025-0134,Swift Pet Grooming Tools Carrier,Pet,Pet Grooming Tools,41391,3000847.5,41.4,92,Bol - BFC Site 1,BFC1,8.71425E+12,"Mechie Trommelenweg 1, 5145 ND Waalwijk",FALSE,TRUE,TRUE,China,,Recyclable Cardboard,1,4.9,22,,FALSE
PROD-2025-0135,Organic Kitchen Gadgets Vacuum,Home & Garden,Kitchen Gadgets,355307,19719538.5,45.08,57.04,Bol - BFC Site 1,BFC1,8.71425E+12,"Mechie Trommelenweg 1, 5145 ND Waalwijk",FALSE,TRUE,TRUE,Italy,,Mixed Plastic+Cardboard,,,80,,FALSE
PROD-2025-0136,Pro Indoor Plants Accessories Planter,Home & Garden,Indoor Plants Accessories,74700,11354400,115,164.68,Bol - BFC Site 2,BFC2,8.71425E+12,"Mechie Trommelenweg 1, 5145 ND Waalwijk",FALSE,TRUE,TRUE,Poland,,Mixed Plastic+Cardboard,,8.1,75,,FALSE
PROD-2025-0137,Ultra Upcycled Fashion Composter,Eco-Friendly,Upcycled Fashion,417581,80593133,131.56,223.56,Bol - BFC Site 2,BFC2,8.71425E+12,"Mechie Trommelenweg 1, 5145 ND Waalwijk",FALSE,TRUE,TRUE,Denmark,30.7,Recyclable Cardboard,,,87,,FALSE
PROD-2025-0138,Nano Phone Accessories Speaker,Electronics,Phone Accessories,59288,3735144,19.32,96.6,Bol - Ingram Micro,INGRAM,8.71242E+12,"Veerweg 16, 5145 NS Waalwijk",FALSE,TRUE,TRUE,Japan,168.83,Plastic,8,5.9,,Cradle to Cradle,FALSE
PROD-2025-0139,Sustainable Womenswear Sunglasses,Fashion,Womenswear,87866,13794962,115.92,172.96,Bol - BFC XL 2,BFCXL2,8.71425E+12,"Rietgraaf 10, 6678 PJ Oosterhout",FALSE,FALSE,TRUE,,,Foam + Plastic,1,4.4,,EU Ecolabel,FALSE
PROD-2025-0140,Swift Interactive Pet Toys Carrier,Pet,Interactive Pet Toys,472387,55977859.5,90.16,127.88,Bol - BFC Site 2,BFC2,8.71425E+12,"Mechie Trommelenweg 1, 5145 ND Waalwijk",FALSE,TRUE,TRUE,USA,,Recyclable Cardboard,3,2.1,60,,
PROD-2025-0141,Minimalist E-books Asset,Digital Goods,E-books,92778,7886130,39.56,116.84,Bol - Ingram Micro,INGRAM,8.71242E+12,"Veerweg 16, 5145 NS Waalwijk",FALSE,FALSE,FALSE,,0,Digital - No Packaging,,,,,
PROD-2025-0142,Swift Activewear Shorts,Fitness,Activewear,72087,5046090,34.04,94.76,Bol - BFC XL,BFCXL,8.71425E+12,"Divisiedok 1, 3439 JM Nieuwegein",FALSE,TRUE,TRUE,China,58.68,Plastic,3,10.7,16,,FALSE
PROD-2025-0143,Minimalist Home Gym Equipment Shorts,Fitness,Home Gym Equipment,80512,9339392,92,121.44,Bol - BFC XL,BFCXL,8.71425E+12,"Divisiedok 1, 3439 JM Nieuwegein",FALSE,TRUE,TRUE,USA,97.85,Minimal Packaging,4,,77,,
PROD-2025-0144,Luxe Pet Grooming Tools Bowl,Pet,Pet Grooming Tools,73220,9994530,110.4,140.76,Bol - Ingram Micro,INGRAM,8.71242E+12,"Veerweg 16, 5145 NS Waalwijk",FALSE,FALSE,TRUE,China,6.98,Mixed Plastic+Cardboard,4,2.2,77,,FALSE
PROD-2025-0145,Ultra Activewear Roller,Fitness,Activewear,350368,17868768,34.96,58.88,Bol - BFC XL 2,BFCXL2,8.71425E+12,"Rietgraaf 10, 6678 PJ Oosterhout",FALSE,FALSE,TRUE,USA,10.1,Minimal Packaging,,11.6,,EU Ecolabel,FALSE
PROD-2025-0146,Zen Smart Lighting Shelf,Home & Garden,Smart Lighting,58685,1965947.5,22.08,39.56,Bol - BFC XL,BFCXL,8.71425E+12,"Divisiedok 1, 3439 JM Nieuwegein",FALSE,FALSE,TRUE,Germany,26.28,Biodegradable,2,,,Cradle to Cradle,FALSE
PROD-2025-0147,Swift Pet Grooming Tools Leash,Pet,Pet Grooming Tools,77305,5952485,34.96,106.72,Bol - Ingram Micro,INGRAM,8.71242E+12,"Veerweg 16, 5145 NS Waalwijk",FALSE,TRUE,TRUE,China,,Mixed Plastic+Cardboard,1,,,,FALSE
PROD-2025-0148,Vital Phone Accessories Power Bank,Electronics,Phone Accessories,77120,6516640,62.56,92.92,Bol - Ingram Micro,INGRAM,8.71242E+12,"Veerweg 16, 5145 NS Waalwijk",FALSE,TRUE,TRUE,,227.72,Mixed Plastic+Cardboard,,,,,TRUE
PROD-2025-0149,Zen Hair Care Tools Dryer,Beauty & Skincare,Hair Care Tools,11017,1459752.5,84.64,159.16,Bol - BFC Site 1,BFC1,8.71425E+12,"Mechie Trommelenweg 1, 5145 ND Waalwijk",FALSE,TRUE,TRUE,France,9.11,Recyclable Cardboard,,0.8,47,,FALSE
PROD-2025-0150,Pro Pet Apparel Carrier,Pet,Pet Apparel,471871,65354133.5,115.92,138.92,Bol - BFC Site 2,BFC2,8.71425E+12,"Mechie Trommelenweg 1, 5145 ND Waalwijk",FALSE,TRUE,TRUE,Germany,4.38,Plastic,4,4.1,,,FALSE
PROD-2025-0151,Nano Yoga Gear Bench,Fitness,Yoga Gear,34022,5681674,111.32,195.96,Bol - BFC XL 2,BFCXL2,8.71425E+12,"Rietgraaf 10, 6678 PJ Oosterhout",FALSE,FALSE,TRUE,,7.56,Foam + Plastic,,10.5,,,FALSE
PROD-2025-0152,Pro E-books Course,Digital Goods,E-books,38460,3769080,76.36,103.96,Bol - BFC Site 1,BFC1,8.71425E+12,"Mechie Trommelenweg 1, 5145 ND Waalwijk",FALSE,FALSE,FALSE,USA,0,Digital - No Packaging,,,,,
PROD-2025-0153,Portable Interactive Pet Toys Brush,Pet,Interactive Pet Toys,88167,12387463.5,99.36,159.16,Bol - BFC Site 1,BFC1,8.71425E+12,"Mechie Trommelenweg 1, 5145 ND Waalwijk",FALSE,FALSE,TRUE,USA,17.52,Recyclable Cardboard,5,4.7,,,FALSE
PROD-2025-0154,Organic Portable Audio Adapter,Electronics,Portable Audio,53426,2751439,28.52,66.24,Bol - BFC Site 1,BFC1,8.71425E+12,"Mechie Trommelenweg 1, 5145 ND Waalwijk",FALSE,FALSE,TRUE,USA,202.11,,,,76,,FALSE
PROD-2025-0155,Wireless Home Office Decor Vacuum,Home & Garden,Home Office Decor,61633,6841263,60.72,143.52,Bol - BFC XL 2,BFCXL2,8.71425E+12,"Rietgraaf 10, 6678 PJ Oosterhout",FALSE,TRUE,TRUE,China,,Foam + Plastic,,7.1,,,FALSE
PROD-2025-0156,Luxe Menswear Jacket,Fashion,Menswear,24608,2350064,59.8,115.92,Bol - BFC Site 2,BFC2,8.71425E+12,"Mechie Trommelenweg 1, 5145 ND Waalwijk",FALSE,FALSE,TRUE,India,8.41,Mixed Plastic+Cardboard,2,4,75,,FALSE
PROD-2025-0157,Flex SaaS Subscriptions Tool,Digital Goods,SaaS Subscriptions,84832,7677296,63.48,103.04,Bol - BFC Site 1,BFC1,8.71425E+12,"Mechie Trommelenweg 1, 5145 ND Waalwijk",FALSE,FALSE,FALSE,USA,0,Digital - No Packaging,,,,,
PROD-2025-0158,Flex Menswear T-Shirt,Fashion,Menswear,64421,7891572.5,76.36,149.04,Bol - Ingram Micro,INGRAM,8.71242E+12,"Veerweg 16, 5145 NS Waalwijk",FALSE,TRUE,TRUE,India,12.67,Minimal Packaging,,,28,,
PROD-2025-0159,Swift Digital Planners Bundle,Digital Goods,Digital Planners,19171,3048189,122.36,170.2,Bol - BFC Site 1,BFC1,8.71425E+12,"Mechie Trommelenweg 1, 5145 ND Waalwijk",FALSE,FALSE,FALSE,USA,0,Digital - No Packaging,,,,,
PROD-2025-0160,Luxe Organic Makeup Perfume,Beauty & Skincare,Organic Makeup,55975,4114162.5,64.4,70.84,Bol - BFC Site 1,BFC1,8.71425E+12,"Mechie Trommelenweg 1, 5145 ND Waalwijk",FALSE,TRUE,TRUE,USA,,Minimal Packaging,1,0.8,,,FALSE
PROD-2025-0161,Organic Solar Powered Gadgets Straws,Eco-Friendly,Solar Powered Gadgets,47769,6520468.5,123.28,127.88,Bol - BFC Site 1,BFC1,8.71425E+12,"Mechie Trommelenweg 1, 5145 ND Waalwijk",FALSE,FALSE,TRUE,Denmark,37.3,Recyclable Cardboard,,,16,Cradle to Cradle,
PROD-2025-0162,Portable Organic Makeup Mask,Beauty & Skincare,Organic Makeup,61469,2796839.5,29.44,54.28,Bol - BFC Site 1,BFC1,8.71425E+12,"Mechie Trommelenweg 1, 5145 ND Waalwijk",FALSE,FALSE,TRUE,USA,6.94,Mixed Plastic+Cardboard,2,,,Cradle to Cradle,FALSE
PROD-2025-0163,Ultra Recovery Tools Scale,Fitness,Recovery Tools,66834,6182145,52.44,117.76,Bol - BFC XL 2,BFCXL2,8.71425E+12,"Rietgraaf 10, 6678 PJ Oosterhout",FALSE,TRUE,TRUE,,83.21,Minimal Packaging,,7.9,18,,FALSE
PROD-2025-0164,Ultra Smart Lighting Organizer,Home & Garden,Smart Lighting,98079,10396374,70.84,124.2,Bol - Ingram Micro,INGRAM,8.71242E+12,"Veerweg 16, 5145 NS Waalwijk",FALSE,FALSE,TRUE,,32.3,Plastic,7,,59,,
PROD-2025-0165,Organic Pet Apparel Leash,Pet,Pet Apparel,17871,679098,16.56,53.36,Bol - BFC Site 1,BFC1,8.71425E+12,"Mechie Trommelenweg 1, 5145 ND Waalwijk",FALSE,TRUE,TRUE,China,7.15,Plastic,,4.9,17,,FALSE
PROD-2025-0166,Nano Digital Planners Tool,Digital Goods,Digital Planners,87302,3142872,9.2,57.04,Bol - Ingram Micro,INGRAM,8.71242E+12,"Veerweg 16, 5145 NS Waalwijk",FALSE,FALSE,FALSE,Netherlands,0,Digital - No Packaging,,,,Energy Star,
PROD-2025-0167,Portable E-books Template,Digital Goods,E-books,80824,4243260,43.24,53.36,Bol - BFC Site 1,BFC1,8.71425E+12,"Mechie Trommelenweg 1, 5145 ND Waalwijk",FALSE,FALSE,FALSE,USA,0,Digital - No Packaging,,,,,
PROD-2025-0168,Wireless Online Courses Tool,Digital Goods,Online Courses,236829,32445573,83.72,168.36,Bol - BFC Site 1,BFC1,8.71425E+12,"Mechie Trommelenweg 1, 5145 ND Waalwijk",FALSE,FALSE,FALSE,Netherlands,0,Digital - No Packaging,,,,,
PROD-2025-0169,Smart Indoor Plants Accessories Mug,Home & Garden,Indoor Plants Accessories,10209,387942,25.76,44.16,Bol - BFC Site 1,BFC1,8.71425E+12,"Mechie Trommelenweg 1, 5145 ND Waalwijk",FALSE,FALSE,TRUE,Germany,176.69,Mixed Plastic+Cardboard,8,16,63,,FALSE
PROD-2025-0170,Ultra Online Courses Guide,Digital Goods,Online Courses,41250,6022500,130.64,138,Bol - BFC Site 1,BFC1,8.71425E+12,"Mechie Trommelenweg 1, 5145 ND Waalwijk",FALSE,FALSE,FALSE,Germany,0,Digital - No Packaging,,,,,
PROD-2025-0171,Luxe Fragrances Oil,Beauty & Skincare,Fragrances,37811,4820902.5,92.92,141.68,Bol - BFC Site 1,BFC1,8.71425E+12,"Mechie Trommelenweg 1, 5145 ND Waalwijk",FALSE,TRUE,TRUE,,11.93,Biodegradable,,1.7,,Cradle to Cradle,FALSE
PROD-2025-0172,Zen Kitchen Gadgets Planter,Home & Garden,Kitchen Gadgets,65453,8279804.5,72.68,160.08,Bol - BFC XL,BFCXL,8.71425E+12,"Divisiedok 1, 3439 JM Nieuwegein",FALSE,FALSE,TRUE,China,176.55,,2,,26,,FALSE
PROD-2025-0173,Wireless Zero-waste Kits Bottle,Eco-Friendly,Zero-waste Kits,14560,2111200,115.92,150.88,Bol - BFC Site 2,BFC2,8.71425E+12,"Mechie Trommelenweg 1, 5145 ND Waalwijk",FALSE,TRUE,TRUE,,,,7,2.1,92,FSC Certified,FALSE
PROD-2025-0174,Minimalist Fragrances Dryer,Beauty & Skincare,Fragrances,122750,10249625,33.12,120.52,Bol - Ingram Micro,INGRAM,8.71242E+12,"Veerweg 16, 5145 NS Waalwijk",FALSE,TRUE,TRUE,South Korea,12.29,Mixed Plastic+Cardboard,1,0.2,61,,FALSE
PROD-2025-0175,Portable Portable Audio Case,Electronics,Portable Audio,62924,10885852,133.4,184.92,Bol - BFC XL,BFCXL,8.71425E+12,"Divisiedok 1, 3439 JM Nieuwegein",FALSE,TRUE,TRUE,,47.9,,5,4.5,,,
PROD-2025-0176,Eco Organic Pet Food Collar,Pet,Organic Pet Food,94942,4984455,13.8,82.8,Bol - BFC Site 2,BFC2,8.71425E+12,"Mechie Trommelenweg 1, 5145 ND Waalwijk",FALSE,FALSE,TRUE,Germany,13.51,Mixed Plastic+Cardboard,4,,,,FALSE
PROD-2025-0177,Ultra Home Gym Equipment Bottle,Fitness,Home Gym Equipment,78871,10884198,124.2,129.72,Bol - BFC XL,BFCXL,8.71425E+12,"Divisiedok 1, 3439 JM Nieuwegein",FALSE,TRUE,TRUE,Germany,17.54,Mixed Plastic+Cardboard,4,11.6,7,EU Ecolabel,FALSE
PROD-2025-0178,Sustainable Digital Planners App,Digital Goods,Digital Planners,66020,5842770,76.36,86.48,Bol - BFC XL,BFCXL,8.71425E+12,"Divisiedok 1, 3439 JM Nieuwegein",FALSE,FALSE,FALSE,USA,0,Digital - No Packaging,,,,,
PROD-2025-0179,Wireless Athleisure Jacket,Fashion,Athleisure,73624,3718012,36.8,56.12,Bol - BFC Site 1,BFC1,8.71425E+12,"Mechie Trommelenweg 1, 5145 ND Waalwijk",FALSE,FALSE,TRUE,Bangladesh,,,2,2.6,13,,FALSE
PROD-2025-0180,Minimalist SaaS Subscriptions Asset,Digital Goods,SaaS Subscriptions,52116,4325628,63.48,89.24,Bol - BFC Site 1,BFC1,8.71425E+12,"Mechie Trommelenweg 1, 5145 ND Waalwijk",FALSE,FALSE,FALSE,,0,Digital - No Packaging,,,,Energy Star,
PROD-2025-0181,Premium Menswear Sunglasses,Fashion,Menswear,10491,1626105,119.6,165.6,Bol - BFC Site 2,BFC2,8.71425E+12,"Mechie Trommelenweg 1, 5145 ND Waalwijk",TRUE,TRUE,TRUE,China,,,,,49,,FALSE
PROD-2025-0182,Nano Eco-friendly Cleaning Diffuser,Home & Garden,Eco-friendly Cleaning,49901,9456239.5,135.24,213.44,Bol - BFC Site 1,BFC1,8.71425E+12,"Mechie Trommelenweg 1, 5145 ND Waalwijk",FALSE,TRUE,TRUE,Germany,,Plastic,,13.6,,,FALSE
PROD-2025-0183,Swift Reusable Packaging Kit,Eco-Friendly,Reusable Packaging,39086,2442875,42.32,72.68,Bol - BFC Site 2,BFC2,8.71425E+12,"Mechie Trommelenweg 1, 5145 ND Waalwijk",FALSE,TRUE,TRUE,,9.91,Recyclable Cardboard,4,,,EU Ecolabel,TRUE
PROD-2025-0184,Ultra Womenswear Hoodie,Fashion,Womenswear,70472,9936552,92,167.44,Bol - BFC XL,BFCXL,8.71425E+12,"Divisiedok 1, 3439 JM Nieuwegein",FALSE,FALSE,TRUE,,,Plastic,5,,11,,FALSE
PROD-2025-0185,Pro Korean Skincare Lotion,Beauty & Skincare,Korean Skincare,16535,2538122.5,124.2,158.24,Bol - BFC XL 2,BFCXL2,8.71425E+12,"Rietgraaf 10, 6678 PJ Oosterhout",TRUE,TRUE,TRUE,South Korea,5.25,Recyclable Cardboard,,0.7,64,,FALSE
PROD-2025-0186,Organic Biodegradable Products Bottle,Eco-Friendly,Biodegradable Products,82130,11785655,88.32,175.72,Bol - BFC Site 2,BFC2,8.71425E+12,"Mechie Trommelenweg 1, 5145 ND Waalwijk",FALSE,TRUE,TRUE,Netherlands,108.74,Biodegradable,,,64,EU Ecolabel,FALSE
PROD-2025-0187,Minimalist Smart Lighting Blender,Home & Garden,Smart Lighting,43539,1349709,15.64,41.4,Bol - BFC XL,BFCXL,8.71425E+12,"Divisiedok 1, 3439 JM Nieuwegein",TRUE,TRUE,TRUE,Germany,,Minimal Packaging,7,11.9,79,,
PROD-2025-0188,Organic Activewear Band,Fitness,Activewear,348358,56259817,125.12,172.04,Bol - BFC XL 2,BFCXL2,8.71425E+12,"Rietgraaf 10, 6678 PJ Oosterhout",TRUE,TRUE,TRUE,China,27.49,Plastic,5,,,,FALSE
PROD-2025-0189,Premium Kitchen Gadgets Desk,Home & Garden,Kitchen Gadgets,86143,5168580,25.76,84.64,Bol - BFC XL,BFCXL,8.71425E+12,"Divisiedok 1, 3439 JM Nieuwegein",FALSE,TRUE,TRUE,Netherlands,193.28,Plastic,,,,,TRUE
PROD-2025-0190,Nano Eco-friendly Diapers Crib,Baby,Eco-friendly Diapers,58251,1864032,9.2,49.68,Bol - BFC Site 1,BFC1,8.71425E+12,"Mechie Trommelenweg 1, 5145 ND Waalwijk",FALSE,TRUE,TRUE,China,9.28,Recyclable Cardboard,4,3.2,,,FALSE
PROD-2025-0191,Ultra Smart Fitness Trackers Bottle,Fitness,Smart Fitness Trackers,79734,13913583,132.48,188.6,Bol - BFC Site 1,BFC1,8.71425E+12,"Mechie Trommelenweg 1, 5145 ND Waalwijk",FALSE,TRUE,TRUE,,70.2,Recyclable Cardboard,3,,,,
PROD-2025-0192,Ergonomic Organic Pet Food Leash,Pet,Organic Pet Food,109179,7806298.5,30.36,101.2,Bol - BFC XL 2,BFCXL2,8.71425E+12,"Rietgraaf 10, 6678 PJ Oosterhout",FALSE,TRUE,TRUE,,4.19,Minimal Packaging,1,,,,FALSE
PROD-2025-0193,Zen Home Gym Equipment Bench,Fitness,Home Gym Equipment,98425,6249987.5,25.76,91.08,Bol - BFC XL,BFCXL,8.71425E+12,"Divisiedok 1, 3439 JM Nieuwegein",FALSE,FALSE,TRUE,USA,88.86,Recyclable Cardboard,6,,72,,FALSE
PROD-2025-0194,Aura Eco-friendly Cleaning Vacuum,Home & Garden,Eco-friendly Cleaning,51762,7143156,109.48,144.44,Bol - Ingram Micro,INGRAM,8.71242E+12,"Veerweg 16, 5145 NS Waalwijk",FALSE,FALSE,TRUE,Germany,117.47,Plastic,,5.4,40,,FALSE
PROD-2025-0195,Premium Smart Baby Monitors Diaper,Baby,Smart Baby Monitors,68410,7046230,89.24,100.28,Bol - BFC Site 2,BFC2,8.71425E+12,"Mechie Trommelenweg 1, 5145 ND Waalwijk",FALSE,FALSE,TRUE,,9.46,Foam + Plastic,,1.9,54,,FALSE
PROD-2025-0196,Minimalist Accessories Scarf,Fashion,Accessories,96778,10306857,79.12,116.84,Bol - BFC Site 1,BFC1,8.71425E+12,"Mechie Trommelenweg 1, 5145 ND Waalwijk",FALSE,FALSE,TRUE,Portugal,,Foam + Plastic,5,4.3,68,Cradle to Cradle,
PROD-2025-0197,Wireless Smart Baby Monitors Bib,Baby,Smart Baby Monitors,21359,1975707.5,73.6,96.6,Bol - Ingram Micro,INGRAM,8.71242E+12,"Veerweg 16, 5145 NS Waalwijk",FALSE,TRUE,TRUE,Germany,24.58,Recyclable Cardboard,3,,,Energy Star,
PROD-2025-0198,Zen Digital Planners Masterclass,Digital Goods,Digital Planners,319609,31801095.5,65.32,117.76,Bol - BFC Site 2,BFC2,8.71425E+12,"Mechie Trommelenweg 1, 5145 ND Waalwijk",FALSE,FALSE,FALSE,USA,0,Digital - No Packaging,,,,,
PROD-2025-0199,Ergonomic Kitchen Gadgets Planter,Home & Garden,Kitchen Gadgets,71564,1252370,9.2,23,Bol - BFC XL,BFCXL,8.71425E+12,"Divisiedok 1, 3439 JM Nieuwegein",FALSE,TRUE,TRUE,Germany,131.46,Plastic,6,18.9,33,,FALSE
PROD-2025-0200,Swift Charging Solutions Earbuds,Electronics,Charging Solutions,42535,3764347.5,64.4,98.44,Bol - Ingram Micro,INGRAM,8.71242E+12,"Veerweg 16, 5145 NS Waalwijk",FALSE,TRUE,TRUE,China,196.15,Recyclable Cardboard,,6.9,18,Energy Star,FALSE
PROD-2025-0201,Sustainable Korean Skincare Lotion,Beauty & Skincare,Korean Skincare,200881,24206160.5,86.48,135.24,Bol - BFC XL 2,BFCXL2,8.71425E+12,"Rietgraaf 10, 6678 PJ Oosterhout",FALSE,FALSE,TRUE,,9.77,Plastic,,,,,
PROD-2025-0202,Sustainable Sustainable Apparel Dress,Fashion,Sustainable Apparel,55542,7775880,109.48,148.12,Bol - Ingram Micro,INGRAM,8.71242E+12,"Veerweg 16, 5145 NS Waalwijk",FALSE,FALSE,TRUE,Portugal,20.8,Recyclable Cardboard,5,3.7,,,FALSE
PROD-2025-0203,Luxe Hair Care Tools Dryer,Beauty & Skincare,Hair Care Tools,46997,3125300.5,16.56,105.8,Bol - BFC Site 1,BFC1,8.71425E+12,"Mechie Trommelenweg 1, 5145 ND Waalwijk",FALSE,TRUE,TRUE,,11.11,Minimal Packaging,,1.3,8,,FALSE
PROD-2025-0204,Vital Smart Lighting Organizer,Home & Garden,Smart Lighting,27956,2110678,46.92,92,Bol - BFC XL,BFCXL,8.71425E+12,"Divisiedok 1, 3439 JM Nieuwegein",TRUE,TRUE,TRUE,Poland,115.28,Mixed Plastic+Cardboard,4,,,,
PROD-2025-0205,Ergonomic Korean Skincare Lipstick,Beauty & Skincare,Korean Skincare,94415,11235385,69,149.96,Bol - BFC Site 1,BFC1,8.71425E+12,"Mechie Trommelenweg 1, 5145 ND Waalwijk",FALSE,TRUE,TRUE,USA,,,,,,,FALSE
PROD-2025-0206,Aura Eco-friendly Cleaning Planter,Home & Garden,Eco-friendly Cleaning,95305,16487765,136.16,182.16,Bol - BFC XL,BFCXL,8.71425E+12,"Divisiedok 1, 3439 JM Nieuwegein",FALSE,TRUE,TRUE,,80.19,Plastic,3,13.5,,Fair Trade,FALSE
PROD-2025-0207,Organic Home Gym Equipment Dumbbell,Fitness,Home Gym Equipment,47480,3371080,51.52,79.12,Bol - BFC XL,BFCXL,8.71425E+12,"Divisiedok 1, 3439 JM Nieuwegein",FALSE,TRUE,TRUE,,54.65,Mixed Plastic+Cardboard,7,7.3,,,FALSE
PROD-2025-0208,Pure Pet Apparel Bowl,Pet,Pet Apparel,67679,10828640,106.72,187.68,Bol - BFC XL,BFCXL,8.71425E+12,"Divisiedok 1, 3439 JM Nieuwegein",FALSE,FALSE,TRUE,,4.28,Foam + Plastic,2,,,FSC Certified,FALSE
PROD-2025-0209,Luxe Activewear Bottle,Fitness,Activewear,74421,11646886.5,137.08,150.88,Bol - BFC XL,BFCXL,8.71425E+12,"Divisiedok 1, 3439 JM Nieuwegein",FALSE,FALSE,TRUE,China,57.45,Mixed Plastic+Cardboard,3,8.6,58,,
PROD-2025-0210,Sustainable Educational Toys Carrier,Baby,Educational Toys,87998,7611827,34.04,125.12,Bol - BFC Site 2,BFC2,8.71425E+12,"Mechie Trommelenweg 1, 5145 ND Waalwijk",FALSE,FALSE,TRUE,,,Biodegradable,3,2.1,78,EU Ecolabel,FALSE
PROD-2025-0211,Zen Phone Accessories Watch,Electronics,Phone Accessories,20977,4017095.5,135.24,217.12,Bol - BFC Site 1,BFC1,8.71425E+12,"Mechie Trommelenweg 1, 5145 ND Waalwijk",FALSE,TRUE,TRUE,China,,Foam + Plastic,3,,44,,FALSE
PROD-2025-0212,Zen Yoga Gear Band,Fitness,Yoga Gear,40373,4239165,51.52,141.68,Bol - BFC Site 1,BFC1,8.71425E+12,"Mechie Trommelenweg 1, 5145 ND Waalwijk",FALSE,TRUE,TRUE,China,30.59,Mixed Plastic+Cardboard,,,67,,FALSE
PROD-2025-0213,Portable Charging Solutions Speaker,Electronics,Charging Solutions,23451,1160824.5,21.16,69.92,Bol - Ingram Micro,INGRAM,8.71242E+12,"Veerweg 16, 5145 NS Waalwijk",FALSE,TRUE,TRUE,,221.64,,,8.7,,,FALSE
PROD-2025-0214,Eco Menswear T-Shirt,Fashion,Menswear,24020,3326770,100.28,154.56,Bol - BFC Site 1,BFC1,8.71425E+12,"Mechie Trommelenweg 1, 5145 ND Waalwijk",FALSE,TRUE,TRUE,Bangladesh,,Mixed Plastic+Cardboard,,3.3,,,FALSE
PROD-2025-0215,Minimalist Pet Apparel Bowl,Pet,Pet Apparel,233892,5496462,10.12,33.12,Bol - BFC Site 2,BFC2,8.71425E+12,"Mechie Trommelenweg 1, 5145 ND Waalwijk",FALSE,TRUE,TRUE,,19.33,Mixed Plastic+Cardboard,3,3.1,6,,
PROD-2025-0216,Organic Biodegradable Products Wrap,Eco-Friendly,Biodegradable Products,455906,84798516,128.8,213.44,Bol - BFC Site 1,BFC1,8.71425E+12,"Mechie Trommelenweg 1, 5145 ND Waalwijk",FALSE,TRUE,TRUE,USA,11.74,Minimal Packaging,4,7.4,65,,FALSE
PROD-2025-0217,Swift Organic Makeup Toner,Beauty & Skincare,Organic Makeup,62598,8043843,91.08,145.36,Bol - BFC XL,BFCXL,8.71425E+12,"Divisiedok 1, 3439 JM Nieuwegein",FALSE,FALSE,TRUE,Germany,5.38,Plastic,,1.9,29,,FALSE
PROD-2025-0218,Wireless SaaS Subscriptions Course,Digital Goods,SaaS Subscriptions,31406,2653807,46.92,108.56,Bol - BFC Site 2,BFC2,8.71425E+12,"Mechie Trommelenweg 1, 5145 ND Waalwijk",FALSE,FALSE,FALSE,Netherlands,0,Digital - No Packaging,,,,,
PROD-2025-0219,Zen Yoga Gear Mat,Fitness,Yoga Gear,91393,9779051,90.16,106.72,Bol - BFC XL,BFCXL,8.71425E+12,"Divisiedok 1, 3439 JM Nieuwegein",FALSE,FALSE,TRUE,China,8.36,Mixed Plastic+Cardboard,,5,65,,FALSE
PROD-2025-0220,Organic Kitchen Gadgets Lamp,Home & Garden,Kitchen Gadgets,75617,7221423.5,58.88,116.84,Bol - BFC XL 2,BFCXL2,8.71425E+12,"Rietgraaf 10, 6678 PJ Oosterhout",FALSE,TRUE,TRUE,,,Minimal Packaging,3,18.5,33,,FALSE
PROD-2025-0221,Wireless SaaS Subscriptions Bundle,Digital Goods,SaaS Subscriptions,276004,18906274,28.52,97.52,Bol - BFC Site 2,BFC2,8.71425E+12,"Mechie Trommelenweg 1, 5145 ND Waalwijk",FALSE,FALSE,FALSE,USA,0,Digital - No Packaging,,,,,
PROD-2025-0222,Pure Recovery Tools Mat,Fitness,Recovery Tools,25757,3709008,117.76,147.2,Bol - BFC XL 2,BFCXL2,8.71425E+12,"Rietgraaf 10, 6678 PJ Oosterhout",FALSE,FALSE,TRUE,Germany,,Mixed Plastic+Cardboard,6,6.7,24,,FALSE
PROD-2025-0223,Ultra Zero-waste Kits Composter,Eco-Friendly,Zero-waste Kits,87510,5513130,17.48,98.44,Bol - BFC Site 2,BFC2,8.71425E+12,"Mechie Trommelenweg 1, 5145 ND Waalwijk",FALSE,TRUE,TRUE,Sweden,25.61,Biodegradable,,,50,,FALSE
PROD-2025-0224,Portable Eco-friendly Cleaning Desk,Home & Garden,Eco-friendly Cleaning,44455,6512657.5,118.68,150.88,Bol - BFC Site 1,BFC1,8.71425E+12,"Mechie Trommelenweg 1, 5145 ND Waalwijk",FALSE,TRUE,TRUE,Netherlands,,Biodegradable,4,13,,,FALSE
PROD-2025-0225,Vital Yoga Gear Shorts,Fitness,Yoga Gear,11322,1437894,79.12,154.56,Bol - BFC XL 2,BFCXL2,8.71425E+12,"Rietgraaf 10, 6678 PJ Oosterhout",FALSE,TRUE,TRUE,China,,,6,8.4,,,FALSE
PROD-2025-0226,Smart Phone Accessories Projector,Electronics,Phone Accessories,68586,5246829,44.16,96.6,Bol - Ingram Micro,INGRAM,8.71242E+12,"Veerweg 16, 5145 NS Waalwijk",FALSE,FALSE,TRUE,China,,Recyclable Cardboard,7,3,9,,FALSE
PROD-2025-0227,Zen Educational Toys Diaper,Baby,Educational Toys,266660,21732790,49.68,100.28,Bol - BFC Site 2,BFC2,8.71425E+12,"Mechie Trommelenweg 1, 5145 ND Waalwijk",FALSE,TRUE,TRUE,,3.35,,1,2.9,,,FALSE
PROD-2025-0228,Zen Organic Baby Clothing Bib,Baby,Organic Baby Clothing,65997,10163538,101.2,182.16,Bol - BFC Site 2,BFC2,8.71425E+12,"Mechie Trommelenweg 1, 5145 ND Waalwijk",FALSE,FALSE,TRUE,,4.94,Recyclable Cardboard,,,,,FALSE
PROD-2025-0229,Sustainable Fragrances Lotion,Beauty & Skincare,Fragrances,61004,7961022,107.64,132.48,Bol - BFC Site 1,BFC1,8.71425E+12,"Mechie Trommelenweg 1, 5145 ND Waalwijk",FALSE,TRUE,TRUE,,3.51,Plastic,,1.8,68,,
PROD-2025-0230,Aura Smart Fitness Trackers Mat,Fitness,Smart Fitness Trackers,50749,7764597,115,166.52,Bol - BFC XL,BFCXL,8.71425E+12,"Divisiedok 1, 3439 JM Nieuwegein",FALSE,TRUE,TRUE,China,33.12,Recyclable Cardboard,,,,,FALSE
PROD-2025-0231,Pro Activewear Band,Fitness,Activewear,50654,7496792,114.08,158.24,Bol - BFC XL 2,BFCXL2,8.71425E+12,"Rietgraaf 10, 6678 PJ Oosterhout",TRUE,TRUE,TRUE,USA,,Plastic,3,,,,FALSE
PROD-2025-0232,Swift E-books Tool,Digital Goods,E-books,94337,15235425.5,105.8,191.36,Bol - BFC Site 2,BFC2,8.71425E+12,"Mechie Trommelenweg 1, 5145 ND Waalwijk",FALSE,FALSE,FALSE,USA,0,Digital - No Packaging,,,,,
PROD-2025-0233,Zen Yoga Gear Gloves,Fitness,Yoga Gear,93403,5183866.5,41.4,60.72,Bol - BFC XL 2,BFCXL2,8.71425E+12,"Rietgraaf 10, 6678 PJ Oosterhout",FALSE,TRUE,TRUE,Germany,14.85,Mixed Plastic+Cardboard,6,,,,
PROD-2025-0234,Ergonomic E-books Template,Digital Goods,E-books,52346,4711140,44.16,121.44,Bol - BFC Site 2,BFC2,8.71425E+12,"Mechie Trommelenweg 1, 5145 ND Waalwijk",FALSE,FALSE,FALSE,UK,0,Digital - No Packaging,,,,,
PROD-2025-0235,Luxe SaaS Subscriptions Tool,Digital Goods,SaaS Subscriptions,77908,13867624,137.08,190.44,Bol - BFC XL,BFCXL,8.71425E+12,"Divisiedok 1, 3439 JM Nieuwegein",FALSE,FALSE,FALSE,,0,Digital - No Packaging,,,,,
PROD-2025-0236,Vital Smart Baby Monitors Diaper,Baby,Smart Baby Monitors,59382,4245813,34.04,97.52,Bol - Ingram Micro,INGRAM,8.71242E+12,"Veerweg 16, 5145 NS Waalwijk",FALSE,TRUE,TRUE,China,18.15,Foam + Plastic,3,3.8,60,,FALSE
PROD-2025-0237,Eco Solar Powered Gadgets Kit,Eco-Friendly,Solar Powered Gadgets,94165,11393965,106.72,115.92,Bol - BFC Site 1,BFC1,8.71425E+12,"Mechie Trommelenweg 1, 5145 ND Waalwijk",FALSE,FALSE,TRUE,Netherlands,34.1,Minimal Packaging,,3.9,43,Energy Star,TRUE
PROD-2025-0238,Smart Online Courses Guide,Digital Goods,Online Courses,54941,3159107.5,36.8,69,Bol - BFC Site 1,BFC1,8.71425E+12,"Mechie Trommelenweg 1, 5145 ND Waalwijk",FALSE,FALSE,FALSE,USA,0,Digital - No Packaging,,,,,
PROD-2025-0239,Eco Baby Safety Gear Monitor,Baby,Baby Safety Gear,18849,2111088,91.08,115,Bol - BFC Site 1,BFC1,8.71425E+12,"Mechie Trommelenweg 1, 5145 ND Waalwijk",FALSE,FALSE,TRUE,,3,Minimal Packaging,5,4.6,63,,
PROD-2025-0240,Organic Eco-friendly Cleaning Blender,Home & Garden,Eco-friendly Cleaning,361775,30750875,36.8,119.6,Bol - BFC Site 2,BFC2,8.71425E+12,"Mechie Trommelenweg 1, 5145 ND Waalwijk",FALSE,TRUE,TRUE,Netherlands,146.02,,3,,,,FALSE
PROD-2025-0241,Nano Hair Care Tools Mask,Beauty & Skincare,Hair Care Tools,23519,1552254,50.6,70.84,Bol - BFC Site 1,BFC1,8.71425E+12,"Mechie Trommelenweg 1, 5145 ND Waalwijk",FALSE,TRUE,TRUE,Germany,4.19,Recyclable Cardboard,2,1.6,18,EU Ecolabel,FALSE
PROD-2025-0242,Vital Organic Pet Food Toy,Pet,Organic Pet Food,73412,9176500,93.84,136.16,Bol - BFC Site 1,BFC1,8.71425E+12,"Mechie Trommelenweg 1, 5145 ND Waalwijk",FALSE,TRUE,TRUE,USA,1.08,Mixed Plastic+Cardboard,5,3,27,Cradle to Cradle,FALSE
PROD-2025-0243,Ergonomic Home Gym Equipment Tracker,Fitness,Home Gym Equipment,80064,9527616,99.36,119.6,Bol - BFC XL,BFCXL,8.71425E+12,"Divisiedok 1, 3439 JM Nieuwegein",FALSE,TRUE,TRUE,China,70.79,Plastic,,,22,,FALSE
PROD-2025-0244,Pure Eco-friendly Diapers Crib,Baby,Eco-friendly Diapers,26979,4019871,116.84,157.32,Bol - BFC Site 1,BFC1,8.71425E+12,"Mechie Trommelenweg 1, 5145 ND Waalwijk",FALSE,FALSE,TRUE,Denmark,7.62,Plastic,,4.9,27,,FALSE
PROD-2025-0245,Wireless Eco-friendly Diapers Monitor,Baby,Eco-friendly Diapers,12856,739220,47.84,57.96,Bol - BFC Site 1,BFC1,8.71425E+12,"Mechie Trommelenweg 1, 5145 ND Waalwijk",FALSE,FALSE,TRUE,China,25.56,Minimal Packaging,5,,,,
PROD-2025-0246,Luxe Recovery Tools Band,Fitness,Recovery Tools,28168,4464628,108.56,183.08,Bol - BFC Site 2,BFC2,8.71425E+12,"Mechie Trommelenweg 1, 5145 ND Waalwijk",FALSE,FALSE,TRUE,China,,Plastic,5,3.9,76,,FALSE
PROD-2025-0247,Organic Organic Makeup Lotion,Beauty & Skincare,Organic Makeup,48447,5862087,108.56,114.08,Bol - BFC Site 2,BFC2,8.71425E+12,"Mechie Trommelenweg 1, 5145 ND Waalwijk",FALSE,TRUE,TRUE,China,14.37,Plastic,1,0.6,61,,FALSE
PROD-2025-0248,Portable Footwear Leggings,Fashion,Footwear,31369,5207254,112.24,193.2,Bol - BFC Site 2,BFC2,8.71425E+12,"Mechie Trommelenweg 1, 5145 ND Waalwijk",FALSE,FALSE,TRUE,Portugal,,Mixed Plastic+Cardboard,,,53,,FALSE
PROD-2025-0249,Pure Recovery Tools Band,Fitness,Recovery Tools,483097,80435650.5,115,191.36,Bol - BFC Site 1,BFC1,8.71425E+12,"Mechie Trommelenweg 1, 5145 ND Waalwijk",FALSE,TRUE,TRUE,Germany,,Mixed Plastic+Cardboard,7,5.7,75,,FALSE
PROD-2025-0250,Eco Upcycled Fashion Sponge,Eco-Friendly,Upcycled Fashion,25850,3812875,98.44,172.96,Bol - BFC Site 1,BFC1,8.71425E+12,"Mechie Trommelenweg 1, 5145 ND Waalwijk",FALSE,TRUE,TRUE,Germany,9.63,Recyclable Cardboard,4,6.9,75,EU Ecolabel,FALSE
PROD-2025-0251,Pro Personal Care Gadgets Mask,Beauty & Skincare,Personal Care Gadgets,25692,2055360,61.64,85.56,Bol - BFC XL 2,BFCXL2,8.71425E+12,"Rietgraaf 10, 6678 PJ Oosterhout",FALSE,FALSE,TRUE,Germany,13.78,Plastic,3,,52,,FALSE
PROD-2025-0252,Aura Fragrances Cleanser,Beauty & Skincare,Fragrances,92170,8387470,70.84,96.6,Bol - BFC Site 2,BFC2,8.71425E+12,"Mechie Trommelenweg 1, 5145 ND Waalwijk",FALSE,TRUE,TRUE,,11.71,Mixed Plastic+Cardboard,,0.6,18,,FALSE
PROD-2025-0253,Zen Eco-friendly Cleaning Blender,Home & Garden,Eco-friendly Cleaning,98644,6115928,30.36,83.72,Bol - BFC XL 2,BFCXL2,8.71425E+12,"Rietgraaf 10, 6678 PJ Oosterhout",FALSE,FALSE,TRUE,,14.51,Recyclable Cardboard,,,,,FALSE
PROD-2025-0254,Eco Organic Baby Clothing Monitor,Baby,Organic Baby Clothing,24876,3134376,69.92,161.92,Bol - BFC Site 1,BFC1,8.71425E+12,"Mechie Trommelenweg 1, 5145 ND Waalwijk",FALSE,TRUE,TRUE,Germany,,,1,3.3,14,,FALSE
PROD-2025-0255,Flex Smart Home Devices Earbuds,Electronics,Smart Home Devices,34664,2669128,58.88,82.8,Bol - BFC Site 1,BFC1,8.71425E+12,"Mechie Trommelenweg 1, 5145 ND Waalwijk",FALSE,TRUE,TRUE,China,22.24,Plastic,9,6.4,23,,FALSE
PROD-2025-0256,Ergonomic Footwear Sneakers,Fashion,Footwear,81106,7137328,74.52,87.4,Bol - BFC XL,BFCXL,8.71425E+12,"Divisiedok 1, 3439 JM Nieuwegein",FALSE,FALSE,TRUE,,9.64,,4,4.8,,,FALSE
PROD-2025-0257,Ultra Reusable Packaging Bag,Eco-Friendly,Reusable Packaging,33039,677299.5,10.12,27.6,Bol - BFC Site 2,BFC2,8.71425E+12,"Mechie Trommelenweg 1, 5145 ND Waalwijk",FALSE,TRUE,TRUE,,8.07,Minimal Packaging,7,6.4,,,
PROD-2025-0258,Swift Athleisure Dress,Fashion,Athleisure,85817,3604314,16.56,60.72,Bol - BFC Site 2,BFC2,8.71425E+12,"Mechie Trommelenweg 1, 5145 ND Waalwijk",FALSE,TRUE,TRUE,,7.7,Foam + Plastic,,3.5,,,FALSE
PROD-2025-0259,Nano Menswear Scarf,Fashion,Menswear,92465,4900645,26.68,70.84,Bol - BFC Site 1,BFC1,8.71425E+12,"Mechie Trommelenweg 1, 5145 ND Waalwijk",TRUE,TRUE,TRUE,,,Plastic,2,2.3,62,,FALSE
PROD-2025-0260,Pro Yoga Gear Roller,Fitness,Yoga Gear,65242,8122629,74.52,154.56,Bol - BFC Site 1,BFC1,8.71425E+12,"Mechie Trommelenweg 1, 5145 ND Waalwijk",FALSE,FALSE,TRUE,China,30.01,Recyclable Cardboard,,,8,,FALSE
PROD-2025-0261,Glow Smart Home Devices Projector,Electronics,Smart Home Devices,24550,1153850,12.88,73.6,Bol - Ingram Micro,INGRAM,8.71242E+12,"Veerweg 16, 5145 NS Waalwijk",FALSE,FALSE,TRUE,South Korea,,Minimal Packaging,9,,70,,TRUE
PROD-2025-0262,Vital Organic Pet Food Toy,Pet,Organic Pet Food,35725,1714800,11.04,77.28,Bol - BFC Site 1,BFC1,8.71425E+12,"Mechie Trommelenweg 1, 5145 ND Waalwijk",FALSE,FALSE,TRUE,Germany,,Mixed Plastic+Cardboard,2,2.9,,,TRUE
PROD-2025-0263,Wireless Pet Grooming Tools Collar,Pet,Pet Grooming Tools,46460,7108380,97.52,184,Bol - BFC Site 1,BFC1,8.71425E+12,"Mechie Trommelenweg 1, 5145 ND Waalwijk",TRUE,TRUE,TRUE,,7.86,Mixed Plastic+Cardboard,,2.3,71,,FALSE
PROD-2025-0264,Portable Indoor Plants Accessories Shelf,Home & Garden,Indoor Plants Accessories,17698,1672461,76.36,97.52,Bol - BFC XL,BFCXL,8.71425E+12,"Divisiedok 1, 3439 JM Nieuwegein",FALSE,TRUE,TRUE,Italy,,Foam + Plastic,,17.3,,,
PROD-2025-0265,Luxe Accessories Sunglasses,Fashion,Accessories,51890,5915460,78.2,131.56,Bol - BFC XL,BFCXL,8.71425E+12,"Divisiedok 1, 3439 JM Nieuwegein",FALSE,TRUE,TRUE,Bangladesh,,Mixed Plastic+Cardboard,2,2.3,,,FALSE
PROD-2025-0266,Eco Pet Apparel Feeder,Pet,Pet Apparel,31676,3927824,96.6,131.56,Bol - BFC Site 1,BFC1,8.71425E+12,"Mechie Trommelenweg 1, 5145 ND Waalwijk",FALSE,TRUE,TRUE,China,17.93,,,3.1,,,FALSE
PROD-2025-0267,Eco Online Courses Guide,Digital Goods,Online Courses,19949,2613319,80.96,160.08,Bol - BFC Site 2,BFC2,8.71425E+12,"Mechie Trommelenweg 1, 5145 ND Waalwijk",FALSE,FALSE,FALSE,USA,0,Digital - No Packaging,,,,,
PROD-2025-0268,Premium Smart Baby Monitors Diaper,Baby,Smart Baby Monitors,81267,5119821,48.76,67.16,Bol - BFC Site 2,BFC2,8.71425E+12,"Mechie Trommelenweg 1, 5145 ND Waalwijk",FALSE,TRUE,TRUE,,23.49,Mixed Plastic+Cardboard,,4.7,13,,FALSE
PROD-2025-0269,Luxe Baby Safety Gear Monitor,Baby,Baby Safety Gear,69109,9122388,118.68,124.2,Bol - BFC Site 1,BFC1,8.71425E+12,"Mechie Trommelenweg 1, 5145 ND Waalwijk",FALSE,TRUE,TRUE,Netherlands,,Mixed Plastic+Cardboard,,3,,,
PROD-2025-0270,Pro Hair Care Tools Toner,Beauty & Skincare,Hair Care Tools,12614,693770,46,55.2,Bol - BFC Site 2,BFC2,8.71425E+12,"Mechie Trommelenweg 1, 5145 ND Waalwijk",FALSE,FALSE,TRUE,USA,5.87,,2,1.1,49,,FALSE
PROD-2025-0271,Aura Activewear Bench,Fitness,Activewear,86021,3182777,12.88,55.2,Bol - BFC Site 1,BFC1,8.71425E+12,"Mechie Trommelenweg 1, 5145 ND Waalwijk",FALSE,TRUE,TRUE,,31.91,Plastic,,10.1,20,,FALSE
PROD-2025-0272,Zen Athleisure Sneakers,Fashion,Athleisure,203031,33500115,128.8,174.8,Bol - BFC Site 1,BFC1,8.71425E+12,"Mechie Trommelenweg 1, 5145 ND Waalwijk",FALSE,TRUE,TRUE,Bangladesh,29.54,Foam + Plastic,2,4.1,52,,FALSE
PROD-2025-0273,Minimalist Korean Skincare Serum,Beauty & Skincare,Korean Skincare,69778,3698234,18.4,79.12,Bol - BFC Site 2,BFC2,8.71425E+12,"Mechie Trommelenweg 1, 5145 ND Waalwijk",FALSE,TRUE,TRUE,France,,Foam + Plastic,,1.6,11,,TRUE
PROD-2025-0274,Flex Smart Baby Monitors Swaddle,Baby,Smart Baby Monitors,49278,6159750,77.28,152.72,Bol - Ingram Micro,INGRAM,8.71242E+12,"Veerweg 16, 5145 NS Waalwijk",FALSE,FALSE,TRUE,Netherlands,,,,,71,,TRUE
PROD-2025-0275,Wireless Baby Safety Gear Crib,Baby,Baby Safety Gear,85886,5196103,41.4,69.92,Bol - BFC Site 2,BFC2,8.71425E+12,"Mechie Trommelenweg 1, 5145 ND Waalwijk",FALSE,TRUE,TRUE,,28.06,Recyclable Cardboard,5,1.9,,,TRUE
PROD-2025-0276,Nano Interactive Pet Toys Shampoo,Pet,Interactive Pet Toys,41312,1921008,9.2,76.36,Bol - BFC Site 1,BFC1,8.71425E+12,"Mechie Trommelenweg 1, 5145 ND Waalwijk",FALSE,FALSE,TRUE,China,10.84,Recyclable Cardboard,,,79,,FALSE
PROD-2025-0277,Organic Footwear Belt,Fashion,Footwear,99983,6648869.5,57.04,65.32,Bol - BFC Site 2,BFC2,8.71425E+12,"Mechie Trommelenweg 1, 5145 ND Waalwijk",FALSE,FALSE,TRUE,Bangladesh,8,,,4.2,73,,FALSE
PROD-2025-0278,Sustainable Smart Pet Feeders Feeder,Pet,Smart Pet Feeders,68509,2226542.5,13.8,46,Bol - BFC Site 2,BFC2,8.71425E+12,"Mechie Trommelenweg 1, 5145 ND Waalwijk",FALSE,FALSE,TRUE,USA,12.15,,,,33,,FALSE
PROD-2025-0279,Aura Smart Lighting Shelf,Home & Garden,Smart Lighting,75340,4972440,37.72,83.72,Bol - BFC XL,BFCXL,8.71425E+12,"Divisiedok 1, 3439 JM Nieuwegein",TRUE,TRUE,TRUE,China,,Minimal Packaging,,12.1,,,FALSE
PROD-2025-0280,Glow Smart Lighting Shelf,Home & Garden,Smart Lighting,40867,6313951.5,126.04,158.24,Bol - BFC XL 2,BFCXL2,8.71425E+12,"Rietgraaf 10, 6678 PJ Oosterhout",FALSE,TRUE,TRUE,Italy,,Plastic,3,6.8,,,
PROD-2025-0281,Aura Smart Baby Monitors Bib,Baby,Smart Baby Monitors,293282,24342406,68.08,84.64,Bol - BFC XL,BFCXL,8.71425E+12,"Divisiedok 1, 3439 JM Nieuwegein",FALSE,FALSE,TRUE,Germany,26.67,Plastic,,3,,Energy Star,FALSE
PROD-2025-0282,Premium Stock Media Bundle,Digital Goods,Stock Media,82330,5392615,52.44,68.08,Bol - BFC XL,BFCXL,8.71425E+12,"Divisiedok 1, 3439 JM Nieuwegein",FALSE,FALSE,FALSE,,0,Digital - No Packaging,,,,,
PROD-2025-0283,Pro Yoga Gear Band,Fitness,Yoga Gear,84057,10170897,79.12,143.52,Bol - BFC XL 2,BFCXL2,8.71425E+12,"Rietgraaf 10, 6678 PJ Oosterhout",FALSE,TRUE,TRUE,,34.99,,6,5.9,38,,FALSE
PROD-2025-0284,Eco Activewear Dumbbell,Fitness,Activewear,76047,7908888,92,99.36,Bol - BFC XL 2,BFCXL2,8.71425E+12,"Rietgraaf 10, 6678 PJ Oosterhout",FALSE,TRUE,TRUE,China,39.68,Mixed Plastic+Cardboard,7,10.3,35,,
PROD-2025-0285,Minimalist Educational Toys Monitor,Baby,Educational Toys,72319,5930158,46,104.88,Bol - BFC XL,BFCXL,8.71425E+12,"Divisiedok 1, 3439 JM Nieuwegein",FALSE,TRUE,TRUE,,5.77,Mixed Plastic+Cardboard,3,2.2,77,,
PROD-2025-0286,Sustainable Interactive Pet Toys Toy,Pet,Interactive Pet Toys,34700,2567800,40.48,95.68,Bol - BFC Site 1,BFC1,8.71425E+12,"Mechie Trommelenweg 1, 5145 ND Waalwijk",FALSE,TRUE,TRUE,China,5.94,Mixed Plastic+Cardboard,3,,,,
PROD-2025-0287,Ultra Online Courses Course,Digital Goods,Online Courses,81963,14712358.5,136.16,194.12,Bol - BFC Site 2,BFC2,8.71425E+12,"Mechie Trommelenweg 1, 5145 ND Waalwijk",FALSE,FALSE,FALSE,USA,0,Digital - No Packaging,,,,,
PROD-2025-0288,Minimalist Recovery Tools Band,Fitness,Recovery Tools,69047,5247572,39.56,100.28,Bol - BFC XL,BFCXL,8.71425E+12,"Divisiedok 1, 3439 JM Nieuwegein",FALSE,FALSE,TRUE,China,,Recyclable Cardboard,,6,78,,TRUE
PROD-2025-0289,Luxe Smart Lighting Diffuser,Home & Garden,Smart Lighting,10221,914779.5,39.56,125.12,Bol - BFC Site 2,BFC2,8.71425E+12,"Mechie Trommelenweg 1, 5145 ND Waalwijk",FALSE,FALSE,TRUE,Germany,178.66,Foam + Plastic,6,11.2,,,FALSE
PROD-2025-0290,Organic Korean Skincare Dryer,Beauty & Skincare,Korean Skincare,37259,2049245,34.96,66.24,Bol - BFC XL 2,BFCXL2,8.71425E+12,"Rietgraaf 10, 6678 PJ Oosterhout",FALSE,TRUE,TRUE,,,,1,,,Fair Trade,FALSE
PROD-2025-0291,Swift Organic Pet Food Treats,Pet,Organic Pet Food,70111,5398547,36.8,104.88,Bol - BFC Site 2,BFC2,8.71425E+12,"Mechie Trommelenweg 1, 5145 ND Waalwijk",FALSE,TRUE,TRUE,,,Recyclable Cardboard,1,,,,FALSE
PROD-2025-0292,Eco Stock Media Template,Digital Goods,Stock Media,407851,33035931,34.04,115,Bol - BFC XL,BFCXL,8.71425E+12,"Divisiedok 1, 3439 JM Nieuwegein",FALSE,FALSE,FALSE,USA,0,Digital - No Packaging,,,,,
PROD-2025-0293,Vital Menswear Belt,Fashion,Menswear,96792,6243084,31.28,87.4,Bol - BFC Site 2,BFC2,8.71425E+12,"Mechie Trommelenweg 1, 5145 ND Waalwijk",FALSE,FALSE,TRUE,India,28.09,Mixed Plastic+Cardboard,,,,,
PROD-2025-0294,Flex Recovery Tools Mat,Fitness,Recovery Tools,56268,6527088,76.36,137.08,Bol - Ingram Micro,INGRAM,8.71242E+12,"Veerweg 16, 5145 NS Waalwijk",FALSE,FALSE,TRUE,,,Mixed Plastic+Cardboard,6,,42,,FALSE
PROD-2025-0295,Flex SaaS Subscriptions Guide,Digital Goods,SaaS Subscriptions,177836,30409956,121.44,193.2,Bol - BFC Site 2,BFC2,8.71425E+12,"Mechie Trommelenweg 1, 5145 ND Waalwijk",FALSE,FALSE,FALSE,USA,0,Digital - No Packaging,,,,,
PROD-2025-0296,Flex Smart Pet Feeders Leash,Pet,Smart Pet Feeders,74185,6342817.5,46.92,110.4,Bol - BFC XL,BFCXL,8.71425E+12,"Divisiedok 1, 3439 JM Nieuwegein",FALSE,TRUE,TRUE,USA,12.65,Plastic,5,2.7,28,,
PROD-2025-0297,Portable Stock Media Masterclass,Digital Goods,Stock Media,74821,11223150,107.64,168.36,Bol - BFC Site 1,BFC1,8.71425E+12,"Mechie Trommelenweg 1, 5145 ND Waalwijk",FALSE,FALSE,FALSE,Germany,0,Digital - No Packaging,,,,,
PROD-2025-0298,Luxe Indoor Plants Accessories Vacuum,Home & Garden,Indoor Plants Accessories,28316,4261558,128.8,148.12,Bol - BFC Site 2,BFC2,8.71425E+12,"Mechie Trommelenweg 1, 5145 ND Waalwijk",FALSE,FALSE,TRUE,,63.6,,2,,,,FALSE
PROD-2025-0299,Glow Smart Fitness Trackers Mat,Fitness,Smart Fitness Trackers,76492,6157606,48.76,99.36,Bol - BFC XL 2,BFCXL2,8.71425E+12,"Rietgraaf 10, 6678 PJ Oosterhout",FALSE,TRUE,TRUE,China,95.41,,3,4.6,37,,
PROD-2025-0300,Sustainable Kitchen Gadgets Desk,Home & Garden,Kitchen Gadgets,34111,3786321,86.48,117.76,Bol - BFC XL 2,BFCXL2,8.71425E+12,"Rietgraaf 10, 6678 PJ Oosterhout",FALSE,FALSE,TRUE,Germany,,Biodegradable,3,15.2,,,TRUE
PROD-2025-0301,Wireless Menswear Belt,Fashion,Menswear,31956,3595050,74.52,132.48,Bol - BFC XL 2,BFCXL2,8.71425E+12,"Rietgraaf 10, 6678 PJ Oosterhout",FALSE,TRUE,TRUE,Bangladesh,43.59,Recyclable Cardboard,3,,79,,TRUE
PROD-2025-0302,Minimalist Smart Fitness Trackers Shorts,Fitness,Smart Fitness Trackers,63885,4631662.5,42.32,91.08,Bol - Ingram Micro,INGRAM,8.71242E+12,"Veerweg 16, 5145 NS Waalwijk",FALSE,TRUE,TRUE,China,,Recyclable Cardboard,3,,73,Energy Star,FALSE
PROD-2025-0303,Wireless Indoor Plants Accessories Organizer,Home & Garden,Indoor Plants Accessories,96466,4485669,10.12,75.44,Bol - BFC XL 2,BFCXL2,8.71425E+12,"Rietgraaf 10, 6678 PJ Oosterhout",FALSE,FALSE,TRUE,China,78.05,,5,13.4,67,,
PROD-2025-0304,Glow Kitchen Gadgets Desk,Home & Garden,Kitchen Gadgets,23453,3928377.5,129.72,178.48,Bol - BFC Site 2,BFC2,8.71425E+12,"Mechie Trommelenweg 1, 5145 ND Waalwijk",FALSE,TRUE,TRUE,Poland,23.09,Plastic,,,,,
PROD-2025-0305,Wireless Solar Powered Gadgets Brush,Eco-Friendly,Solar Powered Gadgets,244431,14054782.5,12.88,92.92,Bol - Ingram Micro,INGRAM,8.71242E+12,"Veerweg 16, 5145 NS Waalwijk",FALSE,TRUE,TRUE,,22.02,Mixed Plastic+Cardboard,7,,,,FALSE
PROD-2025-0306,Flex Baby Safety Gear Bottle,Baby,Baby Safety Gear,23434,4194686,134.32,195.04,Bol - BFC Site 2,BFC2,8.71425E+12,"Mechie Trommelenweg 1, 5145 ND Waalwijk",TRUE,TRUE,TRUE,Netherlands,,,,,54,,FALSE
PROD-2025-0307,Pro Hair Care Tools Cleanser,Beauty & Skincare,Hair Care Tools,225513,23227839,79.12,110.4,Bol - BFC Site 1,BFC1,8.71425E+12,"Mechie Trommelenweg 1, 5145 ND Waalwijk",FALSE,TRUE,TRUE,France,13.4,,1,,58,,
PROD-2025-0308,Minimalist Footwear T-Shirt,Fashion,Footwear,79276,8482532,74.52,122.36,Bol - BFC Site 2,BFC2,8.71425E+12,"Mechie Trommelenweg 1, 5145 ND Waalwijk",FALSE,FALSE,TRUE,Bangladesh,,Recyclable Cardboard,,,,,FALSE
PROD-2025-0309,Glow Organic Makeup Perfume,Beauty & Skincare,Organic Makeup,39511,3536234.5,64.4,100.28,Bol - BFC Site 2,BFC2,8.71425E+12,"Mechie Trommelenweg 1, 5145 ND Waalwijk",FALSE,FALSE,TRUE,Germany,6.69,,4,1.4,61,,FALSE
PROD-2025-0310,Smart Athleisure Hoodie,Fashion,Athleisure,41405,7390792.5,129.72,198.72,Bol - BFC XL,BFCXL,8.71425E+12,"Divisiedok 1, 3439 JM Nieuwegein",FALSE,FALSE,TRUE,India,,Plastic,3,,55,,
PROD-2025-0311,Ultra Korean Skincare Brush,Beauty & Skincare,Korean Skincare,93294,11008692,92.92,124.2,Bol - BFC Site 1,BFC1,8.71425E+12,"Mechie Trommelenweg 1, 5145 ND Waalwijk",TRUE,TRUE,TRUE,,0.6,Plastic,,1.9,75,,FALSE
PROD-2025-0312,Pure Organic Pet Food Bowl,Pet,Organic Pet Food,13390,482040,28.52,37.72,Bol - BFC Site 2,BFC2,8.71425E+12,"Mechie Trommelenweg 1, 5145 ND Waalwijk",FALSE,TRUE,TRUE,China,,Mixed Plastic+Cardboard,2,3.9,27,,FALSE
PROD-2025-0313,Nano Organic Baby Clothing Stroller,Baby,Organic Baby Clothing,442939,76628447,122.36,195.96,Bol - BFC XL,BFCXL,8.71425E+12,"Divisiedok 1, 3439 JM Nieuwegein",FALSE,TRUE,TRUE,,12.68,Foam + Plastic,,2.7,20,,FALSE
PROD-2025-0314,Portable Interactive Pet Toys Toy,Pet,Interactive Pet Toys,89570,7792590,58.88,101.2,Bol - Ingram Micro,INGRAM,8.71242E+12,"Veerweg 16, 5145 NS Waalwijk",FALSE,TRUE,TRUE,China,3.84,Plastic,,2.6,,,FALSE
PROD-2025-0315,Sustainable Smart Home Devices Adapter,Electronics,Smart Home Devices,23558,1036552,32.2,48.76,Bol - Ingram Micro,INGRAM,8.71242E+12,"Veerweg 16, 5145 NS Waalwijk",FALSE,TRUE,TRUE,China,34.99,Biodegradable,,,67,,FALSE
PROD-2025-0316,Portable E-books Template,Digital Goods,E-books,79186,6651624,38.64,115.92,Bol - BFC XL 2,BFCXL2,8.71425E+12,"Rietgraaf 10, 6678 PJ Oosterhout",FALSE,FALSE,FALSE,USA,0,Digital - No Packaging,,,,,
PROD-2025-0317,Sustainable Womenswear Leggings,Fashion,Womenswear,21723,1900762.5,37.72,123.28,Bol - BFC Site 1,BFC1,8.71425E+12,"Mechie Trommelenweg 1, 5145 ND Waalwijk",FALSE,FALSE,TRUE,,20.17,Plastic,3,,,,FALSE
PROD-2025-0318,Ultra Accessories Leggings,Fashion,Accessories,63023,2930569.5,32.2,53.36,Bol - BFC XL 2,BFCXL2,8.71425E+12,"Rietgraaf 10, 6678 PJ Oosterhout",FALSE,FALSE,TRUE,,7.03,Plastic,2,4.3,,Energy Star,TRUE
PROD-2025-0319,Flex Portable Audio Power Bank,Electronics,Portable Audio,86607,5759365.5,26.68,95.68,Bol - Ingram Micro,INGRAM,8.71242E+12,"Veerweg 16, 5145 NS Waalwijk",FALSE,TRUE,TRUE,China,186.53,,3,,72,,
PROD-2025-0320,Flex Interactive Pet Toys Toy,Pet,Interactive Pet Toys,43424,2192912,12.88,80.04,Bol - BFC Site 1,BFC1,8.71425E+12,"Mechie Trommelenweg 1, 5145 ND Waalwijk",FALSE,FALSE,TRUE,,1.16,Plastic,3,1.1,54,,FALSE
PROD-2025-0321,Eco Activewear Shorts,Fitness,Activewear,82090,7634370,46.92,124.2,Bol - BFC Site 1,BFC1,8.71425E+12,"Mechie Trommelenweg 1, 5145 ND Waalwijk",FALSE,FALSE,TRUE,China,48.51,Recyclable Cardboard,,6,,,FALSE
PROD-2025-0322,Eco Educational Toys Diaper,Baby,Educational Toys,17823,757477.5,23,55.2,Bol - BFC Site 2,BFC2,8.71425E+12,"Mechie Trommelenweg 1, 5145 ND Waalwijk",FALSE,FALSE,TRUE,USA,26.6,Minimal Packaging,,2.1,,,
PROD-2025-0323,Swift Personal Care Gadgets Toner,Beauty & Skincare,Personal Care Gadgets,95397,10779861,79.12,128.8,Bol - BFC Site 1,BFC1,8.71425E+12,"Mechie Trommelenweg 1, 5145 ND Waalwijk",FALSE,FALSE,TRUE,France,,Foam + Plastic,3,0.4,79,,FALSE
PROD-2025-0324,Zen Pet Apparel Carrier,Pet,Pet Apparel,39507,3911193,55.2,126.96,Bol - BFC Site 2,BFC2,8.71425E+12,"Mechie Trommelenweg 1, 5145 ND Waalwijk",FALSE,TRUE,TRUE,Netherlands,,Foam + Plastic,,4.8,,,FALSE
PROD-2025-0325,Luxe Fragrances Brush,Beauty & Skincare,Fragrances,27218,2789845,69,119.6,Bol - BFC Site 2,BFC2,8.71425E+12,"Mechie Trommelenweg 1, 5145 ND Waalwijk",FALSE,TRUE,TRUE,South Korea,13.46,Plastic,1,,,,FALSE
PROD-2025-0326,Premium Athleisure Jacket,Fashion,Athleisure,61596,4681296,35.88,103.96,Bol - BFC Site 2,BFC2,8.71425E+12,"Mechie Trommelenweg 1, 5145 ND Waalwijk",FALSE,TRUE,TRUE,,9.3,Mixed Plastic+Cardboard,2,3,,,
PROD-2025-0327,Aura Baby Safety Gear Swaddle,Baby,Baby Safety Gear,12430,596640,23,65.32,Bol - BFC Site 2,BFC2,8.71425E+12,"Mechie Trommelenweg 1, 5145 ND Waalwijk",TRUE,TRUE,TRUE,China,29.67,Recyclable Cardboard,4,3,,,FALSE
PROD-2025-0328,Flex Organic Baby Clothing Swaddle,Baby,Organic Baby Clothing,90306,12055851,115.92,129.72,Bol - Ingram Micro,INGRAM,8.71242E+12,"Veerweg 16, 5145 NS Waalwijk",FALSE,TRUE,TRUE,China,18.63,Minimal Packaging,5,,10,,FALSE
PROD-2025-0329,Pure Educational Toys Bib,Baby,Educational Toys,83952,10326096,69.92,156.4,Bol - Ingram Micro,INGRAM,8.71242E+12,"Veerweg 16, 5145 NS Waalwijk",FALSE,FALSE,TRUE,Netherlands,26.76,Plastic,,,71,,FALSE
PROD-2025-0330,Organic Educational Toys Crib,Baby,Educational Toys,97869,6312550.5,48.76,69.92,Bol - BFC Site 2,BFC2,8.71425E+12,"Mechie Trommelenweg 1, 5145 ND Waalwijk",FALSE,FALSE,TRUE,China,11.06,,6,4.5,,,FALSE
PROD-2025-0331,Wireless Smart Home Devices Charger,Electronics,Smart Home Devices,46528,4140992,52.44,111.32,Bol - Ingram Micro,INGRAM,8.71242E+12,"Veerweg 16, 5145 NS Waalwijk",FALSE,TRUE,TRUE,China,,Biodegradable,7,5,,,FALSE
PROD-2025-0332,Pro Home Gym Equipment Scale,Fitness,Home Gym Equipment,91013,6780468.5,36.8,100.28,Bol - BFC Site 1,BFC1,8.71425E+12,"Mechie Trommelenweg 1, 5145 ND Waalwijk",FALSE,TRUE,TRUE,China,78.02,Mixed Plastic+Cardboard,,,,,FALSE
PROD-2025-0333,Vital Solar Powered Gadgets Brush,Eco-Friendly,Solar Powered Gadgets,72179,3825487,19.32,78.2,Bol - BFC Site 2,BFC2,8.71425E+12,"Mechie Trommelenweg 1, 5145 ND Waalwijk",TRUE,TRUE,TRUE,Netherlands,17,,4,4.2,92,,
PROD-2025-0334,Premium Hair Care Tools Lipstick,Beauty & Skincare,Hair Care Tools,30195,830362.5,12.88,37.72,Bol - BFC Site 2,BFC2,8.71425E+12,"Mechie Trommelenweg 1, 5145 ND Waalwijk",TRUE,TRUE,TRUE,Germany,4.83,Recyclable Cardboard,2,,,,FALSE
PROD-2025-0335,Vital Portable Audio Charger,Electronics,Portable Audio,52938,6220215,75.44,140.76,Bol - BFC XL 2,BFCXL2,8.71425E+12,"Rietgraaf 10, 6678 PJ Oosterhout",FALSE,TRUE,TRUE,,90.86,Minimal Packaging,9,4.3,,,FALSE
PROD-2025-0336,Nano Organic Makeup Oil,Beauty & Skincare,Organic Makeup,87301,10083265.5,70.84,141.68,Bol - BFC Site 2,BFC2,8.71425E+12,"Mechie Trommelenweg 1, 5145 ND Waalwijk",FALSE,TRUE,TRUE,USA,7.51,Foam + Plastic,3,1.7,,,FALSE
PROD-2025-0337,Organic Korean Skincare Cleanser,Beauty & Skincare,Korean Skincare,41499,4917631.5,100.28,117.76,Bol - BFC Site 2,BFC2,8.71425E+12,"Mechie Trommelenweg 1, 5145 ND Waalwijk",FALSE,TRUE,TRUE,China,,Recyclable Cardboard,,1.6,31,,FALSE
PROD-2025-0338,Nano Pet Grooming Tools Treats,Pet,Pet Grooming Tools,85210,3919660,17.48,67.16,Bol - BFC Site 2,BFC2,8.71425E+12,"Mechie Trommelenweg 1, 5145 ND Waalwijk",FALSE,TRUE,TRUE,,,Plastic,3,1.5,,,FALSE
PROD-2025-0339,Ultra Stock Media Preset,Digital Goods,Stock Media,259558,42178175,126.96,172.04,Bol - BFC Site 2,BFC2,8.71425E+12,"Mechie Trommelenweg 1, 5145 ND Waalwijk",FALSE,FALSE,FALSE,,0,Digital - No Packaging,,,,,
PROD-2025-0340,Organic Home Office Decor Blender,Home & Garden,Home Office Decor,88276,4413800,15.64,76.36,Bol - BFC XL,BFCXL,8.71425E+12,"Divisiedok 1, 3439 JM Nieuwegein",FALSE,TRUE,TRUE,,,Minimal Packaging,5,11.2,71,,FALSE
PROD-2025-0341,Vital Phone Accessories Charger,Electronics,Phone Accessories,216206,27782471,72.68,163.76,Bol - BFC Site 1,BFC1,8.71425E+12,"Mechie Trommelenweg 1, 5145 ND Waalwijk",FALSE,TRUE,TRUE,Taiwan,242.86,Recyclable Cardboard,8,3.3,28,,FALSE
PROD-2025-0342,Pure Sustainable Apparel Belt,Fashion,Sustainable Apparel,33609,2033344.5,22.08,89.24,Bol - BFC Site 1,BFC1,8.71425E+12,"Mechie Trommelenweg 1, 5145 ND Waalwijk",TRUE,TRUE,TRUE,India,,Foam + Plastic,,,,,FALSE
PROD-2025-0343,Premium Pet Grooming Tools Carrier,Pet,Pet Grooming Tools,85154,10729404,103.96,127.88,Bol - Ingram Micro,INGRAM,8.71242E+12,"Veerweg 16, 5145 NS Waalwijk",FALSE,TRUE,TRUE,,14.92,Biodegradable,,4.3,21,,
PROD-2025-0344,Luxe Organic Baby Clothing Crib,Baby,Organic Baby Clothing,35437,2002190.5,46.92,57.04,Bol - BFC Site 1,BFC1,8.71425E+12,"Mechie Trommelenweg 1, 5145 ND Waalwijk",FALSE,TRUE,TRUE,Netherlands,26.41,Minimal Packaging,,4,,,FALSE
PROD-2025-0345,Pro Hair Care Tools Perfume,Beauty & Skincare,Hair Care Tools,458819,19040988.5,20.24,56.12,Bol - BFC Site 1,BFC1,8.71425E+12,"Mechie Trommelenweg 1, 5145 ND Waalwijk",FALSE,TRUE,TRUE,South Korea,,,1,,,,
PROD-2025-0346,Glow Organic Makeup Oil,Beauty & Skincare,Organic Makeup,40384,3008608,24.84,112.24,Bol - BFC Site 2,BFC2,8.71425E+12,"Mechie Trommelenweg 1, 5145 ND Waalwijk",FALSE,TRUE,TRUE,,5.41,Recyclable Cardboard,1,,,,
PROD-2025-0347,Wireless Smart Lighting Desk,Home & Garden,Smart Lighting,65648,9912848,133.4,144.44,Bol - BFC XL,BFCXL,8.71425E+12,"Divisiedok 1, 3439 JM Nieuwegein",FALSE,FALSE,TRUE,Germany,165.31,Mixed Plastic+Cardboard,8,13.5,,,
PROD-2025-0348,Premium Activewear Scale,Fitness,Activewear,72167,2706262.5,9.2,59.8,Bol - BFC Site 2,BFC2,8.71425E+12,"Mechie Trommelenweg 1, 5145 ND Waalwijk",FALSE,FALSE,TRUE,Germany,,Plastic,4,9,46,,
PROD-2025-0349,Flex Fragrances Toner,Beauty & Skincare,Fragrances,479657,56119869,83.72,131.56,Bol - BFC Site 2,BFC2,8.71425E+12,"Mechie Trommelenweg 1, 5145 ND Waalwijk",FALSE,TRUE,TRUE,,9.26,,,1.6,,,FALSE
PROD-2025-0350,Premium Personal Care Gadgets Cleanser,Beauty & Skincare,Personal Care Gadgets,38695,6520107.5,123.28,186.76,Bol - BFC Site 1,BFC1,8.71425E+12,"Mechie Trommelenweg 1, 5145 ND Waalwijk",FALSE,TRUE,TRUE,South Korea,12.3,Biodegradable,3,0.6,14,,FALSE
PROD-2025-0351,Luxe Baby Safety Gear Toy,Baby,Baby Safety Gear,97000,4268000,23.92,57.04,Bol - BFC Site 2,BFC2,8.71425E+12,"Mechie Trommelenweg 1, 5145 ND Waalwijk",FALSE,TRUE,TRUE,Germany,18.75,Mixed Plastic+Cardboard,3,3.6,,,FALSE
PROD-2025-0352,Zen Smart Baby Monitors Bottle,Baby,Smart Baby Monitors,10968,614208,13.8,89.24,Bol - Ingram Micro,INGRAM,8.71242E+12,"Veerweg 16, 5145 NS Waalwijk",FALSE,TRUE,TRUE,Germany,7.48,Plastic,6,,60,,FALSE
PROD-2025-0353,Smart Home Gym Equipment Mat,Fitness,Home Gym Equipment,47053,1223378,14.72,33.12,Bol - BFC XL,BFCXL,8.71425E+12,"Divisiedok 1, 3439 JM Nieuwegein",FALSE,FALSE,TRUE,China,96.95,,5,,,,FALSE
PROD-2025-0354,Sustainable Wearable Tech Projector,Electronics,Wearable Tech,39639,3349495.5,54.28,101.2,Bol - BFC Site 1,BFC1,8.71425E+12,"Mechie Trommelenweg 1, 5145 ND Waalwijk",FALSE,TRUE,TRUE,China,,,9,8.7,,,
PROD-2025-0355,Vital Smart Fitness Trackers Gloves,Fitness,Smart Fitness Trackers,85926,6014820,21.16,107.64,Bol - BFC Site 1,BFC1,8.71425E+12,"Mechie Trommelenweg 1, 5145 ND Waalwijk",TRUE,TRUE,TRUE,China,99.07,,6,11,59,,FALSE
PROD-2025-0356,Eco Indoor Plants Accessories Mug,Home & Garden,Indoor Plants Accessories,52977,6224797.5,92,124.2,Bol - BFC XL,BFCXL,8.71425E+12,"Divisiedok 1, 3439 JM Nieuwegein",FALSE,TRUE,TRUE,,148.87,Plastic,6,,77,,FALSE
PROD-2025-0357,Wireless Reusable Packaging Brush,Eco-Friendly,Reusable Packaging,90280,16114980,123.28,205.16,Bol - BFC XL 2,BFCXL2,8.71425E+12,"Rietgraaf 10, 6678 PJ Oosterhout",FALSE,FALSE,TRUE,USA,21.16,Biodegradable,,7.3,83,Fair Trade,
PROD-2025-0358,Ultra Digital Planners Bundle,Digital Goods,Digital Planners,92192,8850432,53.36,123.28,Bol - BFC Site 1,BFC1,8.71425E+12,"Mechie Trommelenweg 1, 5145 ND Waalwijk",FALSE,FALSE,FALSE,USA,0,Digital - No Packaging,,,,,
PROD-2025-0359,Aura Sustainable Apparel Sunglasses,Fashion,Sustainable Apparel,50155,5692592.5,62.56,146.28,Bol - BFC Site 2,BFC2,8.71425E+12,"Mechie Trommelenweg 1, 5145 ND Waalwijk",FALSE,FALSE,TRUE,Bangladesh,,Biodegradable,5,,79,,
PROD-2025-0360,Wireless Smart Pet Feeders Treats,Pet,Smart Pet Feeders,19940,2352920,72.68,144.44,Bol - BFC XL 2,BFCXL2,8.71425E+12,"Rietgraaf 10, 6678 PJ Oosterhout",FALSE,FALSE,TRUE,China,17.18,Recyclable Cardboard,,1.1,,,FALSE
PROD-2025-0361,Smart Smart Fitness Trackers Shorts,Fitness,Smart Fitness Trackers,35399,2955816.5,45.08,108.56,Bol - BFC XL,BFCXL,8.71425E+12,"Divisiedok 1, 3439 JM Nieuwegein",FALSE,TRUE,TRUE,China,86.89,Recyclable Cardboard,,4.4,57,,FALSE
PROD-2025-0362,Smart Portable Audio Power Bank,Electronics,Portable Audio,96736,5610688,35.88,70.84,Bol - Ingram Micro,INGRAM,8.71242E+12,"Veerweg 16, 5145 NS Waalwijk",FALSE,TRUE,TRUE,Japan,,Plastic,,8,53,,FALSE
PROD-2025-0363,Premium SaaS Subscriptions Software,Digital Goods,SaaS Subscriptions,492003,78720480,102.12,192.28,Bol - BFC Site 1,BFC1,8.71425E+12,"Mechie Trommelenweg 1, 5145 ND Waalwijk",FALSE,FALSE,FALSE,Germany,0,Digital - No Packaging,,,,,
PROD-2025-0364,Minimalist Charging Solutions Earbuds,Electronics,Charging Solutions,34113,4059447,70.84,148.12,Bol - Ingram Micro,INGRAM,8.71242E+12,"Veerweg 16, 5145 NS Waalwijk",FALSE,FALSE,TRUE,,98.15,Mixed Plastic+Cardboard,5,,,,FALSE
PROD-2025-0365,Luxe Eco-friendly Diapers Crib,Baby,Eco-friendly Diapers,45931,8405373,127.88,208.84,Bol - BFC Site 2,BFC2,8.71425E+12,"Mechie Trommelenweg 1, 5145 ND Waalwijk",FALSE,FALSE,TRUE,Netherlands,21.33,Mixed Plastic+Cardboard,1,,,,FALSE
PROD-2025-0366,Zen Organic Makeup Oil,Beauty & Skincare,Organic Makeup,69182,8267249,100.28,119.6,Bol - BFC Site 1,BFC1,8.71425E+12,"Mechie Trommelenweg 1, 5145 ND Waalwijk",FALSE,TRUE,TRUE,,10.02,Foam + Plastic,1,,53,,FALSE
PROD-2025-0367,Glow Fragrances Mask,Beauty & Skincare,Fragrances,17111,829883.5,32.2,57.04,Bol - BFC XL,BFCXL,8.71425E+12,"Divisiedok 1, 3439 JM Nieuwegein",FALSE,TRUE,TRUE,China,13.88,Plastic,3,,40,,TRUE
PROD-2025-0368,Swift Reusable Packaging Kit,Eco-Friendly,Reusable Packaging,81046,12156900,106.72,169.28,Bol - BFC XL 2,BFCXL2,8.71425E+12,"Rietgraaf 10, 6678 PJ Oosterhout",FALSE,TRUE,TRUE,USA,20.19,,4,2.8,,,
PROD-2025-0369,Sustainable Activewear Shorts,Fitness,Activewear,59569,3663493.5,36.8,76.36,Bol - BFC Site 1,BFC1,8.71425E+12,"Mechie Trommelenweg 1, 5145 ND Waalwijk",FALSE,FALSE,TRUE,,67.02,,,,,,TRUE
PROD-2025-0370,Premium Interactive Pet Toys Treats,Pet,Interactive Pet Toys,86878,6255216,21.16,111.32,Bol - BFC Site 2,BFC2,8.71425E+12,"Mechie Trommelenweg 1, 5145 ND Waalwijk",FALSE,TRUE,TRUE,Germany,2.33,Plastic,4,,50,,TRUE
PROD-2025-0371,Vital Activewear Band,Fitness,Activewear,97974,12785607,103.04,137.08,Bol - BFC XL 2,BFCXL2,8.71425E+12,"Rietgraaf 10, 6678 PJ Oosterhout",FALSE,TRUE,TRUE,China,77.24,Plastic,6,5.7,,,FALSE
PROD-2025-0372,Pro Smart Fitness Trackers Gloves,Fitness,Smart Fitness Trackers,68762,8698393,74.52,158.24,Bol - BFC XL 2,BFCXL2,8.71425E+12,"Rietgraaf 10, 6678 PJ Oosterhout",FALSE,TRUE,TRUE,,,Plastic,7,7.5,62,EU Ecolabel,FALSE
PROD-2025-0373,Ultra Smart Pet Feeders Leash,Pet,Smart Pet Feeders,56816,6505432,69,141.68,Bol - BFC Site 2,BFC2,8.71425E+12,"Mechie Trommelenweg 1, 5145 ND Waalwijk",FALSE,TRUE,TRUE,USA,17.53,Biodegradable,,,67,,TRUE
PROD-2025-0374,Aura Korean Skincare Brush,Beauty & Skincare,Korean Skincare,14178,1268931,61.64,103.04,Bol - BFC Site 2,BFC2,8.71425E+12,"Mechie Trommelenweg 1, 5145 ND Waalwijk",FALSE,TRUE,TRUE,,12.01,Recyclable Cardboard,1,,33,,FALSE
PROD-2025-0375,Portable Hair Care Tools Perfume,Beauty & Skincare,Hair Care Tools,87403,1616955.5,9.2,24.84,Bol - BFC XL,BFCXL,8.71425E+12,"Divisiedok 1, 3439 JM Nieuwegein",FALSE,TRUE,TRUE,,8.42,Foam + Plastic,,,,,FALSE
PROD-2025-0376,Wireless Korean Skincare Perfume,Beauty & Skincare,Korean Skincare,30066,3728184,90.16,138,Bol - BFC Site 1,BFC1,8.71425E+12,"Mechie Trommelenweg 1, 5145 ND Waalwijk",FALSE,TRUE,TRUE,,2.43,Mixed Plastic+Cardboard,2,,5,,FALSE
PROD-2025-0377,Aura Solar Powered Gadgets Brush,Eco-Friendly,Solar Powered Gadgets,54304,8362816,132.48,150.88,Bol - BFC Site 2,BFC2,8.71425E+12,"Mechie Trommelenweg 1, 5145 ND Waalwijk",FALSE,FALSE,TRUE,Denmark,,,,3.9,,Cradle to Cradle,FALSE
PROD-2025-0378,Sustainable Home Gym Equipment Gloves,Fitness,Home Gym Equipment,54468,8333604,126.96,154.56,Bol - BFC Site 1,BFC1,8.71425E+12,"Mechie Trommelenweg 1, 5145 ND Waalwijk",FALSE,TRUE,TRUE,USA,,Foam + Plastic,7,7.2,31,,
PROD-2025-0379,Sustainable Korean Skincare Brush,Beauty & Skincare,Korean Skincare,88743,11891562,109.48,137.08,Bol - BFC Site 2,BFC2,8.71425E+12,"Mechie Trommelenweg 1, 5145 ND Waalwijk",FALSE,FALSE,TRUE,France,1.13,Plastic,3,1.8,18,,
PROD-2025-0380,Glow Digital Planners Course,Digital Goods,Digital Planners,78899,8599991,77.28,123.28,Bol - BFC Site 2,BFC2,8.71425E+12,"Mechie Trommelenweg 1, 5145 ND Waalwijk",FALSE,FALSE,FALSE,USA,0,Digital - No Packaging,,,,,
PROD-2025-0381,Organic SaaS Subscriptions Course,Digital Goods,SaaS Subscriptions,39497,1876107.5,40.48,46.92,Bol - BFC Site 2,BFC2,8.71425E+12,"Mechie Trommelenweg 1, 5145 ND Waalwijk",FALSE,FALSE,FALSE,USA,0,Digital - No Packaging,,,,,
PROD-2025-0382,Smart Home Gym Equipment Shorts,Fitness,Home Gym Equipment,79438,4686842,48.76,59.8,Bol - BFC XL 2,BFCXL2,8.71425E+12,"Rietgraaf 10, 6678 PJ Oosterhout",FALSE,TRUE,TRUE,Germany,25.96,Mixed Plastic+Cardboard,4,,27,,
PROD-2025-0383,Wireless Smart Lighting Organizer,Home & Garden,Smart Lighting,38293,4748332,98.44,129.72,Bol - BFC XL 2,BFCXL2,8.71425E+12,"Rietgraaf 10, 6678 PJ Oosterhout",FALSE,FALSE,TRUE,,,Recyclable Cardboard,,11.9,,,FALSE
PROD-2025-0384,Organic Indoor Plants Accessories Cleaner,Home & Garden,Indoor Plants Accessories,89219,14542697,110.4,189.52,Bol - BFC XL 2,BFCXL2,8.71425E+12,"Rietgraaf 10, 6678 PJ Oosterhout",FALSE,FALSE,TRUE,,172.45,,5,8.2,64,,FALSE
PROD-2025-0385,Ergonomic Smart Fitness Trackers Tracker,Fitness,Smart Fitness Trackers,37193,2733685.5,64.4,70.84,Bol - BFC Site 2,BFC2,8.71425E+12,"Mechie Trommelenweg 1, 5145 ND Waalwijk",FALSE,FALSE,TRUE,USA,,Recyclable Cardboard,3,9.6,59,,FALSE
PROD-2025-0386,Aura Home Gym Equipment Mat,Fitness,Home Gym Equipment,25226,4578519,138,195.96,Bol - BFC XL,BFCXL,8.71425E+12,"Divisiedok 1, 3439 JM Nieuwegein",FALSE,FALSE,TRUE,,95.24,,,3.8,44,,FALSE
PROD-2025-0387,Portable Digital Planners Tool,Digital Goods,Digital Planners,56134,7381621,81.88,160.08,Bol - BFC Site 2,BFC2,8.71425E+12,"Mechie Trommelenweg 1, 5145 ND Waalwijk",FALSE,FALSE,FALSE,USA,0,Digital - No Packaging,,,,,
PROD-2025-0388,Portable Athleisure Dress,Fashion,Athleisure,92075,13627100,116.84,155.48,Bol - BFC Site 2,BFC2,8.71425E+12,"Mechie Trommelenweg 1, 5145 ND Waalwijk",FALSE,FALSE,TRUE,Turkey,,Plastic,5,,,,FALSE
PROD-2025-0389,Luxe Organic Pet Food Bowl,Pet,Organic Pet Food,30463,807269.5,9.2,39.56,Bol - BFC Site 2,BFC2,8.71425E+12,"Mechie Trommelenweg 1, 5145 ND Waalwijk",FALSE,TRUE,TRUE,Germany,,Mixed Plastic+Cardboard,1,,10,,
PROD-2025-0390,Premium Accessories Belt,Fashion,Accessories,71318,8700796,108.56,115.92,Bol - BFC Site 2,BFC2,8.71425E+12,"Mechie Trommelenweg 1, 5145 ND Waalwijk",TRUE,TRUE,TRUE,Bangladesh,14.22,,5,3.8,33,,FALSE
PROD-2025-0391,Zen Smart Fitness Trackers Tracker,Fitness,Smart Fitness Trackers,19826,1298603,42.32,78.2,Bol - BFC XL,BFCXL,8.71425E+12,"Divisiedok 1, 3439 JM Nieuwegein",TRUE,TRUE,TRUE,China,83.81,Mixed Plastic+Cardboard,5,6.3,13,,FALSE
PROD-2025-0392,Ultra Smart Fitness Trackers Bottle,Fitness,Smart Fitness Trackers,20538,1109052,34.04,65.32,Bol - BFC XL,BFCXL,8.71425E+12,"Divisiedok 1, 3439 JM Nieuwegein",FALSE,FALSE,TRUE,,,,,,,EU Ecolabel,FALSE
PROD-2025-0393,Zen Solar Powered Gadgets Wrap,Eco-Friendly,Solar Powered Gadgets,49991,6498830,94.76,144.44,Bol - BFC XL 2,BFCXL2,8.71425E+12,"Rietgraaf 10, 6678 PJ Oosterhout",FALSE,TRUE,TRUE,Netherlands,,,7,5.3,,Fair Trade,FALSE
PROD-2025-0394,Aura E-books Guide,Digital Goods,E-books,99960,9396240,77.28,95.68,Bol - BFC Site 2,BFC2,8.71425E+12,"Mechie Trommelenweg 1, 5145 ND Waalwijk",FALSE,FALSE,FALSE,USA,0,Digital - No Packaging,,,,,
PROD-2025-0395,Pure Smart Lighting Vacuum,Home & Garden,Smart Lighting,15396,2956032,137.08,216.2,Bol - BFC XL 2,BFCXL2,8.71425E+12,"Rietgraaf 10, 6678 PJ Oosterhout",FALSE,TRUE,TRUE,Poland,18.99,Mixed Plastic+Cardboard,,15.7,,,FALSE
PROD-2025-0396,Wireless Upcycled Fashion Brush,Eco-Friendly,Upcycled Fashion,70970,6919575,48.76,130.64,Bol - BFC Site 1,BFC1,8.71425E+12,"Mechie Trommelenweg 1, 5145 ND Waalwijk",FALSE,TRUE,TRUE,Netherlands,,Biodegradable,,,,,FALSE
PROD-2025-0397,Smart Baby Safety Gear Pacifier,Baby,Baby Safety Gear,196756,27742596,119.6,139.84,Bol - BFC Site 1,BFC1,8.71425E+12,"Mechie Trommelenweg 1, 5145 ND Waalwijk",FALSE,TRUE,TRUE,Netherlands,10.97,,5,,65,,FALSE
PROD-2025-0398,Vital Pet Apparel Collar,Pet,Pet Apparel,68123,6131070,47.84,117.76,Bol - BFC Site 2,BFC2,8.71425E+12,"Mechie Trommelenweg 1, 5145 ND Waalwijk",FALSE,FALSE,TRUE,China,,Recyclable Cardboard,1,,,,
PROD-2025-0399,Swift Baby Safety Gear Bib,Baby,Baby Safety Gear,108389,4660727,35.88,43.24,Bol - Ingram Micro,INGRAM,8.71242E+12,"Veerweg 16, 5145 NS Waalwijk",FALSE,TRUE,TRUE,,9.78,,4,4.8,55,,FALSE
PROD-2025-0400,Ergonomic Smart Baby Monitors Bib,Baby,Smart Baby Monitors,22863,605869.5,16.56,32.2,Bol - BFC XL 2,BFCXL2,8.71425E+12,"Rietgraaf 10, 6678 PJ Oosterhout",FALSE,TRUE,TRUE,,12.35,Plastic,4,1.4,61,,FALSE
PROD-2025-0401,Glow Portable Audio Earbuds,Electronics,Portable Audio,71156,6083838,57.96,99.36,Bol - BFC Site 2,BFC2,8.71425E+12,"Mechie Trommelenweg 1, 5145 ND Waalwijk",FALSE,FALSE,TRUE,Japan,48.76,Foam + Plastic,5,,53,,FALSE
PROD-2025-0402,Eco Digital Planners Course,Digital Goods,Digital Planners,91608,8748564,70.84,104.88,Bol - BFC Site 1,BFC1,8.71425E+12,"Mechie Trommelenweg 1, 5145 ND Waalwijk",FALSE,FALSE,FALSE,Germany,0,Digital - No Packaging,,,,Energy Star,
PROD-2025-0403,Smart Kitchen Gadgets Organizer,Home & Garden,Kitchen Gadgets,471850,80922275,116.84,198.72,Bol - BFC Site 1,BFC1,8.71425E+12,"Mechie Trommelenweg 1, 5145 ND Waalwijk",FALSE,TRUE,TRUE,,168.57,Mixed Plastic+Cardboard,2,7.3,,,
PROD-2025-0404,Nano Menswear Sunglasses,Fashion,Menswear,55100,4049850,25.76,109.48,Bol - BFC Site 2,BFC2,8.71425E+12,"Mechie Trommelenweg 1, 5145 ND Waalwijk",FALSE,TRUE,TRUE,China,,Mixed Plastic+Cardboard,5,3.3,38,,FALSE
PROD-2025-0405,Ergonomic Pet Grooming Tools Leash,Pet,Pet Grooming Tools,62495,4655877.5,54.28,82.8,Bol - BFC Site 2,BFC2,8.71425E+12,"Mechie Trommelenweg 1, 5145 ND Waalwijk",FALSE,FALSE,TRUE,,,Minimal Packaging,,,,,FALSE
PROD-2025-0406,Smart Educational Toys Bottle,Baby,Educational Toys,331126,8443713,19.32,27.6,Bol - BFC Site 1,BFC1,8.71425E+12,"Mechie Trommelenweg 1, 5145 ND Waalwijk",FALSE,FALSE,TRUE,USA,,,5,,,,FALSE
PROD-2025-0407,Minimalist Eco-friendly Diapers Stroller,Baby,Eco-friendly Diapers,20243,1811748.5,56.12,108.56,Bol - BFC Site 1,BFC1,8.71425E+12,"Mechie Trommelenweg 1, 5145 ND Waalwijk",FALSE,TRUE,TRUE,,,Biodegradable,2,,,,
PROD-2025-0408,Zen Sustainable Apparel Dress,Fashion,Sustainable Apparel,26827,1542552.5,43.24,62.56,Bol - BFC XL,BFCXL,8.71425E+12,"Divisiedok 1, 3439 JM Nieuwegein",FALSE,FALSE,TRUE,China,38.55,,1,,,,FALSE
PROD-2025-0409,Pro Solar Powered Gadgets Straws,Eco-Friendly,Solar Powered Gadgets,62536,10130832,126.04,172.04,Bol - BFC Site 1,BFC1,8.71425E+12,"Mechie Trommelenweg 1, 5145 ND Waalwijk",FALSE,FALSE,TRUE,USA,,Biodegradable,,,84,,
PROD-2025-0410,Vital Baby Safety Gear Bottle,Baby,Baby Safety Gear,97963,11755560,89.24,131.56,Bol - Ingram Micro,INGRAM,8.71242E+12,"Veerweg 16, 5145 NS Waalwijk",FALSE,FALSE,TRUE,,23.21,,,3.1,,,TRUE
PROD-2025-0411,Pure Sustainable Apparel Scarf,Fashion,Sustainable Apparel,99605,11753390,66.24,150.88,Bol - BFC Site 2,BFC2,8.71425E+12,"Mechie Trommelenweg 1, 5145 ND Waalwijk",FALSE,FALSE,TRUE,Bangladesh,11.68,Recyclable Cardboard,3,2.4,,,FALSE
PROD-2025-0412,Wireless Organic Pet Food Leash,Pet,Organic Pet Food,63944,5754960,79.12,86.48,Bol - Ingram Micro,INGRAM,8.71242E+12,"Veerweg 16, 5145 NS Waalwijk",FALSE,TRUE,TRUE,,,Foam + Plastic,1,4.7,65,,FALSE
PROD-2025-0413,Ergonomic Reusable Packaging Utensils,Eco-Friendly,Reusable Packaging,79967,6477327,35.88,113.16,Bol - BFC XL 2,BFCXL2,8.71425E+12,"Rietgraaf 10, 6678 PJ Oosterhout",FALSE,TRUE,TRUE,Netherlands,,,3,6.2,63,EU Ecolabel,FALSE
PROD-2025-0414,Pure SaaS Subscriptions Guide,Digital Goods,SaaS Subscriptions,147520,22791840,111.32,172.96,Bol - BFC Site 1,BFC1,8.71425E+12,"Mechie Trommelenweg 1, 5145 ND Waalwijk",FALSE,FALSE,FALSE,USA,0,Digital - No Packaging,,,,,
PROD-2025-0415,Minimalist SaaS Subscriptions Guide,Digital Goods,SaaS Subscriptions,440675,44728512.5,57.04,129.72,Bol - BFC Site 2,BFC2,8.71425E+12,"Mechie Trommelenweg 1, 5145 ND Waalwijk",FALSE,FALSE,FALSE,UK,0,Digital - No Packaging,,,,,
PROD-2025-0416,Portable Wearable Tech Adapter,Electronics,Wearable Tech,88639,12453779.5,120.52,138,Bol - Ingram Micro,INGRAM,8.71242E+12,"Veerweg 16, 5145 NS Waalwijk",FALSE,TRUE,TRUE,China,130.54,,8,3,,,FALSE
PROD-2025-0417,Eco Baby Safety Gear Bottle,Baby,Baby Safety Gear,70047,10156815,122.36,144.44,Bol - BFC Site 1,BFC1,8.71425E+12,"Mechie Trommelenweg 1, 5145 ND Waalwijk",FALSE,TRUE,TRUE,,13.32,Plastic,6,3.4,56,,FALSE
PROD-2025-0418,Nano Menswear Bag,Fashion,Menswear,31951,2987418.5,40.48,131.56,Bol - BFC XL 2,BFCXL2,8.71425E+12,"Rietgraaf 10, 6678 PJ Oosterhout",FALSE,TRUE,TRUE,Bangladesh,13.85,Recyclable Cardboard,1,1.1,,,FALSE
PROD-2025-0419,Flex Digital Planners Masterclass,Digital Goods,Digital Planners,33278,1613983,24.84,64.4,Bol - BFC Site 2,BFC2,8.71425E+12,"Mechie Trommelenweg 1, 5145 ND Waalwijk",FALSE,FALSE,FALSE,Netherlands,0,Digital - No Packaging,,,,,
PROD-2025-0420,Vital Eco-friendly Diapers Swaddle,Baby,Eco-friendly Diapers,82886,13386089,109.48,187.68,Bol - BFC Site 2,BFC2,8.71425E+12,"Mechie Trommelenweg 1, 5145 ND Waalwijk",FALSE,TRUE,TRUE,China,17.13,,4,1.5,53,,
PROD-2025-0421,Ultra Sustainable Apparel Leggings,Fashion,Sustainable Apparel,33366,4237482,91.08,142.6,Bol - BFC Site 1,BFC1,8.71425E+12,"Mechie Trommelenweg 1, 5145 ND Waalwijk",FALSE,FALSE,TRUE,Bangladesh,17.69,Biodegradable,4,3.7,65,Cradle to Cradle,
PROD-2025-0422,Wireless Smart Home Devices Power Bank,Electronics,Smart Home Devices,42851,4006568.5,55.2,116.84,Bol - Ingram Micro,INGRAM,8.71242E+12,"Veerweg 16, 5145 NS Waalwijk",FALSE,TRUE,TRUE,Japan,,,4,4.8,8,,FALSE
PROD-2025-0423,Swift Smart Lighting Organizer,Home & Garden,Smart Lighting,55922,7577431,92.92,156.4,Bol - BFC XL 2,BFCXL2,8.71425E+12,"Rietgraaf 10, 6678 PJ Oosterhout",FALSE,TRUE,TRUE,,,Recyclable Cardboard,8,,,,FALSE
PROD-2025-0424,Flex Eco-friendly Cleaning Mug,Home & Garden,Eco-friendly Cleaning,38205,1394482.5,30.36,36.8,Bol - BFC XL 2,BFCXL2,8.71425E+12,"Rietgraaf 10, 6678 PJ Oosterhout",FALSE,FALSE,TRUE,Germany,197.3,Plastic,8,15.4,,,FALSE
PROD-2025-0425,Ultra Smart Home Devices Projector,Electronics,Smart Home Devices,70414,5105015,46.92,86.48,Bol - Ingram Micro,INGRAM,8.71242E+12,"Veerweg 16, 5145 NS Waalwijk",FALSE,FALSE,TRUE,,243.92,,4,,,,FALSE
PROD-2025-0426,Aura Digital Planners App,Digital Goods,Digital Planners,21908,2092214,62.56,113.16,Bol - Ingram Micro,INGRAM,8.71242E+12,"Veerweg 16, 5145 NS Waalwijk",FALSE,FALSE,FALSE,USA,0,Digital - No Packaging,,,,,
PROD-2025-0427,Luxe Home Office Decor Mug,Home & Garden,Home Office Decor,304449,31510471.5,69.92,120.52,Bol - BFC Site 1,BFC1,8.71425E+12,"Mechie Trommelenweg 1, 5145 ND Waalwijk",FALSE,TRUE,TRUE,,133.79,Minimal Packaging,6,,,,FALSE
PROD-2025-0428,Ultra Smart Lighting Planter,Home & Garden,Smart Lighting,144567,19805679,84.64,167.44,Bol - BFC XL,BFCXL,8.71425E+12,"Divisiedok 1, 3439 JM Nieuwegein",FALSE,TRUE,TRUE,China,135.55,Foam + Plastic,,17.1,60,,
PROD-2025-0429,Pro Hair Care Tools Lotion,Beauty & Skincare,Hair Care Tools,16965,1391130,31.28,119.6,Bol - BFC Site 1,BFC1,8.71425E+12,"Mechie Trommelenweg 1, 5145 ND Waalwijk",FALSE,TRUE,TRUE,Germany,6.45,Foam + Plastic,4,,,,FALSE
PROD-2025-0430,Pure Baby Safety Gear Bib,Baby,Baby Safety Gear,69682,4564171,30.36,90.16,Bol - BFC Site 1,BFC1,8.71425E+12,"Mechie Trommelenweg 1, 5145 ND Waalwijk",FALSE,TRUE,TRUE,Germany,29.76,Foam + Plastic,,,,,FALSE
PROD-2025-0431,Vital Yoga Gear Mat,Fitness,Yoga Gear,60389,4740536.5,60.72,83.72,Bol - Ingram Micro,INGRAM,8.71242E+12,"Veerweg 16, 5145 NS Waalwijk",FALSE,FALSE,TRUE,,34.82,Recyclable Cardboard,5,11,,,FALSE
PROD-2025-0432,Ultra Smart Home Devices Stand,Electronics,Smart Home Devices,80403,5145792,25.76,92,Bol - BFC Site 1,BFC1,8.71425E+12,"Mechie Trommelenweg 1, 5145 ND Waalwijk",FALSE,FALSE,TRUE,Japan,131.67,,9,4.6,54,,FALSE
PROD-2025-0433,Premium Fragrances Oil,Beauty & Skincare,Fragrances,42409,2926221,54.28,72.68,Bol - BFC Site 1,BFC1,8.71425E+12,"Mechie Trommelenweg 1, 5145 ND Waalwijk",FALSE,TRUE,TRUE,China,,Mixed Plastic+Cardboard,,1.1,,,FALSE
PROD-2025-0434,Luxe Athleisure Jacket,Fashion,Athleisure,31328,5560720,118.68,207.92,Bol - BFC Site 2,BFC2,8.71425E+12,"Mechie Trommelenweg 1, 5145 ND Waalwijk",FALSE,TRUE,TRUE,Portugal,,Biodegradable,,3.7,,,FALSE
PROD-2025-0435,Nano Digital Planners App,Digital Goods,Digital Planners,75687,10936771.5,123.28,142.6,Bol - BFC XL,BFCXL,8.71425E+12,"Divisiedok 1, 3439 JM Nieuwegein",FALSE,FALSE,FALSE,Netherlands,0,Digital - No Packaging,,,,,
PROD-2025-0436,Ultra Eco-friendly Cleaning Shelf,Home & Garden,Eco-friendly Cleaning,431441,20924888.5,17.48,71.76,Bol - BFC XL,BFCXL,8.71425E+12,"Divisiedok 1, 3439 JM Nieuwegein",TRUE,TRUE,TRUE,Poland,67.17,Biodegradable,,7.4,,,FALSE
PROD-2025-0437,Eco Eco-friendly Cleaning Desk,Home & Garden,Eco-friendly Cleaning,43372,4272142,69,112.24,Bol - BFC XL 2,BFCXL2,8.71425E+12,"Rietgraaf 10, 6678 PJ Oosterhout",FALSE,TRUE,TRUE,Netherlands,186.03,Plastic,2,15.5,50,,FALSE
PROD-2025-0438,Ultra Interactive Pet Toys Bed,Pet,Interactive Pet Toys,69094,10156818,111.32,159.16,Bol - BFC Site 1,BFC1,8.71425E+12,"Mechie Trommelenweg 1, 5145 ND Waalwijk",FALSE,FALSE,TRUE,China,13.18,,,,19,,FALSE
PROD-2025-0439,Sustainable Smart Fitness Trackers Bench,Fitness,Smart Fitness Trackers,78314,2545205,25.76,34.04,Bol - BFC XL 2,BFCXL2,8.71425E+12,"Rietgraaf 10, 6678 PJ Oosterhout",FALSE,FALSE,TRUE,Taiwan,50.44,Plastic,5,4.8,,,FALSE
PROD-2025-0440,Aura E-books Guide,Digital Goods,E-books,16616,2799796,125.12,184.92,Bol - BFC Site 2,BFC2,8.71425E+12,"Mechie Trommelenweg 1, 5145 ND Waalwijk",FALSE,FALSE,FALSE,,0,Digital - No Packaging,,,,,
PROD-2025-0441,Swift Activewear Dumbbell,Fitness,Activewear,48660,2943930,37.72,73.6,Bol - BFC XL,BFCXL,8.71425E+12,"Divisiedok 1, 3439 JM Nieuwegein",FALSE,FALSE,TRUE,China,21.03,Plastic,,,,Energy Star,FALSE
PROD-2025-0442,Pro Kitchen Gadgets Diffuser,Home & Garden,Kitchen Gadgets,76398,5118666,49.68,73.6,Bol - BFC XL 2,BFCXL2,8.71425E+12,"Rietgraaf 10, 6678 PJ Oosterhout",FALSE,FALSE,TRUE,,46.2,Biodegradable,,7,32,,FALSE
PROD-2025-0443,Ergonomic Pet Apparel Leash,Pet,Pet Apparel,414614,69862459,112.24,197.8,Bol - BFC Site 1,BFC1,8.71425E+12,"Mechie Trommelenweg 1, 5145 ND Waalwijk",FALSE,TRUE,TRUE,USA,8.02,Mixed Plastic+Cardboard,,,,,FALSE
PROD-2025-0444,Ergonomic Accessories Sneakers,Fashion,Accessories,91481,13584928.5,105.8,167.44,Bol - BFC Site 2,BFC2,8.71425E+12,"Mechie Trommelenweg 1, 5145 ND Waalwijk",FALSE,TRUE,TRUE,,14.04,Foam + Plastic,5,4.2,,,FALSE
PROD-2025-0445,Flex Footwear Hoodie,Fashion,Footwear,13886,687357,27.6,63.48,Bol - BFC Site 1,BFC1,8.71425E+12,"Mechie Trommelenweg 1, 5145 ND Waalwijk",FALSE,TRUE,TRUE,,,Plastic,1,,23,,FALSE
PROD-2025-0446,Wireless E-books Asset,Digital Goods,E-books,38203,6303495,108.56,195.04,Bol - BFC Site 1,BFC1,8.71425E+12,"Mechie Trommelenweg 1, 5145 ND Waalwijk",FALSE,FALSE,FALSE,USA,0,Digital - No Packaging,,,,,
PROD-2025-0447,Ultra Activewear Mat,Fitness,Activewear,63536,3430944,16.56,82.8,Bol - BFC XL,BFCXL,8.71425E+12,"Divisiedok 1, 3439 JM Nieuwegein",FALSE,TRUE,TRUE,Germany,46.4,Biodegradable,4,11.3,61,,
PROD-2025-0448,Wireless Stock Media Course,Digital Goods,Stock Media,89440,2549040,13.8,38.64,Bol - BFC Site 1,BFC1,8.71425E+12,"Mechie Trommelenweg 1, 5145 ND Waalwijk",FALSE,FALSE,FALSE,,0,Digital - No Packaging,,,,,
PROD-2025-0449,Glow Digital Planners Masterclass,Digital Goods,Digital Planners,64133,8657955,92.92,155.48,Bol - BFC Site 2,BFC2,8.71425E+12,"Mechie Trommelenweg 1, 5145 ND Waalwijk",FALSE,FALSE,FALSE,UK,0,Digital - No Packaging,,,,EU Ecolabel,
PROD-2025-0450,Smart Charging Solutions Stand,Electronics,Charging Solutions,43571,3703535,69,87.4,Bol - Ingram Micro,INGRAM,8.71242E+12,"Veerweg 16, 5145 NS Waalwijk",FALSE,TRUE,TRUE,Japan,44.06,,4,8,77,,FALSE
PROD-2025-0451,Glow Charging Solutions Power Bank,Electronics,Charging Solutions,27408,4124904,112.24,164.68,Bol - BFC Site 1,BFC1,8.71425E+12,"Mechie Trommelenweg 1, 5145 ND Waalwijk",FALSE,TRUE,TRUE,,174.07,Recyclable Cardboard,8,,,Energy Star,TRUE
PROD-2025-0452,Eco Solar Powered Gadgets Kit,Eco-Friendly,Solar Powered Gadgets,37621,6696538,122.36,205.16,Bol - BFC Site 2,BFC2,8.71425E+12,"Mechie Trommelenweg 1, 5145 ND Waalwijk",FALSE,FALSE,TRUE,Sweden,116.01,Minimal Packaging,7,,91,,
PROD-2025-0453,Smart Wearable Tech Case,Electronics,Wearable Tech,82984,8505860,56.12,132.48,Bol - Ingram Micro,INGRAM,8.71242E+12,"Veerweg 16, 5145 NS Waalwijk",FALSE,TRUE,TRUE,China,218.4,,4,,,,
PROD-2025-0454,Vital Eco-friendly Cleaning Mug,Home & Garden,Eco-friendly Cleaning,274369,9602915,21.16,43.24,Bol - BFC Site 2,BFC2,8.71425E+12,"Mechie Trommelenweg 1, 5145 ND Waalwijk",FALSE,TRUE,TRUE,Poland,78.22,,3,18.3,77,Fair Trade,FALSE
PROD-2025-0455,Sustainable Pet Grooming Tools Toy,Pet,Pet Grooming Tools,80207,7018112.5,77.28,83.72,Bol - BFC Site 1,BFC1,8.71425E+12,"Mechie Trommelenweg 1, 5145 ND Waalwijk",FALSE,TRUE,TRUE,Netherlands,13.3,Foam + Plastic,5,,15,,
PROD-2025-0456,Aura Interactive Pet Toys Carrier,Pet,Interactive Pet Toys,26453,859722.5,23,36.8,Bol - BFC Site 1,BFC1,8.71425E+12,"Mechie Trommelenweg 1, 5145 ND Waalwijk",FALSE,FALSE,TRUE,China,,,,,,,FALSE
PROD-2025-0457,Vital Digital Planners Preset,Digital Goods,Digital Planners,21953,768355,28.52,35.88,Bol - BFC Site 1,BFC1,8.71425E+12,"Mechie Trommelenweg 1, 5145 ND Waalwijk",FALSE,FALSE,FALSE,USA,0,Digital - No Packaging,,,,Energy Star,
PROD-2025-0458,Portable Upcycled Fashion Sponge,Eco-Friendly,Upcycled Fashion,29355,2509852.5,57.04,100.28,Bol - BFC Site 2,BFC2,8.71425E+12,"Mechie Trommelenweg 1, 5145 ND Waalwijk",FALSE,TRUE,TRUE,Netherlands,23.9,Biodegradable,5,,91,,FALSE
PROD-2025-0459,Ergonomic Charging Solutions Hub,Electronics,Charging Solutions,34712,4356356,87.4,143.52,Bol - BFC Site 2,BFC2,8.71425E+12,"Mechie Trommelenweg 1, 5145 ND Waalwijk",FALSE,TRUE,TRUE,,,Mixed Plastic+Cardboard,9,8,43,,FALSE
PROD-2025-0460,Swift Eco-friendly Diapers Swaddle,Baby,Eco-friendly Diapers,35347,6645236,131.56,214.36,Bol - BFC Site 2,BFC2,8.71425E+12,"Mechie Trommelenweg 1, 5145 ND Waalwijk",FALSE,TRUE,TRUE,,,,,4.4,,,FALSE
PROD-2025-0461,Pro Pet Apparel Carrier,Pet,Pet Apparel,41772,1357590,24.84,34.96,Bol - BFC Site 2,BFC2,8.71425E+12,"Mechie Trommelenweg 1, 5145 ND Waalwijk",FALSE,TRUE,TRUE,USA,,Recyclable Cardboard,4,4.4,30,,FALSE
PROD-2025-0462,Sustainable Activewear Bottle,Fitness,Activewear,36196,1556428,13.8,65.32,Bol - BFC Site 2,BFC2,8.71425E+12,"Mechie Trommelenweg 1, 5145 ND Waalwijk",FALSE,FALSE,TRUE,China,59.97,Foam + Plastic,,,67,,
PROD-2025-0463,Pro Korean Skincare Dryer,Beauty & Skincare,Korean Skincare,94450,6233700,34.04,87.4,Bol - Ingram Micro,INGRAM,8.71242E+12,"Veerweg 16, 5145 NS Waalwijk",FALSE,FALSE,TRUE,USA,2.2,Mixed Plastic+Cardboard,4,,,,FALSE
PROD-2025-0464,Portable Baby Safety Gear Toy,Baby,Baby Safety Gear,56090,3589760,16.56,101.2,Bol - BFC Site 1,BFC1,8.71425E+12,"Mechie Trommelenweg 1, 5145 ND Waalwijk",FALSE,TRUE,TRUE,USA,5.67,Biodegradable,6,2.4,25,,FALSE
PROD-2025-0465,Pro Biodegradable Products Sponge,Eco-Friendly,Biodegradable Products,70240,6286480,41.4,123.28,Bol - BFC Site 1,BFC1,8.71425E+12,"Mechie Trommelenweg 1, 5145 ND Waalwijk",FALSE,FALSE,TRUE,,12.84,Recyclable Cardboard,,4.9,,,
PROD-2025-0466,Premium Wearable Tech Earbuds,Electronics,Wearable Tech,18762,3030063,118.68,178.48,Bol - Ingram Micro,INGRAM,8.71242E+12,"Veerweg 16, 5145 NS Waalwijk",FALSE,FALSE,TRUE,,,Plastic,3,6.5,70,Energy Star,
PROD-2025-0467,Smart Womenswear T-Shirt,Fashion,Womenswear,51118,7335433,119.6,144.44,Bol - BFC XL 2,BFCXL2,8.71425E+12,"Rietgraaf 10, 6678 PJ Oosterhout",FALSE,FALSE,TRUE,Portugal,31.65,Recyclable Cardboard,5,,31,Cradle to Cradle,FALSE
PROD-2025-0468,Flex Home Gym Equipment Scale,Fitness,Home Gym Equipment,38001,3629095.5,52.44,123.28,Bol - BFC XL,BFCXL,8.71425E+12,"Divisiedok 1, 3439 JM Nieuwegein",FALSE,TRUE,TRUE,China,,Plastic,3,,48,,
PROD-2025-0469,Ultra Home Gym Equipment Bottle,Fitness,Home Gym Equipment,96280,5921220,15.64,97.52,Bol - BFC Site 2,BFC2,8.71425E+12,"Mechie Trommelenweg 1, 5145 ND Waalwijk",FALSE,TRUE,TRUE,China,55.32,Recyclable Cardboard,6,11.6,51,,FALSE
PROD-2025-0470,Aura Personal Care Gadgets Perfume,Beauty & Skincare,Personal Care Gadgets,68730,7972680,97.52,115.92,Bol - BFC Site 2,BFC2,8.71425E+12,"Mechie Trommelenweg 1, 5145 ND Waalwijk",TRUE,TRUE,TRUE,South Korea,6.79,Recyclable Cardboard,2,0.3,71,,FALSE
PROD-2025-0471,Pro Eco-friendly Cleaning Vacuum,Home & Garden,Eco-friendly Cleaning,325527,26855977.5,37.72,114.08,Bol - BFC XL 2,BFCXL2,8.71425E+12,"Rietgraaf 10, 6678 PJ Oosterhout",FALSE,TRUE,TRUE,Italy,125.98,,7,,61,,FALSE
PROD-2025-0472,Eco Organic Makeup Mask,Beauty & Skincare,Organic Makeup,53716,9131720,116.84,195.96,Bol - BFC Site 1,BFC1,8.71425E+12,"Mechie Trommelenweg 1, 5145 ND Waalwijk",FALSE,TRUE,TRUE,Germany,2.33,Plastic,,1.1,25,,FALSE
PROD-2025-0473,Ultra Smart Pet Feeders Carrier,Pet,Smart Pet Feeders,56381,7329530,95.68,143.52,Bol - BFC Site 1,BFC1,8.71425E+12,"Mechie Trommelenweg 1, 5145 ND Waalwijk",FALSE,TRUE,TRUE,USA,16.99,Mixed Plastic+Cardboard,,4.8,,EU Ecolabel,FALSE
PROD-2025-0474,Organic Sustainable Apparel Bag,Fashion,Sustainable Apparel,80326,9880098,90.16,136.16,Bol - BFC Site 2,BFC2,8.71425E+12,"Mechie Trommelenweg 1, 5145 ND Waalwijk",FALSE,FALSE,TRUE,China,13.99,Mixed Plastic+Cardboard,5,3.9,36,,FALSE
PROD-2025-0475,Minimalist Smart Fitness Trackers Bench,Fitness,Smart Fitness Trackers,74226,4973142,51.52,71.76,Bol - BFC XL 2,BFCXL2,8.71425E+12,"Rietgraaf 10, 6678 PJ Oosterhout",FALSE,TRUE,TRUE,China,,Recyclable Cardboard,,,56,,FALSE
PROD-2025-0476,Wireless Smart Lighting Vacuum,Home & Garden,Smart Lighting,22691,2745611,92.92,129.72,Bol - BFC XL,BFCXL,8.71425E+12,"Divisiedok 1, 3439 JM Nieuwegein",FALSE,TRUE,TRUE,Netherlands,166.52,,,6.9,72,,FALSE
PROD-2025-0477,Ergonomic Organic Makeup Dryer,Beauty & Skincare,Organic Makeup,96932,14636732,106.72,171.12,Bol - BFC Site 2,BFC2,8.71425E+12,"Mechie Trommelenweg 1, 5145 ND Waalwijk",FALSE,TRUE,TRUE,USA,2.25,Recyclable Cardboard,,,43,,
PROD-2025-0478,Eco Personal Care Gadgets Brush,Beauty & Skincare,Personal Care Gadgets,84498,9970764,86.48,130.64,Bol - BFC Site 1,BFC1,8.71425E+12,"Mechie Trommelenweg 1, 5145 ND Waalwijk",FALSE,TRUE,TRUE,South Korea,,Biodegradable,,0.3,,,FALSE
PROD-2025-0479,Swift SaaS Subscriptions Asset,Digital Goods,SaaS Subscriptions,40768,4362176,92,104.88,Bol - BFC Site 1,BFC1,8.71425E+12,"Mechie Trommelenweg 1, 5145 ND Waalwijk",FALSE,FALSE,FALSE,Germany,0,Digital - No Packaging,,,,Energy Star,
PROD-2025-0480,Pure Pet Grooming Tools Toy,Pet,Pet Grooming Tools,20522,2790992,113.16,137.08,Bol - BFC Site 1,BFC1,8.71425E+12,"Mechie Trommelenweg 1, 5145 ND Waalwijk",FALSE,FALSE,TRUE,China,2.7,Mixed Plastic+Cardboard,4,,,,FALSE
PROD-2025-0481,Premium Charging Solutions Earbuds,Electronics,Charging Solutions,31967,1726218,26.68,72.68,Bol - Ingram Micro,INGRAM,8.71242E+12,"Veerweg 16, 5145 NS Waalwijk",TRUE,TRUE,TRUE,Japan,166.61,Recyclable Cardboard,7,2.4,29,,
PROD-2025-0482,Sustainable Organic Pet Food Feeder,Pet,Organic Pet Food,26425,3818412.5,96.6,169.28,Bol - BFC Site 2,BFC2,8.71425E+12,"Mechie Trommelenweg 1, 5145 ND Waalwijk",FALSE,FALSE,TRUE,China,16.94,Recyclable Cardboard,3,1.2,7,,
PROD-2025-0483,Aura Stock Media Course,Digital Goods,Stock Media,66665,4499887.5,27.6,96.6,Bol - Ingram Micro,INGRAM,8.71242E+12,"Veerweg 16, 5145 NS Waalwijk",FALSE,FALSE,FALSE,USA,0,Digital - No Packaging,,,,,
PROD-2025-0484,Swift Kitchen Gadgets Lamp,Home & Garden,Kitchen Gadgets,496837,69060343,99.36,156.4,Bol - BFC XL 2,BFCXL2,8.71425E+12,"Rietgraaf 10, 6678 PJ Oosterhout",FALSE,TRUE,TRUE,,39.3,Mixed Plastic+Cardboard,,7.7,43,,FALSE
PROD-2025-0485,Eco Wearable Tech Case,Electronics,Wearable Tech,69726,5578080,61.64,85.56,Bol - Ingram Micro,INGRAM,8.71242E+12,"Veerweg 16, 5145 NS Waalwijk",FALSE,FALSE,TRUE,,,Mixed Plastic+Cardboard,9,9.6,,,TRUE
PROD-2025-0486,Premium Charging Solutions Earbuds,Electronics,Charging Solutions,31476,1495110,26.68,60.72,Bol - Ingram Micro,INGRAM,8.71242E+12,"Veerweg 16, 5145 NS Waalwijk",FALSE,FALSE,TRUE,,152.75,,8,4.4,,,FALSE
PROD-2025-0487,Sustainable Home Gym Equipment Dumbbell,Fitness,Home Gym Equipment,99951,17091621,129.72,184.92,Bol - BFC XL 2,BFCXL2,8.71425E+12,"Rietgraaf 10, 6678 PJ Oosterhout",FALSE,FALSE,TRUE,USA,91.59,Recyclable Cardboard,7,,5,,FALSE
PROD-2025-0488,Pro Portable Audio Earbuds,Electronics,Portable Audio,20877,720256.5,23.92,39.56,Bol - Ingram Micro,INGRAM,8.71242E+12,"Veerweg 16, 5145 NS Waalwijk",FALSE,FALSE,TRUE,China,81.11,Mixed Plastic+Cardboard,,,22,,FALSE
PROD-2025-0489,Pro Eco-friendly Cleaning Planter,Home & Garden,Eco-friendly Cleaning,93933,3851253,21.16,54.28,Bol - BFC XL,BFCXL,8.71425E+12,"Divisiedok 1, 3439 JM Nieuwegein",FALSE,FALSE,TRUE,Germany,144.47,Mixed Plastic+Cardboard,,,47,,FALSE
PROD-2025-0490,Smart Womenswear Bag,Fashion,Womenswear,41051,6609211,130.64,165.6,Bol - Ingram Micro,INGRAM,8.71242E+12,"Veerweg 16, 5145 NS Waalwijk",FALSE,FALSE,TRUE,India,36.06,Mixed Plastic+Cardboard,1,4.6,61,,FALSE
PROD-2025-0491,Vital Smart Home Devices Projector,Electronics,Smart Home Devices,91241,8622274.5,72.68,101.2,Bol - Ingram Micro,INGRAM,8.71242E+12,"Veerweg 16, 5145 NS Waalwijk",FALSE,FALSE,TRUE,China,235.02,Plastic,,,50,,FALSE
PROD-2025-0492,Pro Reusable Packaging Utensils,Eco-Friendly,Reusable Packaging,80580,14987880,136.16,206.08,Bol - BFC XL,BFCXL,8.71425E+12,"Divisiedok 1, 3439 JM Nieuwegein",FALSE,FALSE,TRUE,Netherlands,24.64,,8,,76,,
PROD-2025-0493,Zen Smart Baby Monitors Toy,Baby,Smart Baby Monitors,16801,2637757,110.4,178.48,Bol - BFC Site 2,BFC2,8.71425E+12,"Mechie Trommelenweg 1, 5145 ND Waalwijk",FALSE,FALSE,TRUE,,22.89,,2,3.9,,EU Ecolabel,FALSE
PROD-2025-0494,Flex Reusable Packaging Composter,Eco-Friendly,Reusable Packaging,32128,2891520,52.44,113.16,Bol - BFC Site 2,BFC2,8.71425E+12,"Mechie Trommelenweg 1, 5145 ND Waalwijk",FALSE,FALSE,TRUE,,26.35,Recyclable Cardboard,6,,69,EU Ecolabel,TRUE
PROD-2025-0495,Luxe Biodegradable Products Bottle,Eco-Friendly,Biodegradable Products,91668,7104270,56.12,86.48,Bol - BFC XL 2,BFCXL2,8.71425E+12,"Rietgraaf 10, 6678 PJ Oosterhout",FALSE,TRUE,TRUE,Germany,39.62,Biodegradable,4,,,,TRUE
PROD-2025-0496,Ergonomic Reusable Packaging Kit,Eco-Friendly,Reusable Packaging,27104,3103408,69.92,140.76,Bol - BFC Site 1,BFC1,8.71425E+12,"Mechie Trommelenweg 1, 5145 ND Waalwijk",TRUE,TRUE,TRUE,USA,19.47,Minimal Packaging,7,9.5,79,,FALSE
PROD-2025-0497,Ergonomic Pet Grooming Tools Bowl,Pet,Pet Grooming Tools,85389,4952562,33.12,73.6,Bol - BFC XL 2,BFCXL2,8.71425E+12,"Rietgraaf 10, 6678 PJ Oosterhout",FALSE,TRUE,TRUE,Germany,2.18,Recyclable Cardboard,4,,76,,FALSE
PROD-2025-0498,Portable Organic Makeup Serum,Beauty & Skincare,Organic Makeup,47546,4683281,53.36,127.88,Bol - BFC Site 2,BFC2,8.71425E+12,"Mechie Trommelenweg 1, 5145 ND Waalwijk",FALSE,FALSE,TRUE,USA,7.23,Mixed Plastic+Cardboard,,1.4,,,
PROD-2025-0499,Zen Solar Powered Gadgets Soap,Eco-Friendly,Solar Powered Gadgets,22599,3084763.5,121.44,129.72,Bol - Ingram Micro,INGRAM,8.71242E+12,"Veerweg 16, 5145 NS Waalwijk",FALSE,FALSE,TRUE,USA,,Recyclable Cardboard,7,3.9,43,Cradle to Cradle,FALSE
PROD-2025-0500,Zen Womenswear Jacket,Fashion,Womenswear,18710,3105860,118.68,186.76,Bol - BFC Site 2,BFC2,8.71425E+12,"Mechie Trommelenweg 1, 5145 ND Waalwijk",FALSE,TRUE,TRUE,China,,Mixed Plastic+Cardboard,2,,76,,
PROD-2025-0501,Aura SaaS Subscriptions App,Digital Goods,SaaS Subscriptions,21099,3323092.5,129.72,160.08,Bol - BFC Site 1,BFC1,8.71425E+12,"Mechie Trommelenweg 1, 5145 ND Waalwijk",FALSE,FALSE,FALSE,Germany,0,Digital - No Packaging,,,,,
PROD-2025-0502,Smart Charging Solutions Earbuds,Electronics,Charging Solutions,312706,28456246,61.64,105.8,Bol - BFC Site 1,BFC1,8.71425E+12,"Mechie Trommelenweg 1, 5145 ND Waalwijk",FALSE,FALSE,TRUE,China,241.32,Plastic,,8.3,,,
PROD-2025-0503,Portable Digital Planners App,Digital Goods,Digital Planners,48238,7235700,119.6,156.4,Bol - BFC Site 1,BFC1,8.71425E+12,"Mechie Trommelenweg 1, 5145 ND Waalwijk",FALSE,FALSE,FALSE,,0,Digital - No Packaging,,,,,
PROD-2025-0504,Zen Fragrances Lipstick,Beauty & Skincare,Fragrances,16804,2865082,125.12,188.6,Bol - BFC Site 2,BFC2,8.71425E+12,"Mechie Trommelenweg 1, 5145 ND Waalwijk",FALSE,TRUE,TRUE,France,,Plastic,,,,,
PROD-2025-0505,Zen Eco-friendly Diapers Stroller,Baby,Eco-friendly Diapers,61497,5596227,75.44,92,Bol - BFC Site 2,BFC2,8.71425E+12,"Mechie Trommelenweg 1, 5145 ND Waalwijk",FALSE,TRUE,TRUE,,,Minimal Packaging,3,2,,,FALSE
PROD-2025-0506,Smart Educational Toys Stroller,Baby,Educational Toys,170547,25070409,117.76,152.72,Bol - BFC XL,BFCXL,8.71425E+12,"Divisiedok 1, 3439 JM Nieuwegein",FALSE,TRUE,TRUE,Germany,,Plastic,2,4.9,60,Fair Trade,
PROD-2025-0507,Wireless Stock Media Bundle,Digital Goods,Stock Media,28472,1751028,24.84,88.32,Bol - BFC XL,BFCXL,8.71425E+12,"Divisiedok 1, 3439 JM Nieuwegein",FALSE,FALSE,FALSE,USA,0,Digital - No Packaging,,,,,
PROD-2025-0508,Ultra Sustainable Apparel Jacket,Fashion,Sustainable Apparel,17397,1626619.5,41.4,130.64,Bol - BFC Site 1,BFC1,8.71425E+12,"Mechie Trommelenweg 1, 5145 ND Waalwijk",FALSE,FALSE,TRUE,,,Recyclable Cardboard,2,,,,FALSE
PROD-2025-0509,Swift Solar Powered Gadgets Brush,Eco-Friendly,Solar Powered Gadgets,41282,5449224,114.08,128.8,Bol - BFC XL,BFCXL,8.71425E+12,"Divisiedok 1, 3439 JM Nieuwegein",FALSE,TRUE,TRUE,Sweden,,Biodegradable,7,,51,,FALSE
PROD-2025-0510,Wireless Charging Solutions Adapter,Electronics,Charging Solutions,32696,1569408,23.92,64.4,Bol - Ingram Micro,INGRAM,8.71242E+12,"Veerweg 16, 5145 NS Waalwijk",FALSE,TRUE,TRUE,China,,Plastic,6,,,,
PROD-2025-0511,Ultra Activewear Scale,Fitness,Activewear,44991,1507198.5,18.4,43.24,Bol - BFC XL 2,BFCXL2,8.71425E+12,"Rietgraaf 10, 6678 PJ Oosterhout",FALSE,TRUE,TRUE,China,26.87,,5,7.2,,,FALSE
PROD-2025-0512,Luxe Organic Baby Clothing Bottle,Baby,Organic Baby Clothing,56957,2563065,35.88,46.92,Bol - BFC Site 1,BFC1,8.71425E+12,"Mechie Trommelenweg 1, 5145 ND Waalwijk",FALSE,TRUE,TRUE,,16.36,Biodegradable,1,,,,FALSE
PROD-2025-0513,Zen Home Gym Equipment Gloves,Fitness,Home Gym Equipment,55500,3385500,36.8,75.44,Bol - BFC XL,BFCXL,8.71425E+12,"Divisiedok 1, 3439 JM Nieuwegein",FALSE,FALSE,TRUE,,18.1,Biodegradable,5,,,,FALSE
PROD-2025-0514,Swift Wearable Tech Power Bank,Electronics,Wearable Tech,85239,5753632.5,16.56,107.64,Bol - BFC Site 1,BFC1,8.71425E+12,"Mechie Trommelenweg 1, 5145 ND Waalwijk",FALSE,TRUE,TRUE,Japan,,Plastic,6,,75,,FALSE
PROD-2025-0515,Wireless Kitchen Gadgets Cleaner,Home & Garden,Kitchen Gadgets,37746,3736854,86.48,95.68,Bol - BFC Site 2,BFC2,8.71425E+12,"Mechie Trommelenweg 1, 5145 ND Waalwijk",FALSE,FALSE,TRUE,China,116.1,Mixed Plastic+Cardboard,,5.1,50,,FALSE
PROD-2025-0516,Eco Eco-friendly Diapers Toy,Baby,Eco-friendly Diapers,63603,7568757,90.16,128.8,Bol - BFC Site 1,BFC1,8.71425E+12,"Mechie Trommelenweg 1, 5145 ND Waalwijk",FALSE,TRUE,TRUE,Netherlands,27.82,Foam + Plastic,,3.4,55,FSC Certified,FALSE
PROD-2025-0517,Wireless Stock Media Guide,Digital Goods,Stock Media,246158,21908062,52.44,111.32,Bol - BFC Site 1,BFC1,8.71425E+12,"Mechie Trommelenweg 1, 5145 ND Waalwijk",FALSE,FALSE,FALSE,,0,Digital - No Packaging,,,,,
PROD-2025-0518,Aura Indoor Plants Accessories Diffuser,Home & Garden,Indoor Plants Accessories,90326,6503472,48.76,83.72,Bol - BFC XL 2,BFCXL2,8.71425E+12,"Rietgraaf 10, 6678 PJ Oosterhout",FALSE,TRUE,TRUE,China,102.84,Recyclable Cardboard,4,,,,TRUE
PROD-2025-0519,Ergonomic Educational Toys Stroller,Baby,Educational Toys,53408,10120816,135.24,213.44,Bol - BFC XL 2,BFCXL2,8.71425E+12,"Rietgraaf 10, 6678 PJ Oosterhout",FALSE,FALSE,TRUE,,22.81,Foam + Plastic,,2.2,65,,FALSE
PROD-2025-0520,Vital Organic Baby Clothing Crib,Baby,Organic Baby Clothing,96557,16752639.5,127.88,191.36,Bol - BFC Site 1,BFC1,8.71425E+12,"Mechie Trommelenweg 1, 5145 ND Waalwijk",FALSE,TRUE,TRUE,,14.48,Mixed Plastic+Cardboard,,,67,,FALSE
PROD-2025-0521,Premium Personal Care Gadgets Oil,Beauty & Skincare,Personal Care Gadgets,15172,2169596,98.44,164.68,Bol - BFC Site 1,BFC1,8.71425E+12,"Mechie Trommelenweg 1, 5145 ND Waalwijk",FALSE,TRUE,TRUE,Germany,,Minimal Packaging,,,60,,FALSE
PROD-2025-0522,Premium SaaS Subscriptions Course,Digital Goods,SaaS Subscriptions,43905,5312505,99.36,123.28,Bol - BFC Site 2,BFC2,8.71425E+12,"Mechie Trommelenweg 1, 5145 ND Waalwijk",FALSE,FALSE,FALSE,UK,0,Digital - No Packaging,,,,,
PROD-2025-0523,Vital Educational Toys Bottle,Baby,Educational Toys,84696,5759328,28.52,96.6,Bol - BFC XL,BFCXL,8.71425E+12,"Divisiedok 1, 3439 JM Nieuwegein",FALSE,FALSE,TRUE,Denmark,22.23,Mixed Plastic+Cardboard,5,,,,FALSE
PROD-2025-0524,Nano Smart Pet Feeders Treats,Pet,Smart Pet Feeders,69846,9499056,103.04,147.2,Bol - BFC Site 1,BFC1,8.71425E+12,"Mechie Trommelenweg 1, 5145 ND Waalwijk",FALSE,TRUE,TRUE,,13.84,Plastic,2,,,,FALSE
PROD-2025-0525,Smart Athleisure Sneakers,Fashion,Athleisure,29574,3888981,117.76,124.2,Bol - BFC Site 2,BFC2,8.71425E+12,"Mechie Trommelenweg 1, 5145 ND Waalwijk",FALSE,TRUE,TRUE,Bangladesh,9.59,Minimal Packaging,,,,,FALSE
PROD-2025-0526,Wireless Pet Grooming Tools Bowl,Pet,Pet Grooming Tools,53441,2939255,46.92,54.28,Bol - Ingram Micro,INGRAM,8.71242E+12,"Veerweg 16, 5145 NS Waalwijk",FALSE,FALSE,TRUE,,5.12,,2,1.2,71,,FALSE
PROD-2025-0527,Pure Personal Care Gadgets Lipstick,Beauty & Skincare,Personal Care Gadgets,54581,8732960,125.12,169.28,Bol - BFC Site 1,BFC1,8.71425E+12,"Mechie Trommelenweg 1, 5145 ND Waalwijk",TRUE,TRUE,TRUE,,11.62,Plastic,,,,,
PROD-2025-0528,Sustainable Kitchen Gadgets Shelf,Home & Garden,Kitchen Gadgets,101388,11558232,80.96,128.8,Bol - BFC XL,BFCXL,8.71425E+12,"Divisiedok 1, 3439 JM Nieuwegein",FALSE,FALSE,TRUE,Italy,,Plastic,,,29,,FALSE
PROD-2025-0529,Minimalist Phone Accessories Earbuds,Electronics,Phone Accessories,25139,4638145.5,124.2,215.28,Bol - Ingram Micro,INGRAM,8.71242E+12,"Veerweg 16, 5145 NS Waalwijk",FALSE,TRUE,TRUE,,17.82,Plastic,5,5,,,FALSE
PROD-2025-0530,Ergonomic Eco-friendly Diapers Stroller,Baby,Eco-friendly Diapers,47159,6177829,80.04,161,Bol - BFC XL 2,BFCXL2,8.71425E+12,"Rietgraaf 10, 6678 PJ Oosterhout",FALSE,TRUE,TRUE,USA,,Mixed Plastic+Cardboard,6,,22,,FALSE
PROD-2025-0531,Pure Zero-waste Kits Utensils,Eco-Friendly,Zero-waste Kits,97838,14480024,128.8,143.52,Bol - BFC Site 1,BFC1,8.71425E+12,"Mechie Trommelenweg 1, 5145 ND Waalwijk",FALSE,TRUE,TRUE,Sweden,25.98,Biodegradable,4,,47,,TRUE
PROD-2025-0532,Zen Charging Solutions Speaker,Electronics,Charging Solutions,14585,590692.5,17.48,57.04,Bol - Ingram Micro,INGRAM,8.71242E+12,"Veerweg 16, 5145 NS Waalwijk",FALSE,TRUE,TRUE,,,Mixed Plastic+Cardboard,8,3.1,,EU Ecolabel,FALSE
PROD-2025-0533,Zen SaaS Subscriptions Masterclass,Digital Goods,SaaS Subscriptions,34752,5299680,126.96,153.64,Bol - BFC Site 2,BFC2,8.71425E+12,"Mechie Trommelenweg 1, 5145 ND Waalwijk",FALSE,FALSE,FALSE,USA,0,Digital - No Packaging,,,,,
PROD-2025-0534,Glow Organic Baby Clothing Bib,Baby,Organic Baby Clothing,182762,24033203,77.28,164.68,Bol - BFC Site 1,BFC1,8.71425E+12,"Mechie Trommelenweg 1, 5145 ND Waalwijk",TRUE,TRUE,TRUE,Denmark,21.5,Minimal Packaging,2,1,13,Fair Trade,FALSE
PROD-2025-0535,Glow Fragrances Oil,Beauty & Skincare,Fragrances,27945,3395317.5,91.08,132.48,Bol - BFC Site 1,BFC1,8.71425E+12,"Mechie Trommelenweg 1, 5145 ND Waalwijk",FALSE,TRUE,TRUE,France,6.68,Recyclable Cardboard,,1.3,,,FALSE
PROD-2025-0536,Smart Smart Fitness Trackers Dumbbell,Fitness,Smart Fitness Trackers,36544,4293920,80.96,135.24,Bol - BFC XL,BFCXL,8.71425E+12,"Divisiedok 1, 3439 JM Nieuwegein",FALSE,TRUE,TRUE,China,62.89,Recyclable Cardboard,6,,,,FALSE
PROD-2025-0537,Minimalist Zero-waste Kits Bottle,Eco-Friendly,Zero-waste Kits,67544,3985096,19.32,89.24,Bol - BFC Site 1,BFC1,8.71425E+12,"Mechie Trommelenweg 1, 5145 ND Waalwijk",FALSE,TRUE,TRUE,Denmark,3.81,,4,2,86,,FALSE
PROD-2025-0538,Flex Phone Accessories Speaker,Electronics,Phone Accessories,24857,1553562.5,29.44,85.56,Bol - BFC XL 2,BFCXL2,8.71425E+12,"Rietgraaf 10, 6678 PJ Oosterhout",FALSE,TRUE,TRUE,China,24.12,Plastic,4,9.7,49,,FALSE
PROD-2025-0539,Swift Pet Apparel Toy,Pet,Pet Apparel,353285,41687630,70.84,146.28,Bol - BFC Site 2,BFC2,8.71425E+12,"Mechie Trommelenweg 1, 5145 ND Waalwijk",FALSE,FALSE,TRUE,,,Mixed Plastic+Cardboard,2,,23,,FALSE
PROD-2025-0540,Luxe Home Office Decor Desk,Home & Garden,Home Office Decor,23553,4062892.5,118.68,198.72,Bol - BFC XL 2,BFCXL2,8.71425E+12,"Rietgraaf 10, 6678 PJ Oosterhout",TRUE,TRUE,TRUE,Germany,85.56,Foam + Plastic,3,7.5,,,FALSE
PROD-2025-0541,Pure Yoga Gear Mat,Fitness,Yoga Gear,47368,7010464,108.56,163.76,Bol - BFC XL,BFCXL,8.71425E+12,"Divisiedok 1, 3439 JM Nieuwegein",FALSE,FALSE,TRUE,Germany,,Biodegradable,5,11.4,,,FALSE
PROD-2025-0542,Ergonomic Yoga Gear Scale,Fitness,Yoga Gear,34816,2489344,46,85.56,Bol - Ingram Micro,INGRAM,8.71242E+12,"Veerweg 16, 5145 NS Waalwijk",TRUE,TRUE,TRUE,USA,74.64,Plastic,4,7.5,,,FALSE
PROD-2025-0543,Wireless Phone Accessories Speaker,Electronics,Phone Accessories,84568,6258032,37.72,98.44,Bol - BFC Site 2,BFC2,8.71425E+12,"Mechie Trommelenweg 1, 5145 ND Waalwijk",FALSE,FALSE,TRUE,China,40.66,Recyclable Cardboard,,,,,FALSE
PROD-2025-0544,Sustainable Charging Solutions Projector,Electronics,Charging Solutions,74570,9470390,96.6,137.08,Bol - BFC Site 2,BFC2,8.71425E+12,"Mechie Trommelenweg 1, 5145 ND Waalwijk",TRUE,TRUE,TRUE,USA,200.46,,,5,39,,FALSE
PROD-2025-0545,Smart Zero-waste Kits Bottle,Eco-Friendly,Zero-waste Kits,35055,1314562.5,25.76,43.24,Bol - BFC Site 1,BFC1,8.71425E+12,"Mechie Trommelenweg 1, 5145 ND Waalwijk",FALSE,FALSE,TRUE,USA,3.23,Recyclable Cardboard,,7.6,8,Fair Trade,FALSE
PROD-2025-0546,Ergonomic Fragrances Lipstick,Beauty & Skincare,Fragrances,79041,11263342.5,101.2,161,Bol - BFC Site 1,BFC1,8.71425E+12,"Mechie Trommelenweg 1, 5145 ND Waalwijk",FALSE,FALSE,TRUE,South Korea,,Foam + Plastic,1,1.8,46,,FALSE
PROD-2025-0547,Smart Baby Safety Gear Swaddle,Baby,Baby Safety Gear,23531,3423760.5,117.76,149.96,Bol - BFC Site 2,BFC2,8.71425E+12,"Mechie Trommelenweg 1, 5145 ND Waalwijk",FALSE,FALSE,TRUE,China,21.59,,5,,,,FALSE
PROD-2025-0548,Wireless Korean Skincare Brush,Beauty & Skincare,Korean Skincare,33370,3453795,69.92,120.52,Bol - BFC Site 1,BFC1,8.71425E+12,"Mechie Trommelenweg 1, 5145 ND Waalwijk",FALSE,TRUE,TRUE,USA,2.94,Recyclable Cardboard,2,,,,
PROD-2025-0549,Smart Upcycled Fashion Brush,Eco-Friendly,Upcycled Fashion,84618,12904245,111.32,169.28,Bol - BFC XL 2,BFCXL2,8.71425E+12,"Rietgraaf 10, 6678 PJ Oosterhout",TRUE,TRUE,TRUE,Germany,29.05,Foam + Plastic,8,,86,Fair Trade,FALSE
PROD-2025-0550,Portable E-books Tool,Digital Goods,E-books,97581,17564580,128.8,202.4,Bol - BFC XL,BFCXL,8.71425E+12,"Divisiedok 1, 3439 JM Nieuwegein",FALSE,FALSE,FALSE,,0,Digital - No Packaging,,,,,
PROD-2025-0551,Aura Personal Care Gadgets Perfume,Beauty & Skincare,Personal Care Gadgets,85943,10528017.5,103.04,122.36,Bol - BFC XL 2,BFCXL2,8.71425E+12,"Rietgraaf 10, 6678 PJ Oosterhout",FALSE,FALSE,TRUE,Germany,6.84,Plastic,,,,FSC Certified,FALSE
PROD-2025-0552,Pure Organic Baby Clothing Swaddle,Baby,Organic Baby Clothing,14801,1428296.5,51.52,126.04,Bol - BFC Site 1,BFC1,8.71425E+12,"Mechie Trommelenweg 1, 5145 ND Waalwijk",FALSE,TRUE,TRUE,Germany,7.32,Plastic,6,1.5,80,,FALSE
PROD-2025-0553,Wireless Portable Audio Case,Electronics,Portable Audio,79147,3245027,24.84,50.6,Bol - Ingram Micro,INGRAM,8.71242E+12,"Veerweg 16, 5145 NS Waalwijk",FALSE,FALSE,TRUE,China,156.34,,9,2.3,,,FALSE
PROD-2025-0554,Swift Online Courses Preset,Digital Goods,Online Courses,61645,6133677.5,58.88,124.2,Bol - BFC Site 2,BFC2,8.71425E+12,"Mechie Trommelenweg 1, 5145 ND Waalwijk",FALSE,FALSE,FALSE,USA,0,Digital - No Packaging,,,,,
PROD-2025-0555,Aura Wearable Tech Case,Electronics,Wearable Tech,61417,3562186,15.64,91.08,Bol - BFC XL 2,BFCXL2,8.71425E+12,"Rietgraaf 10, 6678 PJ Oosterhout",TRUE,TRUE,TRUE,China,214.3,Plastic,9,8.9,43,,FALSE
PROD-2025-0556,Sustainable Recovery Tools Dumbbell,Fitness,Recovery Tools,26032,1548904,10.12,99.36,Bol - BFC XL,BFCXL,8.71425E+12,"Divisiedok 1, 3439 JM Nieuwegein",FALSE,FALSE,TRUE,Taiwan,55.15,Mixed Plastic+Cardboard,,6.5,,,FALSE
PROD-2025-0557,Zen Zero-waste Kits Kit,Eco-Friendly,Zero-waste Kits,305669,47225860.5,112.24,172.04,Bol - BFC Site 2,BFC2,8.71425E+12,"Mechie Trommelenweg 1, 5145 ND Waalwijk",FALSE,TRUE,TRUE,,6.65,Biodegradable,3,,46,EU Ecolabel,FALSE
PROD-2025-0558,Swift Yoga Gear Dumbbell,Fitness,Yoga Gear,27664,4716712,113.16,200.56,Bol - BFC XL 2,BFCXL2,8.71425E+12,"Rietgraaf 10, 6678 PJ Oosterhout",FALSE,TRUE,TRUE,China,,Mixed Plastic+Cardboard,4,6.6,,,FALSE
PROD-2025-0559,Ergonomic Eco-friendly Cleaning Blender,Home & Garden,Eco-friendly Cleaning,24152,3236368,115,131.56,Bol - BFC XL 2,BFCXL2,8.71425E+12,"Rietgraaf 10, 6678 PJ Oosterhout",FALSE,TRUE,TRUE,Germany,157.77,Mixed Plastic+Cardboard,,10.5,,,FALSE
PROD-2025-0560,Pure Biodegradable Products Wrap,Eco-Friendly,Biodegradable Products,53632,8876096,114.08,190.44,Bol - BFC Site 2,BFC2,8.71425E+12,"Mechie Trommelenweg 1, 5145 ND Waalwijk",TRUE,TRUE,TRUE,Denmark,,Biodegradable,,7.2,,EU Ecolabel,
PROD-2025-0561,Premium Zero-waste Kits Utensils,Eco-Friendly,Zero-waste Kits,43132,7052082,137.08,163.76,Bol - BFC XL 2,BFCXL2,8.71425E+12,"Rietgraaf 10, 6678 PJ Oosterhout",FALSE,TRUE,TRUE,Netherlands,32.68,Mixed Plastic+Cardboard,8,7.2,53,EU Ecolabel,FALSE
PROD-2025-0562,Portable Educational Toys Bottle,Baby,Educational Toys,59925,3086137.5,20.24,74.52,Bol - BFC Site 2,BFC2,8.71425E+12,"Mechie Trommelenweg 1, 5145 ND Waalwijk",FALSE,TRUE,TRUE,,,Mixed Plastic+Cardboard,1,,,,FALSE
PROD-2025-0563,Glow Footwear Sneakers,Fashion,Footwear,22098,3115818,91.08,168.36,Bol - BFC XL 2,BFCXL2,8.71425E+12,"Rietgraaf 10, 6678 PJ Oosterhout",FALSE,TRUE,TRUE,,45.52,Mixed Plastic+Cardboard,,2.3,50,,FALSE
PROD-2025-0564,Aura Fragrances Dryer,Beauty & Skincare,Fragrances,485966,42036059,41.4,117.76,Bol - Ingram Micro,INGRAM,8.71242E+12,"Veerweg 16, 5145 NS Waalwijk",TRUE,TRUE,TRUE,,3.62,,3,,59,,FALSE
PROD-2025-0565,Wireless Kitchen Gadgets Vacuum,Home & Garden,Kitchen Gadgets,32920,5662240,114.08,202.4,Bol - BFC XL 2,BFCXL2,8.71425E+12,"Rietgraaf 10, 6678 PJ Oosterhout",FALSE,TRUE,TRUE,Netherlands,111.82,,7,7.9,,,FALSE
PROD-2025-0566,Vital Recovery Tools Scale,Fitness,Recovery Tools,52993,4318929.5,43.24,106.72,Bol - BFC Site 1,BFC1,8.71425E+12,"Mechie Trommelenweg 1, 5145 ND Waalwijk",FALSE,TRUE,TRUE,,12.36,,,3.6,51,,
PROD-2025-0567,Luxe Footwear Scarf,Fashion,Footwear,31060,2873050,81.88,88.32,Bol - BFC Site 2,BFC2,8.71425E+12,"Mechie Trommelenweg 1, 5145 ND Waalwijk",FALSE,TRUE,TRUE,Bangladesh,39.79,,3,4.2,,,FALSE
PROD-2025-0568,Wireless Sustainable Apparel Leggings,Fashion,Sustainable Apparel,14379,905877,36.8,79.12,Bol - BFC Site 1,BFC1,8.71425E+12,"Mechie Trommelenweg 1, 5145 ND Waalwijk",FALSE,TRUE,TRUE,Turkey,,Mixed Plastic+Cardboard,5,4.4,21,,FALSE
PROD-2025-0569,Nano Personal Care Gadgets Brush,Beauty & Skincare,Personal Care Gadgets,81457,11811265,123.28,143.52,Bol - BFC Site 2,BFC2,8.71425E+12,"Mechie Trommelenweg 1, 5145 ND Waalwijk",FALSE,FALSE,TRUE,China,5.87,Mixed Plastic+Cardboard,4,,64,,FALSE
PROD-2025-0570,Organic Charging Solutions Projector,Electronics,Charging Solutions,69678,10765251,128.8,155.48,Bol - BFC Site 2,BFC2,8.71425E+12,"Mechie Trommelenweg 1, 5145 ND Waalwijk",FALSE,TRUE,TRUE,Taiwan,88.49,,,9.6,,,FALSE
PROD-2025-0571,Wireless Organic Baby Clothing Monitor,Baby,Organic Baby Clothing,15909,2672712,116.84,192.28,Bol - BFC Site 2,BFC2,8.71425E+12,"Mechie Trommelenweg 1, 5145 ND Waalwijk",FALSE,FALSE,TRUE,China,15.43,Foam + Plastic,6,,,,TRUE
PROD-2025-0572,Ultra Wearable Tech Adapter,Electronics,Wearable Tech,10869,266290.5,18.4,26.68,Bol - Ingram Micro,INGRAM,8.71242E+12,"Veerweg 16, 5145 NS Waalwijk",FALSE,TRUE,TRUE,South Korea,249.8,Mixed Plastic+Cardboard,,3.3,72,Cradle to Cradle,FALSE
PROD-2025-0573,Pro Baby Safety Gear Pacifier,Baby,Baby Safety Gear,17160,2376660,124.2,130.64,Bol - BFC Site 1,BFC1,8.71425E+12,"Mechie Trommelenweg 1, 5145 ND Waalwijk",TRUE,TRUE,TRUE,Netherlands,11.46,Minimal Packaging,1,,38,,FALSE
PROD-2025-0574,Pro Interactive Pet Toys Bowl,Pet,Interactive Pet Toys,34212,2942232,49.68,108.56,Bol - BFC Site 1,BFC1,8.71425E+12,"Mechie Trommelenweg 1, 5145 ND Waalwijk",FALSE,FALSE,TRUE,Germany,,Mixed Plastic+Cardboard,3,,43,,
PROD-2025-0575,Eco Stock Media Tool,Digital Goods,Stock Media,19092,2644242,108.56,146.28,Bol - BFC Site 2,BFC2,8.71425E+12,"Mechie Trommelenweg 1, 5145 ND Waalwijk",FALSE,FALSE,FALSE,,0,Digital - No Packaging,,,,,
PROD-2025-0576,Smart Charging Solutions Earbuds,Electronics,Charging Solutions,49241,7435391,115,162.84,Bol - Ingram Micro,INGRAM,8.71242E+12,"Veerweg 16, 5145 NS Waalwijk",FALSE,TRUE,TRUE,China,,Recyclable Cardboard,4,5,,,FALSE
PROD-2025-0577,Pure Smart Baby Monitors Monitor,Baby,Smart Baby Monitors,13970,461010,12.88,47.84,Bol - BFC Site 2,BFC2,8.71425E+12,"Mechie Trommelenweg 1, 5145 ND Waalwijk",FALSE,TRUE,TRUE,Netherlands,21.86,,,,,,
PROD-2025-0578,Glow Phone Accessories Earbuds,Electronics,Phone Accessories,47849,3253732,39.56,85.56,Bol - BFC Site 1,BFC1,8.71425E+12,"Mechie Trommelenweg 1, 5145 ND Waalwijk",FALSE,FALSE,TRUE,China,131.46,Recyclable Cardboard,9,6,54,,FALSE
PROD-2025-0579,Premium Organic Makeup Dryer,Beauty & Skincare,Organic Makeup,46233,7189231.5,131.56,154.56,Bol - BFC Site 1,BFC1,8.71425E+12,"Mechie Trommelenweg 1, 5145 ND Waalwijk",FALSE,TRUE,TRUE,France,6.73,Recyclable Cardboard,3,1.6,,,FALSE
PROD-2025-0580,Ergonomic Portable Audio Earbuds,Electronics,Portable Audio,41268,2723688,30.36,91.08,Bol - BFC Site 2,BFC2,8.71425E+12,"Mechie Trommelenweg 1, 5145 ND Waalwijk",FALSE,FALSE,TRUE,,61.63,Minimal Packaging,7,3.5,24,,
PROD-2025-0581,Flex Smart Lighting Vacuum,Home & Garden,Smart Lighting,41537,6604383,103.96,188.6,Bol - Ingram Micro,INGRAM,8.71242E+12,"Veerweg 16, 5145 NS Waalwijk",FALSE,FALSE,TRUE,Germany,,,4,19.7,,,
PROD-2025-0582,Organic Menswear Sunglasses,Fashion,Menswear,28300,4825150,130.64,183.08,Bol - BFC Site 1,BFC1,8.71425E+12,"Mechie Trommelenweg 1, 5145 ND Waalwijk",TRUE,TRUE,TRUE,,47.32,Plastic,2,,,,FALSE
PROD-2025-0583,Minimalist Home Office Decor Cleaner,Home & Garden,Home Office Decor,36752,2774776,42.32,96.6,Bol - BFC Site 1,BFC1,8.71425E+12,"Mechie Trommelenweg 1, 5145 ND Waalwijk",FALSE,FALSE,TRUE,China,,,8,,,,FALSE
PROD-2025-0584,Zen Zero-waste Kits Utensils,Eco-Friendly,Zero-waste Kits,99400,9989700,57.96,126.96,Bol - BFC Site 1,BFC1,8.71425E+12,"Mechie Trommelenweg 1, 5145 ND Waalwijk",FALSE,FALSE,TRUE,,,Biodegradable,,9.1,52,EU Ecolabel,FALSE
PROD-2025-0585,Premium Online Courses App,Digital Goods,Online Courses,85492,8976660,50.6,142.6,Bol - BFC Site 2,BFC2,8.71425E+12,"Mechie Trommelenweg 1, 5145 ND Waalwijk",FALSE,FALSE,FALSE,USA,0,Digital - No Packaging,,,,EU Ecolabel,
PROD-2025-0586,Eco Home Gym Equipment Dumbbell,Fitness,Home Gym Equipment,74856,2994240,11.04,62.56,Bol - BFC Site 1,BFC1,8.71425E+12,"Mechie Trommelenweg 1, 5145 ND Waalwijk",FALSE,TRUE,TRUE,Germany,97.64,Plastic,6,,,,
PROD-2025-0587,Glow Smart Baby Monitors Monitor,Baby,Smart Baby Monitors,407454,25262148,36.8,77.28,Bol - BFC Site 2,BFC2,8.71425E+12,"Mechie Trommelenweg 1, 5145 ND Waalwijk",FALSE,TRUE,TRUE,,24.24,Biodegradable,6,3.1,,,FALSE
PROD-2025-0588,Nano Zero-waste Kits Bottle,Eco-Friendly,Zero-waste Kits,76562,6622613,54.28,104.88,Bol - BFC Site 1,BFC1,8.71425E+12,"Mechie Trommelenweg 1, 5145 ND Waalwijk",FALSE,TRUE,TRUE,,1.35,Mixed Plastic+Cardboard,8,4.4,,Cradle to Cradle,
PROD-2025-0589,Smart Smart Fitness Trackers Band,Fitness,Smart Fitness Trackers,333904,25543656,49.68,91.08,Bol - Ingram Micro,INGRAM,8.71242E+12,"Veerweg 16, 5145 NS Waalwijk",FALSE,TRUE,TRUE,,93.09,Biodegradable,4,4.9,,,FALSE
PROD-2025-0590,Wireless Biodegradable Products Straws,Eco-Friendly,Biodegradable Products,18900,982800,20.24,75.44,Bol - BFC XL 2,BFCXL2,8.71425E+12,"Rietgraaf 10, 6678 PJ Oosterhout",FALSE,TRUE,TRUE,,39.43,Recyclable Cardboard,8,3.4,74,,FALSE
PROD-2025-0591,Portable Reusable Packaging Bottle,Eco-Friendly,Reusable Packaging,93654,12830598,92.92,159.16,Bol - BFC Site 2,BFC2,8.71425E+12,"Mechie Trommelenweg 1, 5145 ND Waalwijk",FALSE,TRUE,TRUE,Sweden,,Recyclable Cardboard,,8.9,,,FALSE
PROD-2025-0592,Vital Organic Makeup Lipstick,Beauty & Skincare,Organic Makeup,61554,3877902,23,92.92,Bol - BFC Site 1,BFC1,8.71425E+12,"Mechie Trommelenweg 1, 5145 ND Waalwijk",FALSE,TRUE,TRUE,China,,Foam + Plastic,,,,,FALSE
PROD-2025-0593,Zen Fragrances Mask,Beauty & Skincare,Fragrances,437908,18830044,11.04,68.08,Bol - BFC Site 1,BFC1,8.71425E+12,"Mechie Trommelenweg 1, 5145 ND Waalwijk",FALSE,TRUE,TRUE,South Korea,2.49,Recyclable Cardboard,,,,,FALSE
PROD-2025-0594,Zen Womenswear Belt,Fashion,Womenswear,71291,6879581.5,46,131.56,Bol - BFC Site 1,BFC1,8.71425E+12,"Mechie Trommelenweg 1, 5145 ND Waalwijk",FALSE,TRUE,TRUE,China,3.44,Mixed Plastic+Cardboard,1,,77,,FALSE
PROD-2025-0595,Vital Home Office Decor Diffuser,Home & Garden,Home Office Decor,27513,4016898,130.64,138,Bol - BFC Site 2,BFC2,8.71425E+12,"Mechie Trommelenweg 1, 5145 ND Waalwijk",FALSE,TRUE,TRUE,China,,Recyclable Cardboard,5,,8,,FALSE
PROD-2025-0596,Zen Wearable Tech Hub,Electronics,Wearable Tech,24228,496674,14.72,23,Bol - Ingram Micro,INGRAM,8.71242E+12,"Veerweg 16, 5145 NS Waalwijk",FALSE,FALSE,TRUE,South Korea,130.58,Plastic,5,,20,,FALSE
PROD-2025-0597,Ultra Yoga Gear Dumbbell,Fitness,Yoga Gear,405581,16628821,14.72,60.72,Bol - Ingram Micro,INGRAM,8.71242E+12,"Veerweg 16, 5145 NS Waalwijk",FALSE,TRUE,TRUE,China,89.85,Mixed Plastic+Cardboard,,5.4,52,,TRUE
PROD-2025-0598,Zen E-books Course,Digital Goods,E-books,26455,3809520,102.12,162.84,Bol - BFC XL,BFCXL,8.71425E+12,"Divisiedok 1, 3439 JM Nieuwegein",FALSE,FALSE,FALSE,,0,Digital - No Packaging,,,,,
PROD-2025-0599,Smart Eco-friendly Diapers Pacifier,Baby,Eco-friendly Diapers,25834,4908460,129.72,219.88,Bol - BFC Site 1,BFC1,8.71425E+12,"Mechie Trommelenweg 1, 5145 ND Waalwijk",FALSE,FALSE,TRUE,Netherlands,28.87,Recyclable Cardboard,2,2.4,66,,FALSE
PROD-2025-0600,Ultra Digital Planners Preset,Digital Goods,Digital Planners,82292,14154224,136.16,180.32,Bol - BFC Site 2,BFC2,8.71425E+12,"Mechie Trommelenweg 1, 5145 ND Waalwijk",FALSE,FALSE,FALSE,USA,0,Digital - No Packaging,,,,,
PROD-2025-0601,Portable Personal Care Gadgets Brush,Beauty & Skincare,Personal Care Gadgets,19758,3250191,116.84,185.84,Bol - BFC Site 2,BFC2,8.71425E+12,"Mechie Trommelenweg 1, 5145 ND Waalwijk",FALSE,TRUE,TRUE,South Korea,6.62,Mixed Plastic+Cardboard,1,,,EU Ecolabel,FALSE
PROD-2025-0602,Smart Pet Apparel Bed,Pet,Pet Apparel,61177,2905907.5,21.16,66.24,Bol - BFC XL 2,BFCXL2,8.71425E+12,"Rietgraaf 10, 6678 PJ Oosterhout",TRUE,TRUE,TRUE,Germany,16.56,Recyclable Cardboard,4,,12,Energy Star,FALSE
PROD-2025-0603,Flex Pet Grooming Tools Shampoo,Pet,Pet Grooming Tools,78994,12165076,126.96,156.4,Bol - BFC Site 2,BFC2,8.71425E+12,"Mechie Trommelenweg 1, 5145 ND Waalwijk",FALSE,TRUE,TRUE,,,Mixed Plastic+Cardboard,2,,,,
PROD-2025-0604,Nano Accessories T-Shirt,Fashion,Accessories,161317,10001654,17.48,96.6,Bol - BFC Site 2,BFC2,8.71425E+12,"Mechie Trommelenweg 1, 5145 ND Waalwijk",FALSE,TRUE,TRUE,,38.16,Plastic,3,3.6,,,
PROD-2025-0605,Ultra Eco-friendly Diapers Carrier,Baby,Eco-friendly Diapers,40065,5929620,105.8,166.52,Bol - BFC Site 2,BFC2,8.71425E+12,"Mechie Trommelenweg 1, 5145 ND Waalwijk",FALSE,TRUE,TRUE,,13.86,Mixed Plastic+Cardboard,3,3,59,,
PROD-2025-0606,Ergonomic Pet Apparel Feeder,Pet,Pet Apparel,298410,12384015,17.48,58.88,Bol - BFC Site 1,BFC1,8.71425E+12,"Mechie Trommelenweg 1, 5145 ND Waalwijk",FALSE,TRUE,TRUE,China,16.63,Mixed Plastic+Cardboard,,2.9,56,Cradle to Cradle,FALSE
PROD-2025-0607,Minimalist Wearable Tech Adapter,Electronics,Wearable Tech,79332,5592906,20.24,109.48,Bol - Ingram Micro,INGRAM,8.71242E+12,"Veerweg 16, 5145 NS Waalwijk",FALSE,TRUE,TRUE,Japan,,Mixed Plastic+Cardboard,,8.1,,,
PROD-2025-0608,Aura Zero-waste Kits Kit,Eco-Friendly,Zero-waste Kits,28671,1218517.5,21.16,57.04,Bol - BFC Site 1,BFC1,8.71425E+12,"Mechie Trommelenweg 1, 5145 ND Waalwijk",FALSE,FALSE,TRUE,USA,,Minimal Packaging,,,,,
PROD-2025-0609,Premium Pet Grooming Tools Carrier,Pet,Pet Grooming Tools,30278,4057252,77.28,169.28,Bol - BFC Site 2,BFC2,8.71425E+12,"Mechie Trommelenweg 1, 5145 ND Waalwijk",FALSE,FALSE,TRUE,China,15.09,,2,,66,,FALSE
PROD-2025-0610,Sustainable Digital Planners Asset,Digital Goods,Digital Planners,47779,3559535.5,40.48,96.6,Bol - BFC Site 1,BFC1,8.71425E+12,"Mechie Trommelenweg 1, 5145 ND Waalwijk",FALSE,FALSE,FALSE,USA,0,Digital - No Packaging,,,,,
PROD-2025-0611,Aura Pet Grooming Tools Brush,Pet,Pet Grooming Tools,87765,4958722.5,41.4,62.56,Bol - BFC XL,BFCXL,8.71425E+12,"Divisiedok 1, 3439 JM Nieuwegein",FALSE,FALSE,TRUE,,10.81,Mixed Plastic+Cardboard,3,1.5,,,
PROD-2025-0612,Smart Womenswear Jacket,Fashion,Womenswear,81326,5245527,55.2,63.48,Bol - BFC Site 2,BFC2,8.71425E+12,"Mechie Trommelenweg 1, 5145 ND Waalwijk",FALSE,TRUE,TRUE,China,29.64,Recyclable Cardboard,,2.2,16,,FALSE
PROD-2025-0613,Flex Stock Media Masterclass,Digital Goods,Stock Media,58865,6445717.5,94.76,106.72,Bol - BFC Site 1,BFC1,8.71425E+12,"Mechie Trommelenweg 1, 5145 ND Waalwijk",FALSE,FALSE,FALSE,,0,Digital - No Packaging,,,,,
PROD-2025-0614,Eco Wearable Tech Case,Electronics,Wearable Tech,35872,6977104,135.24,222.64,Bol - Ingram Micro,INGRAM,8.71242E+12,"Veerweg 16, 5145 NS Waalwijk",FALSE,TRUE,TRUE,USA,118.88,Foam + Plastic,6,,56,,FALSE
PROD-2025-0615,Ultra Home Gym Equipment Band,Fitness,Home Gym Equipment,86628,14683446,126.96,184.92,Bol - BFC XL,BFCXL,8.71425E+12,"Divisiedok 1, 3439 JM Nieuwegein",FALSE,FALSE,TRUE,China,47.76,Foam + Plastic,,3.5,76,,FALSE
PROD-2025-0616,Zen Athleisure Hoodie,Fashion,Athleisure,33521,2480554,54.28,81.88,Bol - BFC Site 1,BFC1,8.71425E+12,"Mechie Trommelenweg 1, 5145 ND Waalwijk",FALSE,TRUE,TRUE,India,,Mixed Plastic+Cardboard,4,,,,FALSE
PROD-2025-0617,Eco Menswear Belt,Fashion,Menswear,11617,1126849,57.04,121.44,Bol - BFC Site 1,BFC1,8.71425E+12,"Mechie Trommelenweg 1, 5145 ND Waalwijk",FALSE,TRUE,TRUE,China,,Recyclable Cardboard,5,,32,,
PROD-2025-0618,Pure Smart Fitness Trackers Band,Fitness,Smart Fitness Trackers,95594,12761799,103.96,141.68,Bol - BFC XL,BFCXL,8.71425E+12,"Divisiedok 1, 3439 JM Nieuwegein",FALSE,FALSE,TRUE,China,10.14,Foam + Plastic,5,,,,FALSE
PROD-2025-0619,Premium Charging Solutions Adapter,Electronics,Charging Solutions,80172,3687912,15.64,69,Bol - BFC Site 2,BFC2,8.71425E+12,"Mechie Trommelenweg 1, 5145 ND Waalwijk",FALSE,TRUE,TRUE,,58.26,,6,,26,,FALSE
PROD-2025-0620,Pro Interactive Pet Toys Bowl,Pet,Interactive Pet Toys,97550,5023825,26.68,68.08,Bol - BFC Site 2,BFC2,8.71425E+12,"Mechie Trommelenweg 1, 5145 ND Waalwijk",FALSE,FALSE,TRUE,Netherlands,16.64,Minimal Packaging,,3.3,,,FALSE
PROD-2025-0621,Aura Biodegradable Products Utensils,Eco-Friendly,Biodegradable Products,79302,4639167,46.92,60.72,Bol - BFC Site 2,BFC2,8.71425E+12,"Mechie Trommelenweg 1, 5145 ND Waalwijk",TRUE,TRUE,TRUE,USA,31.89,Recyclable Cardboard,6,8.9,80,,FALSE
PROD-2025-0622,Sustainable Charging Solutions Earbuds,Electronics,Charging Solutions,17209,2417864.5,96.6,161.92,Bol - Ingram Micro,INGRAM,8.71242E+12,"Veerweg 16, 5145 NS Waalwijk",FALSE,TRUE,TRUE,China,243.36,Recyclable Cardboard,3,,,Energy Star,FALSE
PROD-2025-0623,Smart Korean Skincare Lotion,Beauty & Skincare,Korean Skincare,29823,2937565.5,81.88,99.36,Bol - BFC Site 1,BFC1,8.71425E+12,"Mechie Trommelenweg 1, 5145 ND Waalwijk",FALSE,FALSE,TRUE,China,13.93,Plastic,2,0.9,60,,FALSE
PROD-2025-0624,Smart E-books Asset,Digital Goods,E-books,41795,3260010,30.36,113.16,Bol - Ingram Micro,INGRAM,8.71242E+12,"Veerweg 16, 5145 NS Waalwijk",FALSE,FALSE,FALSE,,0,Digital - No Packaging,,,,Fair Trade,
PROD-2025-0625,Minimalist Home Gym Equipment Bench,Fitness,Home Gym Equipment,83247,5078067,44.16,68.08,Bol - Ingram Micro,INGRAM,8.71242E+12,"Veerweg 16, 5145 NS Waalwijk",FALSE,TRUE,TRUE,USA,65.18,Minimal Packaging,6,,75,,
PROD-2025-0626,Premium Biodegradable Products Straws,Eco-Friendly,Biodegradable Products,81983,12994305.5,121.44,170.2,Bol - BFC Site 2,BFC2,8.71425E+12,"Mechie Trommelenweg 1, 5145 ND Waalwijk",FALSE,FALSE,TRUE,Germany,29.9,,4,4.1,59,Energy Star,FALSE
PROD-2025-0627,Vital Charging Solutions Watch,Electronics,Charging Solutions,60444,1873764,12.88,44.16,Bol - Ingram Micro,INGRAM,8.71242E+12,"Veerweg 16, 5145 NS Waalwijk",TRUE,TRUE,TRUE,,206.93,Mixed Plastic+Cardboard,,9.9,,FSC Certified,FALSE
PROD-2025-0628,Organic Interactive Pet Toys Bowl,Pet,Interactive Pet Toys,83580,9862440,69,148.12,Bol - BFC XL,BFCXL,8.71425E+12,"Divisiedok 1, 3439 JM Nieuwegein",FALSE,TRUE,TRUE,Netherlands,,Mixed Plastic+Cardboard,1,1.5,,,FALSE
PROD-2025-0629,Premium SaaS Subscriptions Template,Digital Goods,SaaS Subscriptions,95876,15723664,128.8,172.96,Bol - BFC Site 2,BFC2,8.71425E+12,"Mechie Trommelenweg 1, 5145 ND Waalwijk",FALSE,FALSE,FALSE,,0,Digital - No Packaging,,,,,
PROD-2025-0630,Portable Personal Care Gadgets Lotion,Beauty & Skincare,Personal Care Gadgets,68080,987160,11.04,15.64,Bol - Ingram Micro,INGRAM,8.71242E+12,"Veerweg 16, 5145 NS Waalwijk",TRUE,TRUE,TRUE,,2.72,Mixed Plastic+Cardboard,4,,63,,
PROD-2025-0631,Glow Upcycled Fashion Sponge,Eco-Friendly,Upcycled Fashion,97924,6071288,38.64,75.44,Bol - BFC Site 2,BFC2,8.71425E+12,"Mechie Trommelenweg 1, 5145 ND Waalwijk",FALSE,TRUE,TRUE,Sweden,11.16,,,,,,
PROD-2025-0632,Vital Footwear Jacket,Fashion,Footwear,64812,8749620,85.56,162.84,Bol - BFC XL 2,BFCXL2,8.71425E+12,"Rietgraaf 10, 6678 PJ Oosterhout",FALSE,TRUE,TRUE,Bangladesh,,Foam + Plastic,,,57,,TRUE
PROD-2025-0633,Zen Pet Apparel Bed,Pet,Pet Apparel,429022,20807567,41.4,47.84,Bol - BFC Site 2,BFC2,8.71425E+12,"Mechie Trommelenweg 1, 5145 ND Waalwijk",FALSE,TRUE,TRUE,Germany,,,,3.4,,,FALSE
PROD-2025-0634,Nano Zero-waste Kits Kit,Eco-Friendly,Zero-waste Kits,46925,1689300,26.68,39.56,Bol - BFC Site 2,BFC2,8.71425E+12,"Mechie Trommelenweg 1, 5145 ND Waalwijk",FALSE,FALSE,TRUE,Netherlands,,,4,,,EU Ecolabel,
PROD-2025-0635,Vital Womenswear Sunglasses,Fashion,Womenswear,85657,1884454,11.96,28.52,Bol - Ingram Micro,INGRAM,8.71242E+12,"Veerweg 16, 5145 NS Waalwijk",FALSE,TRUE,TRUE,Bangladesh,,Mixed Plastic+Cardboard,4,4.8,37,,FALSE
PROD-2025-0636,Vital Educational Toys Diaper,Baby,Educational Toys,12885,901950,56.12,72.68,Bol - BFC Site 1,BFC1,8.71425E+12,"Mechie Trommelenweg 1, 5145 ND Waalwijk",FALSE,FALSE,TRUE,Germany,28.71,Minimal Packaging,6,,,,FALSE
PROD-2025-0637,Pro Phone Accessories Charger,Electronics,Phone Accessories,85532,11717884,96.6,155.48,Bol - Ingram Micro,INGRAM,8.71242E+12,"Veerweg 16, 5145 NS Waalwijk",FALSE,FALSE,TRUE,Taiwan,74.47,Mixed Plastic+Cardboard,7,,,,FALSE
PROD-2025-0638,Portable Smart Home Devices Adapter,Electronics,Smart Home Devices,18485,2236685,93.84,128.8,Bol - Ingram Micro,INGRAM,8.71242E+12,"Veerweg 16, 5145 NS Waalwijk",TRUE,TRUE,TRUE,China,43.74,Recyclable Cardboard,,8.4,76,,FALSE
PROD-2025-0639,Ergonomic Organic Pet Food Leash,Pet,Organic Pet Food,34362,4570146,109.48,135.24,Bol - BFC Site 1,BFC1,8.71425E+12,"Mechie Trommelenweg 1, 5145 ND Waalwijk",FALSE,FALSE,TRUE,Germany,11.91,Mixed Plastic+Cardboard,3,,,,
PROD-2025-0640,Eco Smart Fitness Trackers Band,Fitness,Smart Fitness Trackers,38808,3997224,64.4,125.12,Bol - BFC Site 2,BFC2,8.71425E+12,"Mechie Trommelenweg 1, 5145 ND Waalwijk",FALSE,TRUE,TRUE,USA,,,,8.2,,,
PROD-2025-0641,Eco Smart Pet Feeders Feeder,Pet,Smart Pet Feeders,77585,5120610,15.64,105.8,Bol - BFC XL 2,BFCXL2,8.71425E+12,"Rietgraaf 10, 6678 PJ Oosterhout",TRUE,TRUE,TRUE,USA,1.31,Minimal Packaging,3,,56,,FALSE
PROD-2025-0642,Luxe Korean Skincare Oil,Beauty & Skincare,Korean Skincare,66510,7914690,75.44,143.52,Bol - Ingram Micro,INGRAM,8.71242E+12,"Veerweg 16, 5145 NS Waalwijk",FALSE,FALSE,TRUE,USA,12.72,Recyclable Cardboard,,0.4,60,,
PROD-2025-0643,Wireless Footwear Bag,Fashion,Footwear,21538,915365,36.8,41.4,Bol - BFC Site 2,BFC2,8.71425E+12,"Mechie Trommelenweg 1, 5145 ND Waalwijk",FALSE,FALSE,TRUE,Bangladesh,5.47,Recyclable Cardboard,,,,,FALSE
PROD-2025-0644,Ultra Personal Care Gadgets Toner,Beauty & Skincare,Personal Care Gadgets,24513,3958849.5,108.56,188.6,Bol - BFC XL 2,BFCXL2,8.71425E+12,"Rietgraaf 10, 6678 PJ Oosterhout",FALSE,TRUE,TRUE,France,12.83,Mixed Plastic+Cardboard,2,1.4,46,,
PROD-2025-0645,Wireless Yoga Gear Tracker,Fitness,Yoga Gear,42521,2444957.5,25.76,80.04,Bol - BFC XL 2,BFCXL2,8.71425E+12,"Rietgraaf 10, 6678 PJ Oosterhout",FALSE,TRUE,TRUE,China,86.31,Recyclable Cardboard,4,,,FSC Certified,
PROD-2025-0646,Premium Menswear Hoodie,Fashion,Menswear,69918,12655158,132.48,200.56,Bol - BFC Site 1,BFC1,8.71425E+12,"Mechie Trommelenweg 1, 5145 ND Waalwijk",FALSE,TRUE,TRUE,Turkey,24.34,Mixed Plastic+Cardboard,2,2.5,70,,TRUE
PROD-2025-0647,Luxe Baby Safety Gear Bottle,Baby,Baby Safety Gear,77537,4884831,26.68,89.24,Bol - BFC Site 1,BFC1,8.71425E+12,"Mechie Trommelenweg 1, 5145 ND Waalwijk",FALSE,FALSE,TRUE,Netherlands,5,,,2.1,72,,FALSE
PROD-2025-0648,Glow Stock Media Preset,Digital Goods,Stock Media,74041,6626669.5,69.92,94.76,Bol - Ingram Micro,INGRAM,8.71242E+12,"Veerweg 16, 5145 NS Waalwijk",FALSE,FALSE,FALSE,USA,0,Digital - No Packaging,,,,,
PROD-2025-0649,Ultra Eco-friendly Diapers Diaper,Baby,Eco-friendly Diapers,36233,3170387.5,53.36,107.64,Bol - Ingram Micro,INGRAM,8.71242E+12,"Veerweg 16, 5145 NS Waalwijk",FALSE,TRUE,TRUE,USA,10.23,Mixed Plastic+Cardboard,4,1.4,,,
PROD-2025-0650,Glow Indoor Plants Accessories Planter,Home & Garden,Indoor Plants Accessories,12549,821959.5,57.04,63.48,Bol - BFC Site 1,BFC1,8.71425E+12,"Mechie Trommelenweg 1, 5145 ND Waalwijk",FALSE,FALSE,TRUE,,62.34,Mixed Plastic+Cardboard,5,,39,,
PROD-2025-0651,Zen Baby Safety Gear Bottle,Baby,Baby Safety Gear,13549,2174614.5,111.32,184,Bol - BFC Site 1,BFC1,8.71425E+12,"Mechie Trommelenweg 1, 5145 ND Waalwijk",FALSE,FALSE,TRUE,Netherlands,,Mixed Plastic+Cardboard,6,,,,
PROD-2025-0652,Ergonomic Stock Media App,Digital Goods,Stock Media,160760,22265260,103.96,150.88,Bol - BFC Site 2,BFC2,8.71425E+12,"Mechie Trommelenweg 1, 5145 ND Waalwijk",FALSE,FALSE,FALSE,,0,Digital - No Packaging,,,,,
PROD-2025-0653,Ergonomic Upcycled Fashion Sponge,Eco-Friendly,Upcycled Fashion,82646,12520869,108.56,170.2,Bol - BFC Site 2,BFC2,8.71425E+12,"Mechie Trommelenweg 1, 5145 ND Waalwijk",FALSE,TRUE,TRUE,Netherlands,24.17,Biodegradable,4,2.4,,Fair Trade,FALSE
PROD-2025-0654,Pure Recovery Tools Gloves,Fitness,Recovery Tools,64795,8876915,95.68,156.4,Bol - BFC XL 2,BFCXL2,8.71425E+12,"Rietgraaf 10, 6678 PJ Oosterhout",FALSE,TRUE,TRUE,China,38.32,Mixed Plastic+Cardboard,,10.4,,,FALSE
PROD-2025-0655,Pure Activewear Bench,Fitness,Activewear,29137,3365323.5,69.92,142.6,Bol - BFC XL 2,BFCXL2,8.71425E+12,"Rietgraaf 10, 6678 PJ Oosterhout",FALSE,TRUE,TRUE,USA,19.05,Plastic,5,5.2,60,,FALSE
PROD-2025-0656,Pure Reusable Packaging Straws,Eco-Friendly,Reusable Packaging,86648,11567508,107.64,138,Bol - BFC XL 2,BFCXL2,8.71425E+12,"Rietgraaf 10, 6678 PJ Oosterhout",FALSE,FALSE,TRUE,Sweden,38.37,Recyclable Cardboard,5,,,Fair Trade,
PROD-2025-0657,Vital Home Gym Equipment Tracker,Fitness,Home Gym Equipment,80883,13669227,126.96,184,Bol - BFC XL,BFCXL,8.71425E+12,"Divisiedok 1, 3439 JM Nieuwegein",FALSE,FALSE,TRUE,China,80.27,Foam + Plastic,4,4.4,76,,FALSE
PROD-2025-0658,Swift Korean Skincare Serum,Beauty & Skincare,Korean Skincare,92862,11329164,91.08,133.4,Bol - Ingram Micro,INGRAM,8.71242E+12,"Veerweg 16, 5145 NS Waalwijk",TRUE,TRUE,TRUE,USA,,Plastic,1,,,,FALSE
PROD-2025-0659,Organic Home Office Decor Planter,Home & Garden,Home Office Decor,69801,7189503,90.16,99.36,Bol - BFC XL,BFCXL,8.71425E+12,"Divisiedok 1, 3439 JM Nieuwegein",FALSE,FALSE,TRUE,,92.09,Plastic,,8.7,54,,FALSE
PROD-2025-0660,Nano Home Gym Equipment Bottle,Fitness,Home Gym Equipment,63656,9007324,101.2,159.16,Bol - BFC Site 2,BFC2,8.71425E+12,"Mechie Trommelenweg 1, 5145 ND Waalwijk",FALSE,TRUE,TRUE,USA,59.93,Recyclable Cardboard,,5.7,,,FALSE
PROD-2025-0661,Zen Wearable Tech Earbuds,Electronics,Wearable Tech,64919,4479411,33.12,93.84,Bol - BFC Site 2,BFC2,8.71425E+12,"Mechie Trommelenweg 1, 5145 ND Waalwijk",FALSE,TRUE,TRUE,China,182.46,Plastic,6,9.3,,Fair Trade,
PROD-2025-0662,Premium Smart Fitness Trackers Band,Fitness,Smart Fitness Trackers,47816,1888732,20.24,52.44,Bol - BFC XL 2,BFCXL2,8.71425E+12,"Rietgraaf 10, 6678 PJ Oosterhout",FALSE,FALSE,TRUE,USA,88.39,,4,3.1,71,,
PROD-2025-0663,Organic Footwear Sunglasses,Fashion,Footwear,291188,12084302,11.04,65.32,Bol - Ingram Micro,INGRAM,8.71242E+12,"Veerweg 16, 5145 NS Waalwijk",FALSE,TRUE,TRUE,Bangladesh,,Plastic,,3.7,11,,FALSE
PROD-2025-0664,Swift Smart Lighting Blender,Home & Garden,Smart Lighting,22587,2563624.5,90.16,118.68,Bol - BFC Site 1,BFC1,8.71425E+12,"Mechie Trommelenweg 1, 5145 ND Waalwijk",FALSE,FALSE,TRUE,,146.64,Minimal Packaging,3,,,Energy Star,
PROD-2025-0665,Organic Eco-friendly Diapers Crib,Baby,Eco-friendly Diapers,59274,1126206,11.96,23,Bol - BFC Site 1,BFC1,8.71425E+12,"Mechie Trommelenweg 1, 5145 ND Waalwijk",FALSE,FALSE,TRUE,Netherlands,,Foam + Plastic,5,,61,,FALSE
PROD-2025-0666,Smart Charging Solutions Earbuds,Electronics,Charging Solutions,54930,2801430,13.8,80.04,Bol - Ingram Micro,INGRAM,8.71242E+12,"Veerweg 16, 5145 NS Waalwijk",FALSE,FALSE,TRUE,,143.47,Plastic,7,7.3,,Energy Star,FALSE
PROD-2025-0667,Organic Upcycled Fashion Sponge,Eco-Friendly,Upcycled Fashion,62427,8115510,116.84,122.36,Bol - Ingram Micro,INGRAM,8.71242E+12,"Veerweg 16, 5145 NS Waalwijk",FALSE,FALSE,TRUE,,35.84,Recyclable Cardboard,4,7.8,,Energy Star,FALSE
PROD-2025-0668,Pro Yoga Gear Dumbbell,Fitness,Yoga Gear,90600,15809700,116.84,204.24,Bol - BFC Site 2,BFC2,8.71425E+12,"Mechie Trommelenweg 1, 5145 ND Waalwijk",FALSE,TRUE,TRUE,,38.43,Plastic,4,,43,Fair Trade,FALSE
PROD-2025-0669,Luxe Footwear Jacket,Fashion,Footwear,90946,9458384,89.24,102.12,Bol - BFC XL 2,BFCXL2,8.71425E+12,"Rietgraaf 10, 6678 PJ Oosterhout",FALSE,TRUE,TRUE,China,15.18,Mixed Plastic+Cardboard,5,2.6,,Cradle to Cradle,
PROD-2025-0670,Smart Womenswear Leggings,Fashion,Womenswear,90040,7608380,50.6,104.88,Bol - BFC Site 1,BFC1,8.71425E+12,"Mechie Trommelenweg 1, 5145 ND Waalwijk",FALSE,TRUE,TRUE,Portugal,37.43,Minimal Packaging,,4,,,FALSE
PROD-2025-0671,Portable E-books Masterclass,Digital Goods,E-books,96181,11012724.5,68.08,142.6,Bol - BFC Site 2,BFC2,8.71425E+12,"Mechie Trommelenweg 1, 5145 ND Waalwijk",FALSE,FALSE,FALSE,,0,Digital - No Packaging,,,,,
PROD-2025-0672,Glow Yoga Gear Shorts,Fitness,Yoga Gear,46204,8155006,116.84,207.92,Bol - BFC XL 2,BFCXL2,8.71425E+12,"Rietgraaf 10, 6678 PJ Oosterhout",FALSE,TRUE,TRUE,China,59.51,Plastic,5,,60,,
PROD-2025-0673,Glow Pet Apparel Bed,Pet,Pet Apparel,31319,3147559.5,86.48,98.44,Bol - BFC Site 2,BFC2,8.71425E+12,"Mechie Trommelenweg 1, 5145 ND Waalwijk",FALSE,FALSE,TRUE,,17.97,Plastic,1,,72,,FALSE
PROD-2025-0674,Luxe Biodegradable Products Sponge,Eco-Friendly,Biodegradable Products,97157,12144625,111.32,118.68,Bol - BFC Site 2,BFC2,8.71425E+12,"Mechie Trommelenweg 1, 5145 ND Waalwijk",FALSE,FALSE,TRUE,Netherlands,,Recyclable Cardboard,,,59,,
PROD-2025-0675,Ergonomic Yoga Gear Tracker,Fitness,Yoga Gear,74129,6152707,42.32,110.4,Bol - BFC XL,BFCXL,8.71425E+12,"Divisiedok 1, 3439 JM Nieuwegein",TRUE,TRUE,TRUE,China,42.09,Minimal Packaging,,,35,,FALSE
PROD-2025-0676,Flex Fragrances Serum,Beauty & Skincare,Fragrances,65510,8090485,80.04,147.2,Bol - Ingram Micro,INGRAM,8.71242E+12,"Veerweg 16, 5145 NS Waalwijk",FALSE,TRUE,TRUE,China,,,,,,Energy Star,FALSE
PROD-2025-0677,Wireless Eco-friendly Cleaning Diffuser,Home & Garden,Eco-friendly Cleaning,383680,26473920,37.72,89.24,Bol - BFC XL 2,BFCXL2,8.71425E+12,"Rietgraaf 10, 6678 PJ Oosterhout",FALSE,FALSE,TRUE,,,Foam + Plastic,8,10.2,,,FALSE
PROD-2025-0678,Flex E-books Template,Digital Goods,E-books,349564,50162434,119.6,144.44,Bol - BFC Site 2,BFC2,8.71425E+12,"Mechie Trommelenweg 1, 5145 ND Waalwijk",FALSE,FALSE,FALSE,USA,0,Digital - No Packaging,,,,Energy Star,
PROD-2025-0679,Eco Sustainable Apparel Dress,Fashion,Sustainable Apparel,86850,14243400,118.68,183.08,Bol - BFC Site 2,BFC2,8.71425E+12,"Mechie Trommelenweg 1, 5145 ND Waalwijk",FALSE,TRUE,TRUE,Turkey,13.7,Recyclable Cardboard,2,4.4,7,Fair Trade,FALSE
PROD-2025-0680,Nano Smart Lighting Cleaner,Home & Garden,Smart Lighting,69783,7466781,59.8,137.08,Bol - BFC XL,BFCXL,8.71425E+12,"Divisiedok 1, 3439 JM Nieuwegein",FALSE,TRUE,TRUE,Italy,79.86,Plastic,,,34,,FALSE
PROD-2025-0681,Premium Stock Media Masterclass,Digital Goods,Stock Media,99177,14876550,125.12,150.88,Bol - BFC Site 2,BFC2,8.71425E+12,"Mechie Trommelenweg 1, 5145 ND Waalwijk",FALSE,FALSE,FALSE,,0,Digital - No Packaging,,,,,
PROD-2025-0682,Smart Zero-waste Kits Utensils,Eco-Friendly,Zero-waste Kits,66650,7598100,88.32,121.44,Bol - BFC Site 1,BFC1,8.71425E+12,"Mechie Trommelenweg 1, 5145 ND Waalwijk",TRUE,TRUE,TRUE,,13.25,Minimal Packaging,4,5.8,,,FALSE
PROD-2025-0683,Organic Eco-friendly Diapers Monitor,Baby,Eco-friendly Diapers,85557,10822960.5,105.8,126.96,Bol - BFC Site 2,BFC2,8.71425E+12,"Mechie Trommelenweg 1, 5145 ND Waalwijk",FALSE,TRUE,TRUE,Germany,28.36,Plastic,5,2.3,18,,FALSE
PROD-2025-0684,Zen Online Courses Asset,Digital Goods,Online Courses,44698,4916780,88.32,114.08,Bol - BFC Site 2,BFC2,8.71425E+12,"Mechie Trommelenweg 1, 5145 ND Waalwijk",FALSE,FALSE,FALSE,USA,0,Digital - No Packaging,,,,,
PROD-2025-0685,Premium Organic Baby Clothing Swaddle,Baby,Organic Baby Clothing,50271,9601761,137.08,214.36,Bol - BFC XL 2,BFCXL2,8.71425E+12,"Rietgraaf 10, 6678 PJ Oosterhout",FALSE,FALSE,TRUE,,24.86,,6,4.1,7,,
PROD-2025-0686,Pure Accessories Hoodie,Fashion,Accessories,35475,2784787.5,69,75.44,Bol - BFC Site 1,BFC1,8.71425E+12,"Mechie Trommelenweg 1, 5145 ND Waalwijk",FALSE,FALSE,TRUE,,,Mixed Plastic+Cardboard,4,1.9,,,TRUE
PROD-2025-0687,Premium Yoga Gear Roller,Fitness,Yoga Gear,25021,3865744.5,121.44,162.84,Bol - BFC XL 2,BFCXL2,8.71425E+12,"Rietgraaf 10, 6678 PJ Oosterhout",FALSE,FALSE,TRUE,China,29.94,Plastic,,8.6,12,,FALSE
PROD-2025-0688,Ultra Baby Safety Gear Carrier,Baby,Baby Safety Gear,438142,81275341,133.4,207.92,Bol - BFC Site 1,BFC1,8.71425E+12,"Mechie Trommelenweg 1, 5145 ND Waalwijk",FALSE,TRUE,TRUE,USA,9.28,Mixed Plastic+Cardboard,2,,,,
PROD-2025-0689,Flex Athleisure Sneakers,Fashion,Athleisure,26929,1521488.5,25.76,78.2,Bol - BFC Site 1,BFC1,8.71425E+12,"Mechie Trommelenweg 1, 5145 ND Waalwijk",FALSE,TRUE,TRUE,China,33.98,Minimal Packaging,1,,38,,
PROD-2025-0690,Aura Home Office Decor Mug,Home & Garden,Home Office Decor,92385,7436992.5,34.04,114.08,Bol - Ingram Micro,INGRAM,8.71242E+12,"Veerweg 16, 5145 NS Waalwijk",TRUE,TRUE,TRUE,Germany,87.64,Recyclable Cardboard,6,,,,FALSE
PROD-2025-0691,Organic Zero-waste Kits Composter,Eco-Friendly,Zero-waste Kits,25942,3281663,79.12,153.64,Bol - BFC XL,BFCXL,8.71425E+12,"Divisiedok 1, 3439 JM Nieuwegein",FALSE,FALSE,TRUE,,70.3,,6,2.3,43,,
PROD-2025-0692,Pro Smart Home Devices Power Bank,Electronics,Smart Home Devices,66825,6381787.5,75.44,100.28,Bol - BFC Site 2,BFC2,8.71425E+12,"Mechie Trommelenweg 1, 5145 ND Waalwijk",FALSE,TRUE,TRUE,,,,3,3.9,,,FALSE
PROD-2025-0693,Pro Smart Lighting Organizer,Home & Garden,Smart Lighting,67219,9074565,117.76,130.64,Bol - BFC XL,BFCXL,8.71425E+12,"Divisiedok 1, 3439 JM Nieuwegein",FALSE,TRUE,TRUE,Germany,87.55,Mixed Plastic+Cardboard,6,,,,
PROD-2025-0694,Sustainable Recovery Tools Band,Fitness,Recovery Tools,52603,7232912.5,118.68,134.32,Bol - BFC XL,BFCXL,8.71425E+12,"Divisiedok 1, 3439 JM Nieuwegein",FALSE,TRUE,TRUE,Taiwan,79.43,Foam + Plastic,7,,53,,FALSE
PROD-2025-0695,Smart Charging Solutions Stand,Electronics,Charging Solutions,94190,16718725,137.08,189.52,Bol - BFC XL 2,BFCXL2,8.71425E+12,"Rietgraaf 10, 6678 PJ Oosterhout",FALSE,FALSE,TRUE,South Korea,43.49,Biodegradable,8,5.5,,,FALSE
PROD-2025-0696,Organic Yoga Gear Scale,Fitness,Yoga Gear,16626,565284,11.96,50.6,Bol - BFC XL 2,BFCXL2,8.71425E+12,"Rietgraaf 10, 6678 PJ Oosterhout",FALSE,TRUE,TRUE,China,,Minimal Packaging,5,3.7,,,FALSE
PROD-2025-0697,Portable Hair Care Tools Perfume,Beauty & Skincare,Hair Care Tools,59516,4761280,69,78.2,Bol - BFC Site 1,BFC1,8.71425E+12,"Mechie Trommelenweg 1, 5145 ND Waalwijk",FALSE,FALSE,TRUE,France,10.27,Mixed Plastic+Cardboard,3,,,,FALSE
PROD-2025-0698,Eco E-books Guide,Digital Goods,E-books,90118,9642626,69.92,126.96,Bol - BFC Site 2,BFC2,8.71425E+12,"Mechie Trommelenweg 1, 5145 ND Waalwijk",FALSE,FALSE,FALSE,UK,0,Digital - No Packaging,,,,EU Ecolabel,
PROD-2025-0699,Ultra Recovery Tools Bottle,Fitness,Recovery Tools,62213,7932157.5,100.28,134.32,Bol - BFC Site 1,BFC1,8.71425E+12,"Mechie Trommelenweg 1, 5145 ND Waalwijk",FALSE,FALSE,TRUE,Taiwan,,,4,4.2,54,,FALSE
PROD-2025-0700,Glow Pet Apparel Brush,Pet,Pet Apparel,76097,10425289,81.88,170.2,Bol - BFC Site 2,BFC2,8.71425E+12,"Mechie Trommelenweg 1, 5145 ND Waalwijk",FALSE,FALSE,TRUE,USA,19.89,,3,4.6,60,,FALSE
PROD-2025-0701,Aura Smart Fitness Trackers Mat,Fitness,Smart Fitness Trackers,24778,1672515,31.28,92.92,Bol - BFC Site 1,BFC1,8.71425E+12,"Mechie Trommelenweg 1, 5145 ND Waalwijk",FALSE,FALSE,TRUE,China,61.39,Mixed Plastic+Cardboard,6,,40,Fair Trade,FALSE
PROD-2025-0702,Luxe Home Gym Equipment Gloves,Fitness,Home Gym Equipment,97965,18172507.5,138,203.32,Bol - BFC XL,BFCXL,8.71425E+12,"Divisiedok 1, 3439 JM Nieuwegein",FALSE,FALSE,TRUE,China,35.26,Recyclable Cardboard,4,5.5,45,,FALSE
PROD-2025-0703,Zen Footwear Belt,Fashion,Footwear,51987,6680329.5,104.88,131.56,Bol - BFC Site 1,BFC1,8.71425E+12,"Mechie Trommelenweg 1, 5145 ND Waalwijk",FALSE,FALSE,TRUE,Portugal,38.41,Mixed Plastic+Cardboard,,,26,,FALSE
PROD-2025-0704,Pro Pet Apparel Feeder,Pet,Pet Apparel,42936,5130852,80.96,138.92,Bol - BFC Site 2,BFC2,8.71425E+12,"Mechie Trommelenweg 1, 5145 ND Waalwijk",FALSE,TRUE,TRUE,China,,Mixed Plastic+Cardboard,5,,19,,
PROD-2025-0705,Organic SaaS Subscriptions App,Digital Goods,SaaS Subscriptions,85049,4720219.5,47.84,54.28,Bol - BFC Site 2,BFC2,8.71425E+12,"Mechie Trommelenweg 1, 5145 ND Waalwijk",FALSE,FALSE,FALSE,USA,0,Digital - No Packaging,,,,,
PROD-2025-0706,Portable Educational Toys Swaddle,Baby,Educational Toys,43338,2621949,15.64,95.68,Bol - BFC Site 1,BFC1,8.71425E+12,"Mechie Trommelenweg 1, 5145 ND Waalwijk",FALSE,FALSE,TRUE,USA,,,,,70,Fair Trade,FALSE
PROD-2025-0707,Ergonomic Interactive Pet Toys Leash,Pet,Interactive Pet Toys,80865,14353537.5,128.8,197.8,Bol - Ingram Micro,INGRAM,8.71242E+12,"Veerweg 16, 5145 NS Waalwijk",FALSE,FALSE,TRUE,China,16.92,Foam + Plastic,2,,,,FALSE
PROD-2025-0708,Sustainable Indoor Plants Accessories Desk,Home & Garden,Indoor Plants Accessories,433216,51119488,96.6,120.52,Bol - BFC XL 2,BFCXL2,8.71425E+12,"Rietgraaf 10, 6678 PJ Oosterhout",FALSE,TRUE,TRUE,,190.66,Biodegradable,,,31,EU Ecolabel,FALSE
PROD-2025-0709,Organic Smart Lighting Desk,Home & Garden,Smart Lighting,54065,9353245,126.96,191.36,Bol - BFC XL,BFCXL,8.71425E+12,"Divisiedok 1, 3439 JM Nieuwegein",FALSE,TRUE,TRUE,Poland,169.73,Mixed Plastic+Cardboard,7,,,,
PROD-2025-0710,Ultra Pet Apparel Treats,Pet,Pet Apparel,87227,7981270.5,76.36,92,Bol - BFC Site 1,BFC1,8.71425E+12,"Mechie Trommelenweg 1, 5145 ND Waalwijk",FALSE,FALSE,TRUE,Netherlands,13.59,,3,2.4,,,FALSE
PROD-2025-0711,Organic Smart Home Devices Speaker,Electronics,Smart Home Devices,77546,8297422,76.36,120.52,Bol - BFC Site 2,BFC2,8.71425E+12,"Mechie Trommelenweg 1, 5145 ND Waalwijk",FALSE,FALSE,TRUE,,,Minimal Packaging,7,4.1,,,FALSE
PROD-2025-0712,Portable Interactive Pet Toys Brush,Pet,Interactive Pet Toys,90828,15259104,115,194.12,Bol - BFC XL 2,BFCXL2,8.71425E+12,"Rietgraaf 10, 6678 PJ Oosterhout",FALSE,FALSE,TRUE,Germany,8.79,Recyclable Cardboard,,4.8,47,,FALSE
PROD-2025-0713,Swift Wearable Tech Adapter,Electronics,Wearable Tech,416847,26052937.5,45.08,69.92,Bol - Ingram Micro,INGRAM,8.71242E+12,"Veerweg 16, 5145 NS Waalwijk",FALSE,TRUE,TRUE,China,29.91,,,9.9,55,,FALSE
PROD-2025-0714,Nano Personal Care Gadgets Cleanser,Beauty & Skincare,Personal Care Gadgets,98244,11494548,96.6,118.68,Bol - BFC Site 1,BFC1,8.71425E+12,"Mechie Trommelenweg 1, 5145 ND Waalwijk",FALSE,FALSE,TRUE,France,,Recyclable Cardboard,4,,,,FALSE
PROD-2025-0715,Eco Fragrances Toner,Beauty & Skincare,Fragrances,49135,5306580,96.6,102.12,Bol - Ingram Micro,INGRAM,8.71242E+12,"Veerweg 16, 5145 NS Waalwijk",FALSE,FALSE,TRUE,South Korea,13.21,Recyclable Cardboard,4,,74,Cradle to Cradle,FALSE
PROD-2025-0716,Aura Athleisure Belt,Fashion,Athleisure,22315,2432335,62.56,138,Bol - BFC Site 1,BFC1,8.71425E+12,"Mechie Trommelenweg 1, 5145 ND Waalwijk",FALSE,TRUE,TRUE,China,,Plastic,,2.9,,,FALSE
PROD-2025-0717,Nano Accessories Belt,Fashion,Accessories,95317,15250720,133.4,161,Bol - BFC Site 2,BFC2,8.71425E+12,"Mechie Trommelenweg 1, 5145 ND Waalwijk",FALSE,TRUE,TRUE,,,Plastic,5,2.8,8,,FALSE
PROD-2025-0718,Luxe Reusable Packaging Utensils,Eco-Friendly,Reusable Packaging,63736,2039552,23,35.88,Bol - BFC Site 2,BFC2,8.71425E+12,"Mechie Trommelenweg 1, 5145 ND Waalwijk",FALSE,TRUE,TRUE,USA,,Minimal Packaging,4,,,Cradle to Cradle,FALSE
PROD-2025-0719,Pure Zero-waste Kits Utensils,Eco-Friendly,Zero-waste Kits,82451,5359315,49.68,69.92,Bol - Ingram Micro,INGRAM,8.71242E+12,"Veerweg 16, 5145 NS Waalwijk",FALSE,TRUE,TRUE,USA,,Biodegradable,5,8,74,Fair Trade,FALSE
PROD-2025-0720,Pure Charging Solutions Hub,Electronics,Charging Solutions,242367,11027698.5,27.6,56.12,Bol - BFC Site 1,BFC1,8.71425E+12,"Mechie Trommelenweg 1, 5145 ND Waalwijk",FALSE,TRUE,TRUE,China,,,,3,,Energy Star,FALSE
PROD-2025-0721,Premium Activewear Tracker,Fitness,Activewear,47124,8977122,134.32,216.2,Bol - BFC XL,BFCXL,8.71425E+12,"Divisiedok 1, 3439 JM Nieuwegein",FALSE,TRUE,TRUE,China,,,5,8.5,,Energy Star,FALSE
PROD-2025-0722,Ergonomic Athleisure Leggings,Fashion,Athleisure,37598,5320117,115,145.36,Bol - BFC Site 2,BFC2,8.71425E+12,"Mechie Trommelenweg 1, 5145 ND Waalwijk",FALSE,TRUE,TRUE,India,46.57,Minimal Packaging,,4.3,,,
PROD-2025-0723,Zen SaaS Subscriptions Asset,Digital Goods,SaaS Subscriptions,69644,6059028,48.76,111.32,Bol - Ingram Micro,INGRAM,8.71242E+12,"Veerweg 16, 5145 NS Waalwijk",FALSE,FALSE,FALSE,USA,0,Digital - No Packaging,,,,,
PROD-2025-0724,Vital Reusable Packaging Composter,Eco-Friendly,Reusable Packaging,44201,5016813.5,85.56,123.28,Bol - BFC Site 2,BFC2,8.71425E+12,"Mechie Trommelenweg 1, 5145 ND Waalwijk",FALSE,TRUE,TRUE,,14.67,Recyclable Cardboard,4,,95,Energy Star,FALSE
PROD-2025-0725,Ultra Personal Care Gadgets Dryer,Beauty & Skincare,Personal Care Gadgets,390314,8196594,11.04,27.6,Bol - BFC Site 2,BFC2,8.71425E+12,"Mechie Trommelenweg 1, 5145 ND Waalwijk",FALSE,TRUE,TRUE,France,,Mixed Plastic+Cardboard,,1.4,,,FALSE
PROD-2025-0726,Zen Indoor Plants Accessories Organizer,Home & Garden,Indoor Plants Accessories,74789,7628478,82.8,104.88,Bol - BFC XL 2,BFCXL2,8.71425E+12,"Rietgraaf 10, 6678 PJ Oosterhout",FALSE,FALSE,TRUE,,,Plastic,6,,,,TRUE
PROD-2025-0727,Luxe Kitchen Gadgets Cleaner,Home & Garden,Kitchen Gadgets,36037,6378549,128.8,196.88,Bol - BFC XL,BFCXL,8.71425E+12,"Divisiedok 1, 3439 JM Nieuwegein",FALSE,FALSE,TRUE,Netherlands,,Plastic,5,,45,,FALSE
PROD-2025-0728,Wireless Wearable Tech Adapter,Electronics,Wearable Tech,493484,74269342,112.24,164.68,Bol - BFC XL,BFCXL,8.71425E+12,"Divisiedok 1, 3439 JM Nieuwegein",FALSE,TRUE,TRUE,China,200.41,Mixed Plastic+Cardboard,5,,64,,FALSE
PROD-2025-0729,Organic Biodegradable Products Brush,Eco-Friendly,Biodegradable Products,58243,3611066,53.36,60.72,Bol - BFC XL,BFCXL,8.71425E+12,"Divisiedok 1, 3439 JM Nieuwegein",FALSE,TRUE,TRUE,USA,15.08,Biodegradable,,9.3,40,,FALSE
PROD-2025-0730,Portable Organic Makeup Lotion,Beauty & Skincare,Organic Makeup,99844,17223090,123.28,194.12,Bol - Ingram Micro,INGRAM,8.71242E+12,"Veerweg 16, 5145 NS Waalwijk",FALSE,TRUE,TRUE,China,13.02,Foam + Plastic,4,,74,EU Ecolabel,
PROD-2025-0731,Ergonomic Zero-waste Kits Composter,Eco-Friendly,Zero-waste Kits,96348,7900536,57.96,92.92,Bol - BFC XL,BFCXL,8.71425E+12,"Divisiedok 1, 3439 JM Nieuwegein",FALSE,FALSE,TRUE,Netherlands,3.19,Recyclable Cardboard,,9.9,,EU Ecolabel,FALSE
PROD-2025-0732,Glow Fragrances Dryer,Beauty & Skincare,Fragrances,74281,8950860.5,80.96,140.76,Bol - BFC Site 1,BFC1,8.71425E+12,"Mechie Trommelenweg 1, 5145 ND Waalwijk",FALSE,FALSE,TRUE,China,14.14,Minimal Packaging,1,,23,Fair Trade,FALSE
PROD-2025-0733,Ergonomic Wearable Tech Speaker,Electronics,Wearable Tech,22768,944872,17.48,58.88,Bol - Ingram Micro,INGRAM,8.71242E+12,"Veerweg 16, 5145 NS Waalwijk",FALSE,TRUE,TRUE,Japan,,Plastic,,7.6,64,,FALSE
PROD-2025-0734,Minimalist Solar Powered Gadgets Composter,Eco-Friendly,Solar Powered Gadgets,90996,13876890,136.16,144.44,Bol - Ingram Micro,INGRAM,8.71242E+12,"Veerweg 16, 5145 NS Waalwijk",FALSE,FALSE,TRUE,,,,6,,55,,FALSE
PROD-2025-0735,Portable Organic Makeup Mask,Beauty & Skincare,Organic Makeup,15245,769872.5,18.4,74.52,Bol - BFC Site 2,BFC2,8.71425E+12,"Mechie Trommelenweg 1, 5145 ND Waalwijk",FALSE,TRUE,TRUE,South Korea,6.5,Plastic,,0.7,,,FALSE
PROD-2025-0736,Pro Activewear Bench,Fitness,Activewear,89617,4570467,11.04,82.8,Bol - BFC XL 2,BFCXL2,8.71425E+12,"Rietgraaf 10, 6678 PJ Oosterhout",FALSE,FALSE,TRUE,China,60.6,Mixed Plastic+Cardboard,6,,41,,FALSE
PROD-2025-0737,Pro Digital Planners Tool,Digital Goods,Digital Planners,48098,5819858,108.56,114.08,Bol - BFC Site 2,BFC2,8.71425E+12,"Mechie Trommelenweg 1, 5145 ND Waalwijk",FALSE,FALSE,FALSE,USA,0,Digital - No Packaging,,,,,
PROD-2025-0738,Flex Home Gym Equipment Roller,Fitness,Home Gym Equipment,54193,7966371,126.04,144.44,Bol - BFC XL,BFCXL,8.71425E+12,"Divisiedok 1, 3439 JM Nieuwegein",TRUE,TRUE,TRUE,,22.71,,5,8.9,46,,TRUE
PROD-2025-0739,Pure Personal Care Gadgets Serum,Beauty & Skincare,Personal Care Gadgets,13867,312007.5,10.12,31.28,Bol - BFC Site 1,BFC1,8.71425E+12,"Mechie Trommelenweg 1, 5145 ND Waalwijk",FALSE,FALSE,TRUE,,4.94,Recyclable Cardboard,,1,60,,FALSE
PROD-2025-0740,Smart Personal Care Gadgets Perfume,Beauty & Skincare,Personal Care Gadgets,13500,1748250,105.8,132.48,Bol - BFC Site 2,BFC2,8.71425E+12,"Mechie Trommelenweg 1, 5145 ND Waalwijk",FALSE,TRUE,TRUE,,3.9,Foam + Plastic,,0.7,80,,FALSE
PROD-2025-0741,Zen Organic Pet Food Brush,Pet,Organic Pet Food,452083,74367653.5,117.76,184.92,Bol - BFC XL,BFCXL,8.71425E+12,"Divisiedok 1, 3439 JM Nieuwegein",FALSE,FALSE,TRUE,,15.29,,,4.9,,,FALSE
PROD-2025-0742,Sustainable Pet Grooming Tools Treats,Pet,Pet Grooming Tools,51708,7368390,88.32,173.88,Bol - Ingram Micro,INGRAM,8.71242E+12,"Veerweg 16, 5145 NS Waalwijk",FALSE,FALSE,TRUE,China,,Recyclable Cardboard,,4.4,,,FALSE
PROD-2025-0743,Sustainable Portable Audio Speaker,Electronics,Portable Audio,12755,1211725,68.08,106.72,Bol - BFC Site 1,BFC1,8.71425E+12,"Mechie Trommelenweg 1, 5145 ND Waalwijk",FALSE,FALSE,TRUE,Japan,194.32,,,3.1,41,,FALSE
PROD-2025-0744,Vital Wearable Tech Watch,Electronics,Wearable Tech,50320,4604280,76.36,92,Bol - Ingram Micro,INGRAM,8.71242E+12,"Veerweg 16, 5145 NS Waalwijk",FALSE,FALSE,TRUE,China,195.44,Plastic,7,5.2,,,TRUE
PROD-2025-0745,Luxe Charging Solutions Power Bank,Electronics,Charging Solutions,158713,12855753,71.76,77.28,Bol - Ingram Micro,INGRAM,8.71242E+12,"Veerweg 16, 5145 NS Waalwijk",FALSE,TRUE,TRUE,,173.69,Plastic,4,,18,,
PROD-2025-0746,Ergonomic Pet Apparel Treats,Pet,Pet Apparel,53329,3066417.5,9.2,96.6,Bol - BFC Site 2,BFC2,8.71425E+12,"Mechie Trommelenweg 1, 5145 ND Waalwijk",FALSE,FALSE,TRUE,China,11.92,Mixed Plastic+Cardboard,4,1.2,,Energy Star,FALSE
PROD-2025-0747,Swift Korean Skincare Mask,Beauty & Skincare,Korean Skincare,72232,7403780,51.52,137.08,Bol - BFC Site 2,BFC2,8.71425E+12,"Mechie Trommelenweg 1, 5145 ND Waalwijk",FALSE,FALSE,TRUE,China,,Plastic,1,,,,
PROD-2025-0748,Wireless E-books App,Digital Goods,E-books,31914,1930797,38.64,72.68,Bol - BFC Site 2,BFC2,8.71425E+12,"Mechie Trommelenweg 1, 5145 ND Waalwijk",FALSE,FALSE,FALSE,USA,0,Digital - No Packaging,,,,,
PROD-2025-0749,Swift Home Office Decor Desk,Home & Garden,Home Office Decor,23435,3128572.5,113.16,132.48,Bol - BFC Site 2,BFC2,8.71425E+12,"Mechie Trommelenweg 1, 5145 ND Waalwijk",FALSE,TRUE,TRUE,Italy,57.94,Plastic,6,,,,FALSE
PROD-2025-0750,Nano Online Courses Software,Digital Goods,Online Courses,22582,1174264,12.88,82.8,Bol - Ingram Micro,INGRAM,8.71242E+12,"Veerweg 16, 5145 NS Waalwijk",FALSE,FALSE,FALSE,,0,Digital - No Packaging,,,,,
PROD-2025-0751,Ultra Interactive Pet Toys Treats,Pet,Interactive Pet Toys,248884,42683606,130.64,184.92,Bol - BFC Site 1,BFC1,8.71425E+12,"Mechie Trommelenweg 1, 5145 ND Waalwijk",FALSE,TRUE,TRUE,,,Minimal Packaging,,3.5,72,EU Ecolabel,TRUE
PROD-2025-0752,Aura Smart Fitness Trackers Bench,Fitness,Smart Fitness Trackers,92962,6042530,28.52,91.08,Bol - BFC XL,BFCXL,8.71425E+12,"Divisiedok 1, 3439 JM Nieuwegein",FALSE,FALSE,TRUE,,73.91,Mixed Plastic+Cardboard,,4.7,15,,
PROD-2025-0753,Pro Upcycled Fashion Wrap,Eco-Friendly,Upcycled Fashion,429486,18038412,20.24,57.04,Bol - BFC Site 1,BFC1,8.71425E+12,"Mechie Trommelenweg 1, 5145 ND Waalwijk",FALSE,TRUE,TRUE,USA,,Recyclable Cardboard,6,,51,FSC Certified,FALSE
PROD-2025-0754,Ultra Stock Media Course,Digital Goods,Stock Media,281501,13793549,42.32,47.84,Bol - BFC Site 1,BFC1,8.71425E+12,"Mechie Trommelenweg 1, 5145 ND Waalwijk",FALSE,FALSE,FALSE,USA,0,Digital - No Packaging,,,,,
PROD-2025-0755,Minimalist Smart Fitness Trackers Band,Fitness,Smart Fitness Trackers,85233,2727456,17.48,41.4,Bol - BFC Site 1,BFC1,8.71425E+12,"Mechie Trommelenweg 1, 5145 ND Waalwijk",FALSE,FALSE,TRUE,China,,,,,,,FALSE
PROD-2025-0756,Sustainable Smart Baby Monitors Bib,Baby,Smart Baby Monitors,28700,2554300,57.04,106.72,Bol - BFC Site 1,BFC1,8.71425E+12,"Mechie Trommelenweg 1, 5145 ND Waalwijk",FALSE,FALSE,TRUE,,11.7,Mixed Plastic+Cardboard,2,1.7,,,FALSE
PROD-2025-0757,Flex Smart Lighting Diffuser,Home & Garden,Smart Lighting,93387,3548706,11.96,57.96,Bol - BFC Site 1,BFC1,8.71425E+12,"Mechie Trommelenweg 1, 5145 ND Waalwijk",FALSE,FALSE,TRUE,,110.62,Biodegradable,5,,26,,FALSE
PROD-2025-0758,Portable Organic Makeup Cleanser,Beauty & Skincare,Organic Makeup,15146,1658487,95.68,105.8,Bol - BFC Site 2,BFC2,8.71425E+12,"Mechie Trommelenweg 1, 5145 ND Waalwijk",FALSE,FALSE,TRUE,South Korea,5.99,Recyclable Cardboard,2,1.2,,,FALSE
PROD-2025-0759,Eco Stock Media Bundle,Digital Goods,Stock Media,42517,5272108,71.76,156.4,Bol - BFC Site 1,BFC1,8.71425E+12,"Mechie Trommelenweg 1, 5145 ND Waalwijk",FALSE,FALSE,FALSE,Germany,0,Digital - No Packaging,,,,,
PROD-2025-0760,Ergonomic Stock Media Asset,Digital Goods,Stock Media,44488,6984616,113.16,175.72,Bol - BFC Site 2,BFC2,8.71425E+12,"Mechie Trommelenweg 1, 5145 ND Waalwijk",FALSE,FALSE,FALSE,USA,0,Digital - No Packaging,,,,,
PROD-2025-0761,Aura Fragrances Lipstick,Beauty & Skincare,Fragrances,46295,7453495,110.4,185.84,Bol - BFC XL,BFCXL,8.71425E+12,"Divisiedok 1, 3439 JM Nieuwegein",FALSE,FALSE,TRUE,USA,12.96,Mixed Plastic+Cardboard,4,,56,,FALSE
PROD-2025-0762,Sustainable Yoga Gear Scale,Fitness,Yoga Gear,193996,9796798,13.8,79.12,Bol - BFC XL,BFCXL,8.71425E+12,"Divisiedok 1, 3439 JM Nieuwegein",FALSE,FALSE,TRUE,USA,43.98,Mixed Plastic+Cardboard,,12,57,,FALSE
PROD-2025-0763,Wireless Smart Baby Monitors Crib,Baby,Smart Baby Monitors,93565,13566925,109.48,157.32,Bol - BFC Site 2,BFC2,8.71425E+12,"Mechie Trommelenweg 1, 5145 ND Waalwijk",FALSE,TRUE,TRUE,USA,17.46,Minimal Packaging,,,27,,FALSE
PROD-2025-0764,Ergonomic Footwear Hoodie,Fashion,Footwear,98906,13006139,112.24,129.72,Bol - BFC Site 1,BFC1,8.71425E+12,"Mechie Trommelenweg 1, 5145 ND Waalwijk",TRUE,TRUE,TRUE,,24.58,Plastic,,,19,,FALSE
PROD-2025-0765,Flex Home Gym Equipment Mat,Fitness,Home Gym Equipment,76984,3618248,14.72,71.76,Bol - BFC Site 2,BFC2,8.71425E+12,"Mechie Trommelenweg 1, 5145 ND Waalwijk",FALSE,TRUE,TRUE,USA,54.38,Plastic,5,7.8,73,,TRUE
PROD-2025-0766,Minimalist Interactive Pet Toys Bowl,Pet,Interactive Pet Toys,57683,5220311.5,57.96,108.56,Bol - BFC XL,BFCXL,8.71425E+12,"Divisiedok 1, 3439 JM Nieuwegein",FALSE,FALSE,TRUE,,18.62,Plastic,1,,,,
PROD-2025-0767,Ultra Biodegradable Products Sponge,Eco-Friendly,Biodegradable Products,49129,6411334.5,99.36,140.76,Bol - BFC Site 1,BFC1,8.71425E+12,"Mechie Trommelenweg 1, 5145 ND Waalwijk",FALSE,TRUE,TRUE,USA,,,3,7.7,88,,FALSE
PROD-2025-0768,Organic SaaS Subscriptions Guide,Digital Goods,SaaS Subscriptions,24174,2332791,69,108.56,Bol - BFC Site 2,BFC2,8.71425E+12,"Mechie Trommelenweg 1, 5145 ND Waalwijk",FALSE,FALSE,FALSE,Netherlands,0,Digital - No Packaging,,,,Energy Star,
PROD-2025-0769,Luxe Upcycled Fashion Brush,Eco-Friendly,Upcycled Fashion,62928,1699056,19.32,30.36,Bol - BFC Site 1,BFC1,8.71425E+12,"Mechie Trommelenweg 1, 5145 ND Waalwijk",FALSE,TRUE,TRUE,Germany,25.72,Plastic,,7.6,,,FALSE
PROD-2025-0770,Wireless Smart Lighting Organizer,Home & Garden,Smart Lighting,24571,2027107.5,63.48,88.32,Bol - Ingram Micro,INGRAM,8.71242E+12,"Veerweg 16, 5145 NS Waalwijk",FALSE,TRUE,TRUE,China,151.64,Plastic,3,14.7,69,,FALSE
PROD-2025-0771,Sustainable Recovery Tools Scale,Fitness,Recovery Tools,45763,7711065.5,126.96,183.08,Bol - BFC XL,BFCXL,8.71425E+12,"Divisiedok 1, 3439 JM Nieuwegein",FALSE,TRUE,TRUE,,6.35,Plastic,,,,,FALSE
PROD-2025-0772,Premium Smart Home Devices Case,Electronics,Smart Home Devices,87128,11980100,103.04,149.96,Bol - Ingram Micro,INGRAM,8.71242E+12,"Veerweg 16, 5145 NS Waalwijk",FALSE,FALSE,TRUE,Japan,138.17,Plastic,6,9.6,39,,FALSE
PROD-2025-0773,Zen Accessories Leggings,Fashion,Accessories,14872,1963104,103.96,138.92,Bol - BFC XL 2,BFCXL2,8.71425E+12,"Rietgraaf 10, 6678 PJ Oosterhout",TRUE,TRUE,TRUE,Bangladesh,,Mixed Plastic+Cardboard,2,,27,,FALSE
PROD-2025-0774,Ergonomic Baby Safety Gear Toy,Baby,Baby Safety Gear,38704,4509016,63.48,150.88,Bol - Ingram Micro,INGRAM,8.71242E+12,"Veerweg 16, 5145 NS Waalwijk",FALSE,FALSE,TRUE,,16.63,,,3.3,73,Fair Trade,TRUE
PROD-2025-0775,Wireless Reusable Packaging Bottle,Eco-Friendly,Reusable Packaging,32520,4390200,108.56,139.84,Bol - BFC Site 2,BFC2,8.71425E+12,"Mechie Trommelenweg 1, 5145 ND Waalwijk",FALSE,TRUE,TRUE,,12.7,,3,5.5,77,Cradle to Cradle,
PROD-2025-0776,Ultra Digital Planners Template,Digital Goods,Digital Planners,14493,1543504.5,78.2,117.76,Bol - BFC Site 2,BFC2,8.71425E+12,"Mechie Trommelenweg 1, 5145 ND Waalwijk",FALSE,FALSE,FALSE,USA,0,Digital - No Packaging,,,,,
PROD-2025-0777,Organic Yoga Gear Bench,Fitness,Yoga Gear,93101,12335882.5,92,151.8,Bol - BFC XL,BFCXL,8.71425E+12,"Divisiedok 1, 3439 JM Nieuwegein",FALSE,FALSE,TRUE,Germany,,Mixed Plastic+Cardboard,,11.8,67,,FALSE
PROD-2025-0778,Pure Sustainable Apparel Sneakers,Fashion,Sustainable Apparel,52627,3499695.5,35.88,86.48,Bol - BFC Site 2,BFC2,8.71425E+12,"Mechie Trommelenweg 1, 5145 ND Waalwijk",FALSE,FALSE,TRUE,Bangladesh,19.09,Minimal Packaging,,,,,FALSE
PROD-2025-0779,Pro Biodegradable Products Kit,Eco-Friendly,Biodegradable Products,85465,8332837.5,79.12,100.28,Bol - BFC Site 2,BFC2,8.71425E+12,"Mechie Trommelenweg 1, 5145 ND Waalwijk",FALSE,FALSE,TRUE,,8.48,Recyclable Cardboard,,4.6,70,,FALSE
PROD-2025-0780,Sustainable Footwear Dress,Fashion,Footwear,57870,7378425,91.08,143.52,Bol - BFC Site 2,BFC2,8.71425E+12,"Mechie Trommelenweg 1, 5145 ND Waalwijk",FALSE,TRUE,TRUE,,19.63,Plastic,4,1,12,,FALSE
PROD-2025-0781,Aura Kitchen Gadgets Blender,Home & Garden,Kitchen Gadgets,233452,19376516,59.8,92.92,Bol - BFC XL 2,BFCXL2,8.71425E+12,"Rietgraaf 10, 6678 PJ Oosterhout",TRUE,TRUE,TRUE,China,66.01,Plastic,4,16.1,69,,TRUE
PROD-2025-0782,Ergonomic Eco-friendly Cleaning Vacuum,Home & Garden,Eco-friendly Cleaning,16808,1193368,61.64,69,Bol - BFC Site 1,BFC1,8.71425E+12,"Mechie Trommelenweg 1, 5145 ND Waalwijk",FALSE,FALSE,TRUE,Poland,158.43,Foam + Plastic,3,,53,,
PROD-2025-0783,Pro Recovery Tools Bench,Fitness,Recovery Tools,41248,4537280,72.68,129.72,Bol - BFC Site 2,BFC2,8.71425E+12,"Mechie Trommelenweg 1, 5145 ND Waalwijk",FALSE,TRUE,TRUE,China,12.03,Biodegradable,4,8.2,61,,FALSE
PROD-2025-0784,Swift Biodegradable Products Soap,Eco-Friendly,Biodegradable Products,59600,9953200,115,192.28,Bol - BFC Site 1,BFC1,8.71425E+12,"Mechie Trommelenweg 1, 5145 ND Waalwijk",FALSE,TRUE,TRUE,,130.73,Recyclable Cardboard,6,3.7,,,FALSE
PROD-2025-0785,Luxe Indoor Plants Accessories Planter,Home & Garden,Indoor Plants Accessories,44777,5686679,80.04,153.64,Bol - BFC XL 2,BFCXL2,8.71425E+12,"Rietgraaf 10, 6678 PJ Oosterhout",FALSE,FALSE,TRUE,China,91.19,Biodegradable,2,12.7,,,
PROD-2025-0786,Pure Indoor Plants Accessories Cleaner,Home & Garden,Indoor Plants Accessories,28512,3578256,111.32,119.6,Bol - BFC XL,BFCXL,8.71425E+12,"Divisiedok 1, 3439 JM Nieuwegein",FALSE,FALSE,TRUE,Netherlands,149.54,Foam + Plastic,6,,16,,FALSE
PROD-2025-0787,Glow Baby Safety Gear Bottle,Baby,Baby Safety Gear,69186,5707845,59.8,92,Bol - Ingram Micro,INGRAM,8.71242E+12,"Veerweg 16, 5145 NS Waalwijk",FALSE,FALSE,TRUE,USA,6.26,Recyclable Cardboard,4,3.8,60,,FALSE
PROD-2025-0788,Smart Fragrances Lipstick,Beauty & Skincare,Fragrances,89000,16643000,135.24,208.84,Bol - BFC Site 1,BFC1,8.71425E+12,"Mechie Trommelenweg 1, 5145 ND Waalwijk",TRUE,TRUE,TRUE,France,8.97,Mixed Plastic+Cardboard,2,1.2,,,
PROD-2025-0789,Eco Smart Pet Feeders Carrier,Pet,Smart Pet Feeders,52375,2330687.5,17.48,64.4,Bol - BFC Site 2,BFC2,8.71425E+12,"Mechie Trommelenweg 1, 5145 ND Waalwijk",FALSE,TRUE,TRUE,,17.05,Mixed Plastic+Cardboard,3,4.7,30,,FALSE
PROD-2025-0790,Portable Biodegradable Products Utensils,Eco-Friendly,Biodegradable Products,23285,1688162.5,61.64,71.76,Bol - BFC XL 2,BFCXL2,8.71425E+12,"Rietgraaf 10, 6678 PJ Oosterhout",FALSE,TRUE,TRUE,,33.53,Plastic,8,,,,
PROD-2025-0791,Pro Fragrances Perfume,Beauty & Skincare,Fragrances,29112,771468,13.8,34.96,Bol - BFC Site 2,BFC2,8.71425E+12,"Mechie Trommelenweg 1, 5145 ND Waalwijk",FALSE,TRUE,TRUE,USA,7.99,Plastic,3,0.8,,,FALSE
PROD-2025-0792,Flex Activewear Tracker,Fitness,Activewear,412983,38200927.5,65.32,104.88,Bol - BFC Site 1,BFC1,8.71425E+12,"Mechie Trommelenweg 1, 5145 ND Waalwijk",FALSE,TRUE,TRUE,China,38.69,Minimal Packaging,5,,54,EU Ecolabel,FALSE
PROD-2025-0793,Eco SaaS Subscriptions Bundle,Digital Goods,SaaS Subscriptions,82605,11647305,90.16,169.28,Bol - BFC Site 2,BFC2,8.71425E+12,"Mechie Trommelenweg 1, 5145 ND Waalwijk",FALSE,FALSE,FALSE,,0,Digital - No Packaging,,,,Cradle to Cradle,
PROD-2025-0794,Pro Zero-waste Kits Bottle,Eco-Friendly,Zero-waste Kits,75901,7020842.5,82.8,87.4,Bol - Ingram Micro,INGRAM,8.71242E+12,"Veerweg 16, 5145 NS Waalwijk",FALSE,TRUE,TRUE,Netherlands,29.85,Biodegradable,6,,49,EU Ecolabel,FALSE
PROD-2025-0795,Zen Pet Grooming Tools Toy,Pet,Pet Grooming Tools,83354,14253534,116.84,197.8,Bol - BFC Site 1,BFC1,8.71425E+12,"Mechie Trommelenweg 1, 5145 ND Waalwijk",FALSE,TRUE,TRUE,Netherlands,,Biodegradable,,1.1,57,,FALSE
PROD-2025-0796,Minimalist Indoor Plants Accessories Desk,Home & Garden,Indoor Plants Accessories,13982,936794,20.24,103.04,Bol - BFC XL,BFCXL,8.71425E+12,"Divisiedok 1, 3439 JM Nieuwegein",FALSE,TRUE,TRUE,China,31.36,Foam + Plastic,6,17.9,5,,FALSE
PROD-2025-0797,Premium Accessories T-Shirt,Fashion,Accessories,10703,144490.5,9.2,15.64,Bol - BFC Site 1,BFC1,8.71425E+12,"Mechie Trommelenweg 1, 5145 ND Waalwijk",FALSE,TRUE,TRUE,Turkey,38.19,Recyclable Cardboard,,,33,,FALSE
PROD-2025-0798,Ultra Menswear Dress,Fashion,Menswear,42064,2082168,17.48,73.6,Bol - BFC Site 2,BFC2,8.71425E+12,"Mechie Trommelenweg 1, 5145 ND Waalwijk",FALSE,TRUE,TRUE,India,24.72,Mixed Plastic+Cardboard,3,1.5,,,TRUE
PROD-2025-0799,Pro Fragrances Perfume,Beauty & Skincare,Fragrances,39698,3175840,68.08,79.12,Bol - BFC XL 2,BFCXL2,8.71425E+12,"Rietgraaf 10, 6678 PJ Oosterhout",FALSE,TRUE,TRUE,,,,,0.5,,,FALSE
PROD-2025-0800,Luxe Interactive Pet Toys Feeder,Pet,Interactive Pet Toys,13781,2074040.5,121.44,155.48,Bol - BFC XL,BFCXL,8.71425E+12,"Divisiedok 1, 3439 JM Nieuwegein",FALSE,TRUE,TRUE,,11.37,,,4.7,,,FALSE
PROD-2025-0801,Flex Organic Makeup Lotion,Beauty & Skincare,Organic Makeup,489274,44523934,42.32,125.12,Bol - BFC Site 2,BFC2,8.71425E+12,"Mechie Trommelenweg 1, 5145 ND Waalwijk",FALSE,TRUE,TRUE,USA,,Mixed Plastic+Cardboard,2,,19,,FALSE
PROD-2025-0802,Glow Pet Apparel Bowl,Pet,Pet Apparel,30739,1014387,11.96,48.76,Bol - BFC Site 1,BFC1,8.71425E+12,"Mechie Trommelenweg 1, 5145 ND Waalwijk",FALSE,FALSE,TRUE,Netherlands,4.47,Minimal Packaging,2,1.9,,,FALSE
PROD-2025-0803,Wireless Solar Powered Gadgets Bottle,Eco-Friendly,Solar Powered Gadgets,330081,14853645,30.36,52.44,Bol - BFC XL,BFCXL,8.71425E+12,"Divisiedok 1, 3439 JM Nieuwegein",FALSE,FALSE,TRUE,Netherlands,15.6,,,6.9,88,,FALSE
PROD-2025-0804,Ergonomic Stock Media Bundle,Digital Goods,Stock Media,90973,11781003.5,81.88,156.4,Bol - Ingram Micro,INGRAM,8.71242E+12,"Veerweg 16, 5145 NS Waalwijk",FALSE,FALSE,FALSE,USA,0,Digital - No Packaging,,,,,
PROD-2025-0805,Zen Footwear Scarf,Fashion,Footwear,205212,39195492,138,213.44,Bol - BFC Site 2,BFC2,8.71425E+12,"Mechie Trommelenweg 1, 5145 ND Waalwijk",FALSE,TRUE,TRUE,Turkey,,,3,,13,,FALSE
PROD-2025-0806,Minimalist Phone Accessories Projector,Electronics,Phone Accessories,98904,10533276,52.44,143.52,Bol - BFC Site 2,BFC2,8.71425E+12,"Mechie Trommelenweg 1, 5145 ND Waalwijk",FALSE,FALSE,TRUE,China,166.83,Recyclable Cardboard,3,,22,Energy Star,FALSE
PROD-2025-0807,Glow Organic Pet Food Bowl,Pet,Organic Pet Food,16121,1853915,80.96,130.64,Bol - BFC Site 1,BFC1,8.71425E+12,"Mechie Trommelenweg 1, 5145 ND Waalwijk",FALSE,FALSE,TRUE,China,,Recyclable Cardboard,4,,,,FALSE
PROD-2025-0808,Nano Smart Home Devices Charger,Electronics,Smart Home Devices,46772,5355394,78.2,132.48,Bol - BFC Site 2,BFC2,8.71425E+12,"Mechie Trommelenweg 1, 5145 ND Waalwijk",FALSE,FALSE,TRUE,Taiwan,,Plastic,6,9,67,,
PROD-2025-0809,Vital Yoga Gear Tracker,Fitness,Yoga Gear,391151,66495670,133.4,179.4,Bol - BFC XL 2,BFCXL2,8.71425E+12,"Rietgraaf 10, 6678 PJ Oosterhout",FALSE,TRUE,TRUE,Germany,84.49,Plastic,5,9.6,70,,FALSE
PROD-2025-0810,Vital Sustainable Apparel Sneakers,Fashion,Sustainable Apparel,34925,1658937.5,14.72,72.68,Bol - BFC Site 1,BFC1,8.71425E+12,"Mechie Trommelenweg 1, 5145 ND Waalwijk",TRUE,TRUE,TRUE,India,13.41,Plastic,4,4.3,,,FALSE
PROD-2025-0811,Glow Indoor Plants Accessories Diffuser,Home & Garden,Indoor Plants Accessories,16051,1974273,81.88,144.44,Bol - BFC XL,BFCXL,8.71425E+12,"Divisiedok 1, 3439 JM Nieuwegein",FALSE,FALSE,TRUE,China,78.53,Foam + Plastic,5,5.6,61,,FALSE
PROD-2025-0812,Aura Smart Pet Feeders Carrier,Pet,Smart Pet Feeders,29923,4638065,106.72,178.48,Bol - BFC XL,BFCXL,8.71425E+12,"Divisiedok 1, 3439 JM Nieuwegein",FALSE,FALSE,TRUE,China,1.46,Recyclable Cardboard,1,4.4,,,FALSE
PROD-2025-0813,Wireless Smart Lighting Organizer,Home & Garden,Smart Lighting,21440,3623360,126.96,184,Bol - BFC XL,BFCXL,8.71425E+12,"Divisiedok 1, 3439 JM Nieuwegein",TRUE,TRUE,TRUE,Poland,,Plastic,6,16.1,27,,FALSE
PROD-2025-0814,Zen Footwear Hoodie,Fashion,Footwear,178634,6698775,29.44,39.56,Bol - BFC Site 2,BFC2,8.71425E+12,"Mechie Trommelenweg 1, 5145 ND Waalwijk",FALSE,TRUE,TRUE,Bangladesh,33.05,Mixed Plastic+Cardboard,,,,,FALSE
PROD-2025-0815,Organic Smart Lighting Cleaner,Home & Garden,Smart Lighting,89954,10254756,73.6,136.16,Bol - BFC XL 2,BFCXL2,8.71425E+12,"Rietgraaf 10, 6678 PJ Oosterhout",FALSE,TRUE,TRUE,,182.68,Mixed Plastic+Cardboard,6,,14,,
PROD-2025-0816,Sustainable Fragrances Brush,Beauty & Skincare,Fragrances,13376,1865952,110.4,146.28,Bol - BFC Site 2,BFC2,8.71425E+12,"Mechie Trommelenweg 1, 5145 ND Waalwijk",FALSE,TRUE,TRUE,Germany,6.25,Recyclable Cardboard,3,1.9,,,FALSE
PROD-2025-0817,Eco Eco-friendly Diapers Swaddle,Baby,Eco-friendly Diapers,62240,5881680,60.72,113.16,Bol - BFC Site 1,BFC1,8.71425E+12,"Mechie Trommelenweg 1, 5145 ND Waalwijk",FALSE,TRUE,TRUE,,8.13,Plastic,2,,,,FALSE
PROD-2025-0818,Pro Smart Baby Monitors Diaper,Baby,Smart Baby Monitors,56342,1549405,15.64,34.96,Bol - BFC Site 1,BFC1,8.71425E+12,"Mechie Trommelenweg 1, 5145 ND Waalwijk",FALSE,FALSE,TRUE,USA,19.56,Foam + Plastic,6,2.5,60,,FALSE
PROD-2025-0819,Vital Korean Skincare Perfume,Beauty & Skincare,Korean Skincare,62533,9379950,126.96,149.04,Bol - BFC Site 1,BFC1,8.71425E+12,"Mechie Trommelenweg 1, 5145 ND Waalwijk",FALSE,FALSE,TRUE,,14.8,Mixed Plastic+Cardboard,,1.6,65,Energy Star,FALSE
PROD-2025-0820,Pure Organic Baby Clothing Toy,Baby,Organic Baby Clothing,24153,3007048.5,92.92,136.16,Bol - BFC Site 1,BFC1,8.71425E+12,"Mechie Trommelenweg 1, 5145 ND Waalwijk",FALSE,FALSE,TRUE,Germany,,Mixed Plastic+Cardboard,5,4.8,,,
PROD-2025-0821,Vital Phone Accessories Earbuds,Electronics,Phone Accessories,52465,2990505,18.4,86.48,Bol - Ingram Micro,INGRAM,8.71242E+12,"Veerweg 16, 5145 NS Waalwijk",FALSE,TRUE,TRUE,China,148.89,Biodegradable,6,8.1,,,FALSE
PROD-2025-0822,Aura Eco-friendly Cleaning Organizer,Home & Garden,Eco-friendly Cleaning,91808,16341824,127.88,199.64,Bol - BFC XL,BFCXL,8.71425E+12,"Divisiedok 1, 3439 JM Nieuwegein",FALSE,TRUE,TRUE,Netherlands,155.6,Mixed Plastic+Cardboard,6,,80,,FALSE
PROD-2025-0823,Flex Accessories Bag,Fashion,Accessories,71987,4319220,14.72,95.68,Bol - BFC Site 2,BFC2,8.71425E+12,"Mechie Trommelenweg 1, 5145 ND Waalwijk",FALSE,FALSE,TRUE,,38.66,Recyclable Cardboard,4,2.3,,,FALSE
PROD-2025-0824,Ergonomic Charging Solutions Earbuds,Electronics,Charging Solutions,63763,3251913,40.48,53.36,Bol - BFC Site 2,BFC2,8.71425E+12,"Mechie Trommelenweg 1, 5145 ND Waalwijk",FALSE,TRUE,TRUE,China,56.69,Plastic,,,,,FALSE
PROD-2025-0825,Minimalist Solar Powered Gadgets Soap,Eco-Friendly,Solar Powered Gadgets,16200,1158300,62.56,69,Bol - BFC Site 2,BFC2,8.71425E+12,"Mechie Trommelenweg 1, 5145 ND Waalwijk",FALSE,TRUE,TRUE,Netherlands,4.72,,3,,,,FALSE
PROD-2025-0826,Ergonomic Organic Makeup Dryer,Beauty & Skincare,Organic Makeup,13258,1955555,116.84,154.56,Bol - BFC XL,BFCXL,8.71425E+12,"Divisiedok 1, 3439 JM Nieuwegein",FALSE,TRUE,TRUE,France,,Minimal Packaging,3,1.8,27,,FALSE
PROD-2025-0827,Pure Activewear Roller,Fitness,Activewear,66382,10156446,126.04,155.48,Bol - BFC XL 2,BFCXL2,8.71425E+12,"Rietgraaf 10, 6678 PJ Oosterhout",FALSE,FALSE,TRUE,,93.83,,7,11.1,24,,FALSE
PROD-2025-0828,Swift Reusable Packaging Bottle,Eco-Friendly,Reusable Packaging,38810,5821500,131.56,144.44,Bol - BFC Site 2,BFC2,8.71425E+12,"Mechie Trommelenweg 1, 5145 ND Waalwijk",FALSE,TRUE,TRUE,,15.26,Minimal Packaging,,4.9,70,FSC Certified,FALSE
PROD-2025-0829,Zen Pet Grooming Tools Leash,Pet,Pet Grooming Tools,47281,4988145.5,62.56,131.56,Bol - BFC Site 2,BFC2,8.71425E+12,"Mechie Trommelenweg 1, 5145 ND Waalwijk",FALSE,TRUE,TRUE,USA,8.49,Plastic,,1.8,59,,FALSE
PROD-2025-0830,Zen Personal Care Gadgets Mask,Beauty & Skincare,Personal Care Gadgets,88414,12643202,85.56,177.56,Bol - BFC Site 2,BFC2,8.71425E+12,"Mechie Trommelenweg 1, 5145 ND Waalwijk",FALSE,TRUE,TRUE,USA,4.66,Recyclable Cardboard,2,0.8,78,,FALSE
PROD-2025-0831,Wireless Stock Media Course,Digital Goods,Stock Media,94165,13041852.5,90.16,164.68,Bol - Ingram Micro,INGRAM,8.71242E+12,"Veerweg 16, 5145 NS Waalwijk",FALSE,FALSE,FALSE,USA,0,Digital - No Packaging,,,,Fair Trade,
PROD-2025-0832,Luxe Smart Pet Feeders Collar,Pet,Smart Pet Feeders,95416,11068256,61.64,151.8,Bol - BFC XL,BFCXL,8.71425E+12,"Divisiedok 1, 3439 JM Nieuwegein",FALSE,FALSE,TRUE,China,14.28,Recyclable Cardboard,2,1.3,,,TRUE
PROD-2025-0833,Smart Reusable Packaging Utensils,Eco-Friendly,Reusable Packaging,35977,4641033,102.12,135.24,Bol - BFC XL 2,BFCXL2,8.71425E+12,"Rietgraaf 10, 6678 PJ Oosterhout",FALSE,FALSE,TRUE,Netherlands,,Minimal Packaging,6,5,42,FSC Certified,FALSE
PROD-2025-0834,Minimalist Zero-waste Kits Utensils,Eco-Friendly,Zero-waste Kits,480071,88333064,130.64,207.92,Bol - BFC Site 2,BFC2,8.71425E+12,"Mechie Trommelenweg 1, 5145 ND Waalwijk",FALSE,FALSE,TRUE,USA,16.96,,6,,92,,
PROD-2025-0835,Sustainable Reusable Packaging Bag,Eco-Friendly,Reusable Packaging,26929,3850847,113.16,149.96,Bol - BFC Site 2,BFC2,8.71425E+12,"Mechie Trommelenweg 1, 5145 ND Waalwijk",TRUE,TRUE,TRUE,Netherlands,70.29,Biodegradable,,3.3,83,Fair Trade,FALSE
PROD-2025-0836,Portable Phone Accessories Power Bank,Electronics,Phone Accessories,92483,1849660,10.12,26.68,Bol - Ingram Micro,INGRAM,8.71242E+12,"Veerweg 16, 5145 NS Waalwijk",FALSE,TRUE,TRUE,China,,Plastic,3,2.9,,FSC Certified,FALSE
PROD-2025-0837,Ergonomic Eco-friendly Cleaning Lamp,Home & Garden,Eco-friendly Cleaning,84187,12628050,96.6,179.4,Bol - BFC Site 2,BFC2,8.71425E+12,"Mechie Trommelenweg 1, 5145 ND Waalwijk",FALSE,TRUE,TRUE,,17.8,Biodegradable,,,,,FALSE
PROD-2025-0838,Wireless Personal Care Gadgets Lipstick,Beauty & Skincare,Personal Care Gadgets,25836,3578286,103.04,151.8,Bol - BFC XL 2,BFCXL2,8.71425E+12,"Rietgraaf 10, 6678 PJ Oosterhout",FALSE,TRUE,TRUE,South Korea,,Recyclable Cardboard,,,61,,FALSE
PROD-2025-0839,Vital Recovery Tools Dumbbell,Fitness,Recovery Tools,84706,11054133,77.28,162.84,Bol - BFC XL,BFCXL,8.71425E+12,"Divisiedok 1, 3439 JM Nieuwegein",FALSE,TRUE,TRUE,China,,,3,4.5,52,,FALSE
PROD-2025-0840,Portable Digital Planners Guide,Digital Goods,Digital Planners,26887,2258508,64.4,90.16,Bol - Ingram Micro,INGRAM,8.71242E+12,"Veerweg 16, 5145 NS Waalwijk",FALSE,FALSE,FALSE,,0,Digital - No Packaging,,,,,
PROD-2025-0841,Organic Biodegradable Products Sponge,Eco-Friendly,Biodegradable Products,86527,4456140.5,21.16,73.6,Bol - BFC Site 1,BFC1,8.71425E+12,"Mechie Trommelenweg 1, 5145 ND Waalwijk",FALSE,FALSE,TRUE,Netherlands,134.16,Biodegradable,8,5.6,83,,FALSE
PROD-2025-0842,Ultra Hair Care Tools Brush,Beauty & Skincare,Hair Care Tools,38642,2048026,27.6,69.92,Bol - BFC Site 2,BFC2,8.71425E+12,"Mechie Trommelenweg 1, 5145 ND Waalwijk",FALSE,TRUE,TRUE,France,,Foam + Plastic,3,0.9,,Energy Star,FALSE
PROD-2025-0843,Zen Hair Care Tools Mask,Beauty & Skincare,Hair Care Tools,26841,4240878,130.64,160.08,Bol - BFC Site 2,BFC2,8.71425E+12,"Mechie Trommelenweg 1, 5145 ND Waalwijk",FALSE,TRUE,TRUE,South Korea,6.61,Biodegradable,4,0.8,22,FSC Certified,FALSE
PROD-2025-0844,Ergonomic Interactive Pet Toys Shampoo,Pet,Interactive Pet Toys,14968,523880,21.16,43.24,Bol - BFC Site 1,BFC1,8.71425E+12,"Mechie Trommelenweg 1, 5145 ND Waalwijk",FALSE,FALSE,TRUE,Netherlands,15.52,Mixed Plastic+Cardboard,,,,,FALSE
PROD-2025-0845,Pure Yoga Gear Tracker,Fitness,Yoga Gear,24850,4149950,132.48,174.8,Bol - BFC XL,BFCXL,8.71425E+12,"Divisiedok 1, 3439 JM Nieuwegein",TRUE,TRUE,TRUE,,19.89,Mixed Plastic+Cardboard,,9.2,,,FALSE
PROD-2025-0846,Pro Organic Pet Food Bed,Pet,Organic Pet Food,12451,1985934.5,132.48,161,Bol - BFC Site 1,BFC1,8.71425E+12,"Mechie Trommelenweg 1, 5145 ND Waalwijk",FALSE,FALSE,TRUE,,9.9,Recyclable Cardboard,3,4.1,9,,
PROD-2025-0847,Glow Charging Solutions Earbuds,Electronics,Charging Solutions,33009,3317404.5,69.92,115,Bol - Ingram Micro,INGRAM,8.71242E+12,"Veerweg 16, 5145 NS Waalwijk",FALSE,TRUE,TRUE,China,62.71,Plastic,5,4.5,62,,FALSE
PROD-2025-0848,Ergonomic Indoor Plants Accessories Desk,Home & Garden,Indoor Plants Accessories,25248,3888192,135.24,148.12,Bol - BFC Site 1,BFC1,8.71425E+12,"Mechie Trommelenweg 1, 5145 ND Waalwijk",FALSE,FALSE,TRUE,,111.14,Recyclable Cardboard,5,9.2,36,,
PROD-2025-0849,Luxe Kitchen Gadgets Lamp,Home & Garden,Kitchen Gadgets,22684,1395066,21.16,92,Bol - BFC XL,BFCXL,8.71425E+12,"Divisiedok 1, 3439 JM Nieuwegein",FALSE,TRUE,TRUE,China,,,8,,,,
PROD-2025-0850,Minimalist Organic Baby Clothing Pacifier,Baby,Organic Baby Clothing,91803,10236034.5,99.36,105.8,Bol - BFC Site 2,BFC2,8.71425E+12,"Mechie Trommelenweg 1, 5145 ND Waalwijk",FALSE,TRUE,TRUE,Netherlands,6.96,Mixed Plastic+Cardboard,1,4.2,46,,FALSE
PROD-2025-0851,Portable Menswear Scarf,Fashion,Menswear,20596,2873142,92,164.68,Bol - BFC Site 1,BFC1,8.71425E+12,"Mechie Trommelenweg 1, 5145 ND Waalwijk",FALSE,TRUE,TRUE,China,20.17,Mixed Plastic+Cardboard,1,4.6,,,FALSE
PROD-2025-0852,Pure Indoor Plants Accessories Diffuser,Home & Garden,Indoor Plants Accessories,97807,16431576,131.56,177.56,Bol - BFC XL,BFCXL,8.71425E+12,"Divisiedok 1, 3439 JM Nieuwegein",TRUE,TRUE,TRUE,Germany,25.25,Recyclable Cardboard,6,,43,,FALSE
PROD-2025-0853,Swift E-books Asset,Digital Goods,E-books,24216,738588,9.2,46.92,Bol - Ingram Micro,INGRAM,8.71242E+12,"Veerweg 16, 5145 NS Waalwijk",FALSE,FALSE,FALSE,Netherlands,0,Digital - No Packaging,,,,,
PROD-2025-0854,Premium Online Courses Asset,Digital Goods,Online Courses,72310,8098720,100.28,105.8,Bol - BFC Site 2,BFC2,8.71425E+12,"Mechie Trommelenweg 1, 5145 ND Waalwijk",FALSE,FALSE,FALSE,Germany,0,Digital - No Packaging,,,,,
PROD-2025-0855,Sustainable Eco-friendly Cleaning Shelf,Home & Garden,Eco-friendly Cleaning,63162,9347976,97.52,174.8,Bol - BFC Site 2,BFC2,8.71425E+12,"Mechie Trommelenweg 1, 5145 ND Waalwijk",FALSE,FALSE,TRUE,Netherlands,,Foam + Plastic,,9.8,19,,
PROD-2025-0856,Premium Smart Pet Feeders Bed,Pet,Smart Pet Feeders,85087,11316571,95.68,149.04,Bol - BFC Site 2,BFC2,8.71425E+12,"Mechie Trommelenweg 1, 5145 ND Waalwijk",FALSE,TRUE,TRUE,,5.5,,,3.9,,Fair Trade,FALSE
PROD-2025-0857,Zen Digital Planners Bundle,Digital Goods,Digital Planners,34931,5012598.5,124.2,139.84,Bol - BFC XL 2,BFCXL2,8.71425E+12,"Rietgraaf 10, 6678 PJ Oosterhout",FALSE,FALSE,FALSE,USA,0,Digital - No Packaging,,,,,
PROD-2025-0858,Glow Zero-waste Kits Composter,Eco-Friendly,Zero-waste Kits,61559,8895275.5,114.08,151.8,Bol - Ingram Micro,INGRAM,8.71242E+12,"Veerweg 16, 5145 NS Waalwijk",FALSE,FALSE,TRUE,Netherlands,17.89,Recyclable Cardboard,6,,70,Cradle to Cradle,FALSE
PROD-2025-0859,Eco Eco-friendly Cleaning Mug,Home & Garden,Eco-friendly Cleaning,78806,3309852,23.92,53.36,Bol - BFC XL 2,BFCXL2,8.71425E+12,"Rietgraaf 10, 6678 PJ Oosterhout",FALSE,FALSE,TRUE,Netherlands,,Plastic,6,15.5,14,,FALSE
PROD-2025-0860,Vital Pet Grooming Tools Bed,Pet,Pet Grooming Tools,339244,24425568,57.04,75.44,Bol - BFC Site 1,BFC1,8.71425E+12,"Mechie Trommelenweg 1, 5145 ND Waalwijk",FALSE,FALSE,TRUE,USA,5.15,Plastic,,,37,,
PROD-2025-0861,Swift Baby Safety Gear Swaddle,Baby,Baby Safety Gear,74818,10698974,109.48,153.64,Bol - Ingram Micro,INGRAM,8.71242E+12,"Veerweg 16, 5145 NS Waalwijk",FALSE,FALSE,TRUE,,14.04,Minimal Packaging,6,2.3,51,,FALSE
PROD-2025-0862,Smart Yoga Gear Bottle,Fitness,Yoga Gear,33588,1578636,19.32,67.16,Bol - BFC XL,BFCXL,8.71425E+12,"Divisiedok 1, 3439 JM Nieuwegein",FALSE,TRUE,TRUE,China,51.46,Biodegradable,,,57,,FALSE
PROD-2025-0863,Swift Menswear Jacket,Fashion,Menswear,87621,12661234.5,109.48,156.4,Bol - BFC XL,BFCXL,8.71425E+12,"Divisiedok 1, 3439 JM Nieuwegein",FALSE,TRUE,TRUE,India,,Plastic,,,,,TRUE
PROD-2025-0864,Aura Charging Solutions Earbuds,Electronics,Charging Solutions,16002,1488186,65.32,105.8,Bol - BFC Site 2,BFC2,8.71425E+12,"Mechie Trommelenweg 1, 5145 ND Waalwijk",FALSE,TRUE,TRUE,China,,Recyclable Cardboard,,,,,FALSE
PROD-2025-0865,Pro Biodegradable Products Sponge,Eco-Friendly,Biodegradable Products,10461,1077483,92,97.52,Bol - BFC Site 1,BFC1,8.71425E+12,"Mechie Trommelenweg 1, 5145 ND Waalwijk",FALSE,FALSE,TRUE,USA,,Recyclable Cardboard,3,7.6,49,,TRUE
PROD-2025-0866,Eco Yoga Gear Bottle,Fitness,Yoga Gear,66822,3474744,34.04,61.64,Bol - BFC Site 2,BFC2,8.71425E+12,"Mechie Trommelenweg 1, 5145 ND Waalwijk",FALSE,FALSE,TRUE,China,,,,10.3,52,,
PROD-2025-0867,Organic Womenswear Dress,Fashion,Womenswear,56108,6761014,105.8,115.92,Bol - BFC Site 1,BFC1,8.71425E+12,"Mechie Trommelenweg 1, 5145 ND Waalwijk",FALSE,FALSE,TRUE,Portugal,32.79,Mixed Plastic+Cardboard,,,29,,FALSE
PROD-2025-0868,Nano SaaS Subscriptions Tool,Digital Goods,SaaS Subscriptions,27330,2896980,77.28,117.76,Bol - BFC XL,BFCXL,8.71425E+12,"Divisiedok 1, 3439 JM Nieuwegein",FALSE,FALSE,FALSE,Netherlands,0,Digital - No Packaging,,,,,
PROD-2025-0869,Aura Educational Toys Diaper,Baby,Educational Toys,57342,3813243,28.52,93.84,Bol - BFC Site 2,BFC2,8.71425E+12,"Mechie Trommelenweg 1, 5145 ND Waalwijk",FALSE,TRUE,TRUE,Germany,,Mixed Plastic+Cardboard,6,,,,FALSE
PROD-2025-0870,Pro Solar Powered Gadgets Straws,Eco-Friendly,Solar Powered Gadgets,88488,8981532,78.2,108.56,Bol - BFC XL,BFCXL,8.71425E+12,"Divisiedok 1, 3439 JM Nieuwegein",TRUE,TRUE,TRUE,,33.17,Recyclable Cardboard,,,78,,FALSE
PROD-2025-0871,Nano Smart Baby Monitors Crib,Baby,Smart Baby Monitors,79800,3790500,15.64,71.76,Bol - BFC XL 2,BFCXL2,8.71425E+12,"Rietgraaf 10, 6678 PJ Oosterhout",FALSE,TRUE,TRUE,,16.66,Plastic,6,1,,,
PROD-2025-0872,Sustainable Organic Makeup Mask,Beauty & Skincare,Organic Makeup,48708,8061174,126.04,178.48,Bol - BFC Site 2,BFC2,8.71425E+12,"Mechie Trommelenweg 1, 5145 ND Waalwijk",FALSE,TRUE,TRUE,China,,Mixed Plastic+Cardboard,3,,,,FALSE
PROD-2025-0873,Nano Eco-friendly Cleaning Shelf,Home & Garden,Eco-friendly Cleaning,55136,4824400,47.84,113.16,Bol - BFC Site 1,BFC1,8.71425E+12,"Mechie Trommelenweg 1, 5145 ND Waalwijk",FALSE,FALSE,TRUE,,114.99,Plastic,6,,,,
PROD-2025-0874,Pure Interactive Pet Toys Brush,Pet,Interactive Pet Toys,55713,5794152,82.8,108.56,Bol - BFC Site 2,BFC2,8.71425E+12,"Mechie Trommelenweg 1, 5145 ND Waalwijk",FALSE,FALSE,TRUE,Germany,,Biodegradable,4,,,,FALSE
PROD-2025-0875,Premium Baby Safety Gear Bottle,Baby,Baby Safety Gear,10144,1060048,87.4,104.88,Bol - BFC Site 1,BFC1,8.71425E+12,"Mechie Trommelenweg 1, 5145 ND Waalwijk",FALSE,FALSE,TRUE,China,15.79,Mixed Plastic+Cardboard,4,3.2,,,
PROD-2025-0876,Sustainable Baby Safety Gear Toy,Baby,Baby Safety Gear,45195,6847042.5,128.8,149.96,Bol - BFC Site 2,BFC2,8.71425E+12,"Mechie Trommelenweg 1, 5145 ND Waalwijk",FALSE,TRUE,TRUE,,2.68,Mixed Plastic+Cardboard,1,,,,FALSE
PROD-2025-0877,Portable Smart Baby Monitors Bib,Baby,Smart Baby Monitors,19065,2783490,92,176.64,Bol - BFC Site 1,BFC1,8.71425E+12,"Mechie Trommelenweg 1, 5145 ND Waalwijk",FALSE,FALSE,TRUE,,15.78,Mixed Plastic+Cardboard,1,,,,FALSE
PROD-2025-0878,Luxe Wearable Tech Earbuds,Electronics,Wearable Tech,18078,2015697,76.36,128.8,Bol - Ingram Micro,INGRAM,8.71242E+12,"Veerweg 16, 5145 NS Waalwijk",FALSE,TRUE,TRUE,China,,,7,,70,,FALSE
PROD-2025-0879,Glow Eco-friendly Diapers Carrier,Baby,Eco-friendly Diapers,88418,4774572,41.4,57.96,Bol - BFC Site 1,BFC1,8.71425E+12,"Mechie Trommelenweg 1, 5145 ND Waalwijk",FALSE,FALSE,TRUE,China,14.48,Mixed Plastic+Cardboard,2,,,,FALSE
PROD-2025-0880,Portable Stock Media Template,Digital Goods,Stock Media,222232,27334536,106.72,119.6,Bol - BFC Site 2,BFC2,8.71425E+12,"Mechie Trommelenweg 1, 5145 ND Waalwijk",FALSE,FALSE,FALSE,Germany,0,Digital - No Packaging,,,,,
PROD-2025-0881,Aura Activewear Band,Fitness,Activewear,59673,3192505.5,46.92,51.52,Bol - BFC XL 2,BFCXL2,8.71425E+12,"Rietgraaf 10, 6678 PJ Oosterhout",FALSE,TRUE,TRUE,USA,28.97,Plastic,,,,,FALSE
PROD-2025-0882,Sustainable Digital Planners Preset,Digital Goods,Digital Planners,28794,1641258,46,58.88,Bol - BFC Site 1,BFC1,8.71425E+12,"Mechie Trommelenweg 1, 5145 ND Waalwijk",FALSE,FALSE,FALSE,Germany,0,Digital - No Packaging,,,,,
PROD-2025-0883,Wireless Organic Baby Clothing Bottle,Baby,Organic Baby Clothing,72925,10719975,127.88,142.6,Bol - BFC Site 2,BFC2,8.71425E+12,"Mechie Trommelenweg 1, 5145 ND Waalwijk",FALSE,FALSE,TRUE,Netherlands,,,,,,,
PROD-2025-0884,Flex Digital Planners Asset,Digital Goods,Digital Planners,33271,3859436,80.96,132.48,Bol - BFC Site 1,BFC1,8.71425E+12,"Mechie Trommelenweg 1, 5145 ND Waalwijk",FALSE,FALSE,FALSE,UK,0,Digital - No Packaging,,,,,
PROD-2025-0885,Swift Pet Apparel Treats,Pet,Pet Apparel,70779,7821079.5,69,134.32,Bol - BFC Site 1,BFC1,8.71425E+12,"Mechie Trommelenweg 1, 5145 ND Waalwijk",FALSE,FALSE,TRUE,China,,Plastic,,,,,FALSE
PROD-2025-0886,Luxe Home Office Decor Blender,Home & Garden,Home Office Decor,76634,14407192,131.56,214.36,Bol - BFC XL 2,BFCXL2,8.71425E+12,"Rietgraaf 10, 6678 PJ Oosterhout",FALSE,FALSE,TRUE,Germany,187.09,Recyclable Cardboard,5,13.7,39,,TRUE
PROD-2025-0887,Vital Activewear Shorts,Fitness,Activewear,23990,3934360,119.6,182.16,Bol - BFC Site 2,BFC2,8.71425E+12,"Mechie Trommelenweg 1, 5145 ND Waalwijk",FALSE,TRUE,TRUE,,49.24,Recyclable Cardboard,3,10.9,66,,FALSE
PROD-2025-0888,Pure Organic Pet Food Treats,Pet,Organic Pet Food,32759,5896620,130.64,200.56,Bol - BFC XL 2,BFCXL2,8.71425E+12,"Rietgraaf 10, 6678 PJ Oosterhout",FALSE,FALSE,TRUE,Netherlands,,Minimal Packaging,4,3.9,41,,FALSE
PROD-2025-0889,Premium Smart Pet Feeders Feeder,Pet,Smart Pet Feeders,73860,8161530,94.76,108.56,Bol - BFC Site 2,BFC2,8.71425E+12,"Mechie Trommelenweg 1, 5145 ND Waalwijk",FALSE,FALSE,TRUE,USA,,Plastic,,2.9,,,FALSE
PROD-2025-0890,Glow Stock Media Template,Digital Goods,Stock Media,38511,7471134,134.32,222.64,Bol - BFC Site 1,BFC1,8.71425E+12,"Mechie Trommelenweg 1, 5145 ND Waalwijk",FALSE,FALSE,FALSE,USA,0,Digital - No Packaging,,,,,
PROD-2025-0891,Luxe Smart Fitness Trackers Roller,Fitness,Smart Fitness Trackers,30944,4177440,114.08,134.32,Bol - BFC XL,BFCXL,8.71425E+12,"Divisiedok 1, 3439 JM Nieuwegein",FALSE,TRUE,TRUE,China,86.87,Recyclable Cardboard,4,7.9,25,,FALSE
PROD-2025-0892,Ergonomic Digital Planners Asset,Digital Goods,Digital Planners,85526,3078936,18.4,47.84,Bol - BFC Site 2,BFC2,8.71425E+12,"Mechie Trommelenweg 1, 5145 ND Waalwijk",FALSE,FALSE,FALSE,Germany,0,Digital - No Packaging,,,,,
PROD-2025-0893,Vital Zero-waste Kits Wrap,Eco-Friendly,Zero-waste Kits,34928,6060008,119.6,199.64,Bol - BFC Site 2,BFC2,8.71425E+12,"Mechie Trommelenweg 1, 5145 ND Waalwijk",FALSE,FALSE,TRUE,Denmark,27.68,Mixed Plastic+Cardboard,,5,73,,FALSE
PROD-2025-0894,Pro Educational Toys Carrier,Baby,Educational Toys,59618,5097339,69.92,87.4,Bol - BFC Site 2,BFC2,8.71425E+12,"Mechie Trommelenweg 1, 5145 ND Waalwijk",FALSE,TRUE,TRUE,Netherlands,23.09,Minimal Packaging,1,4.7,44,,FALSE
PROD-2025-0895,Portable Pet Apparel Collar,Pet,Pet Apparel,177536,20682944,87.4,126.96,Bol - BFC Site 2,BFC2,8.71425E+12,"Mechie Trommelenweg 1, 5145 ND Waalwijk",FALSE,FALSE,TRUE,,,,,1.3,,,FALSE
PROD-2025-0896,Pro Pet Apparel Bed,Pet,Pet Apparel,48719,6406548.5,79.12,162.84,Bol - BFC Site 2,BFC2,8.71425E+12,"Mechie Trommelenweg 1, 5145 ND Waalwijk",FALSE,TRUE,TRUE,,12.2,Mixed Plastic+Cardboard,,1.1,,,FALSE
PROD-2025-0897,Wireless Online Courses App,Digital Goods,Online Courses,94327,9951498.5,84.64,109.48,Bol - BFC Site 1,BFC1,8.71425E+12,"Mechie Trommelenweg 1, 5145 ND Waalwijk",FALSE,FALSE,FALSE,USA,0,Digital - No Packaging,,,,,
PROD-2025-0898,Pure Recovery Tools Bottle,Fitness,Recovery Tools,85160,7706980,78.2,88.32,Bol - BFC XL,BFCXL,8.71425E+12,"Divisiedok 1, 3439 JM Nieuwegein",FALSE,TRUE,TRUE,,,Foam + Plastic,7,,,,
PROD-2025-0899,Minimalist Smart Home Devices Projector,Electronics,Smart Home Devices,70732,10043944,98.44,162.84,Bol - Ingram Micro,INGRAM,8.71242E+12,"Veerweg 16, 5145 NS Waalwijk",FALSE,FALSE,TRUE,China,180.45,Mixed Plastic+Cardboard,,6.7,8,,FALSE
PROD-2025-0900,Smart Organic Makeup Serum,Beauty & Skincare,Organic Makeup,61622,5761657,43.24,128.8,Bol - BFC Site 2,BFC2,8.71425E+12,"Mechie Trommelenweg 1, 5145 ND Waalwijk",FALSE,FALSE,TRUE,France,10.62,Foam + Plastic,,,,,
PROD-2025-0901,Organic Home Gym Equipment Mat,Fitness,Home Gym Equipment,72223,11447345.5,112.24,179.4,Bol - BFC Site 1,BFC1,8.71425E+12,"Mechie Trommelenweg 1, 5145 ND Waalwijk",FALSE,TRUE,TRUE,China,81.65,Biodegradable,,,,,FALSE
PROD-2025-0902,Aura Wearable Tech Power Bank,Electronics,Wearable Tech,24382,3303761,114.08,135.24,Bol - BFC Site 2,BFC2,8.71425E+12,"Mechie Trommelenweg 1, 5145 ND Waalwijk",FALSE,TRUE,TRUE,,237.47,Plastic,8,7.7,52,Energy Star,FALSE
PROD-2025-0903,Ergonomic Upcycled Fashion Utensils,Eco-Friendly,Upcycled Fashion,66305,8652802.5,107.64,132.48,Bol - BFC Site 2,BFC2,8.71425E+12,"Mechie Trommelenweg 1, 5145 ND Waalwijk",FALSE,TRUE,TRUE,USA,36.85,Minimal Packaging,,,82,Cradle to Cradle,FALSE
PROD-2025-0904,Swift Home Gym Equipment Bench,Fitness,Home Gym Equipment,53407,4726519.5,60.72,102.12,Bol - BFC XL 2,BFCXL2,8.71425E+12,"Rietgraaf 10, 6678 PJ Oosterhout",FALSE,FALSE,TRUE,,,Plastic,6,,,Energy Star,FALSE
PROD-2025-0905,Pro Fragrances Cleanser,Beauty & Skincare,Fragrances,63840,9256800,113.16,153.64,Bol - Ingram Micro,INGRAM,8.71242E+12,"Veerweg 16, 5145 NS Waalwijk",FALSE,TRUE,TRUE,China,3.24,Mixed Plastic+Cardboard,,,74,Fair Trade,FALSE
PROD-2025-0906,Pure Hair Care Tools Lotion,Beauty & Skincare,Hair Care Tools,68208,4672248,56.12,69.92,Bol - BFC Site 1,BFC1,8.71425E+12,"Mechie Trommelenweg 1, 5145 ND Waalwijk",FALSE,TRUE,TRUE,France,,Plastic,2,0.9,10,,
PROD-2025-0907,Zen Biodegradable Products Soap,Eco-Friendly,Biodegradable Products,85869,8071686,80.04,92.92,Bol - BFC Site 2,BFC2,8.71425E+12,"Mechie Trommelenweg 1, 5145 ND Waalwijk",FALSE,TRUE,TRUE,USA,24.98,Minimal Packaging,8,,58,,FALSE
PROD-2025-0908,Premium Solar Powered Gadgets Composter,Eco-Friendly,Solar Powered Gadgets,489770,41875335,56.12,101.2,Bol - BFC Site 2,BFC2,8.71425E+12,"Mechie Trommelenweg 1, 5145 ND Waalwijk",FALSE,TRUE,TRUE,Netherlands,,Biodegradable,5,,60,Cradle to Cradle,FALSE
PROD-2025-0909,Glow Athleisure Bag,Fashion,Athleisure,17651,1112013,43.24,72.68,Bol - BFC XL,BFCXL,8.71425E+12,"Divisiedok 1, 3439 JM Nieuwegein",FALSE,FALSE,TRUE,China,9.45,Mixed Plastic+Cardboard,5,3.5,,,FALSE
PROD-2025-0910,Luxe Smart Lighting Diffuser,Home & Garden,Smart Lighting,12098,992036,34.96,115.92,Bol - BFC XL,BFCXL,8.71425E+12,"Divisiedok 1, 3439 JM Nieuwegein",FALSE,FALSE,TRUE,Netherlands,68.21,Mixed Plastic+Cardboard,4,15,,,FALSE
PROD-2025-0911,Smart Indoor Plants Accessories Shelf,Home & Garden,Indoor Plants Accessories,35133,4830787.5,85.56,167.44,Bol - BFC Site 1,BFC1,8.71425E+12,"Mechie Trommelenweg 1, 5145 ND Waalwijk",FALSE,FALSE,TRUE,China,108.82,,4,8.1,48,,FALSE
PROD-2025-0912,Smart Organic Baby Clothing Carrier,Baby,Organic Baby Clothing,33322,2449167,49.68,85.56,Bol - BFC Site 1,BFC1,8.71425E+12,"Mechie Trommelenweg 1, 5145 ND Waalwijk",FALSE,TRUE,TRUE,China,,Plastic,5,1,,,FALSE
PROD-2025-0913,Pro Wearable Tech Adapter,Electronics,Wearable Tech,57490,5576530,46.92,131.56,Bol - BFC Site 1,BFC1,8.71425E+12,"Mechie Trommelenweg 1, 5145 ND Waalwijk",FALSE,FALSE,TRUE,,,Foam + Plastic,6,4.5,,,FALSE
PROD-2025-0914,Nano Fragrances Serum,Beauty & Skincare,Fragrances,59543,8990993,92.92,184.92,Bol - Ingram Micro,INGRAM,8.71242E+12,"Veerweg 16, 5145 NS Waalwijk",TRUE,TRUE,TRUE,,2.35,,4,,77,,
PROD-2025-0915,Zen Personal Care Gadgets Brush,Beauty & Skincare,Personal Care Gadgets,97546,4828527,34.04,57.04,Bol - BFC XL 2,BFCXL2,8.71425E+12,"Rietgraaf 10, 6678 PJ Oosterhout",FALSE,TRUE,TRUE,,,Biodegradable,3,0.5,45,Cradle to Cradle,FALSE
PROD-2025-0916,Glow Digital Planners Template,Digital Goods,Digital Planners,69117,5287450.5,60.72,80.04,Bol - BFC Site 2,BFC2,8.71425E+12,"Mechie Trommelenweg 1, 5145 ND Waalwijk",FALSE,FALSE,FALSE,,0,Digital - No Packaging,,,,,
PROD-2025-0917,Zen Organic Makeup Lipstick,Beauty & Skincare,Organic Makeup,89851,12444363.5,122.36,132.48,Bol - BFC Site 2,BFC2,8.71425E+12,"Mechie Trommelenweg 1, 5145 ND Waalwijk",FALSE,FALSE,TRUE,France,,Plastic,2,0.7,,,FALSE
PROD-2025-0918,Wireless SaaS Subscriptions Guide,Digital Goods,SaaS Subscriptions,18222,1567092,49.68,108.56,Bol - BFC Site 1,BFC1,8.71425E+12,"Mechie Trommelenweg 1, 5145 ND Waalwijk",FALSE,FALSE,FALSE,,0,Digital - No Packaging,,,,,
PROD-2025-0919,Vital Organic Makeup Serum,Beauty & Skincare,Organic Makeup,80348,9681934,92.92,128.8,Bol - BFC Site 1,BFC1,8.71425E+12,"Mechie Trommelenweg 1, 5145 ND Waalwijk",FALSE,FALSE,TRUE,Germany,,Plastic,4,1.1,,,FALSE
PROD-2025-0920,Ultra Smart Home Devices Speaker,Electronics,Smart Home Devices,17403,1279120.5,41.4,93.84,Bol - BFC Site 1,BFC1,8.71425E+12,"Mechie Trommelenweg 1, 5145 ND Waalwijk",FALSE,FALSE,TRUE,South Korea,200.2,Plastic,4,9.2,,,FALSE
PROD-2025-0921,Ultra Smart Baby Monitors Toy,Baby,Smart Baby Monitors,419730,23714745,30.36,73.6,Bol - BFC Site 2,BFC2,8.71425E+12,"Mechie Trommelenweg 1, 5145 ND Waalwijk",TRUE,TRUE,TRUE,Netherlands,12.07,,4,1.4,,,FALSE
PROD-2025-0922,Sustainable Home Gym Equipment Band,Fitness,Home Gym Equipment,64959,9419055,88.32,178.48,Bol - BFC XL,BFCXL,8.71425E+12,"Divisiedok 1, 3439 JM Nieuwegein",FALSE,FALSE,TRUE,USA,85.36,Plastic,3,4.4,75,,
PROD-2025-0923,Glow Korean Skincare Dryer,Beauty & Skincare,Korean Skincare,36284,4118234,93.84,115,Bol - BFC XL 2,BFCXL2,8.71425E+12,"Rietgraaf 10, 6678 PJ Oosterhout",FALSE,TRUE,TRUE,South Korea,3.82,Mixed Plastic+Cardboard,,,,,FALSE
PROD-2025-0924,Aura Kitchen Gadgets Mug,Home & Garden,Kitchen Gadgets,84012,12307758,95.68,173.88,Bol - BFC Site 1,BFC1,8.71425E+12,"Mechie Trommelenweg 1, 5145 ND Waalwijk",FALSE,FALSE,TRUE,China,47.12,Recyclable Cardboard,,7.7,,,FALSE
PROD-2025-0925,Wireless Upcycled Fashion Soap,Eco-Friendly,Upcycled Fashion,29592,3462264,89.24,126.04,Bol - BFC Site 1,BFC1,8.71425E+12,"Mechie Trommelenweg 1, 5145 ND Waalwijk",FALSE,TRUE,TRUE,,21.02,,3,,,,FALSE
PROD-2025-0926,Aura Activewear Bottle,Fitness,Activewear,69818,12462513,131.56,196.88,Bol - BFC XL,BFCXL,8.71425E+12,"Divisiedok 1, 3439 JM Nieuwegein",FALSE,FALSE,TRUE,China,72.78,Mixed Plastic+Cardboard,,4.2,,,FALSE
PROD-2025-0927,Pro Korean Skincare Lipstick,Beauty & Skincare,Korean Skincare,17027,681080,26.68,46.92,Bol - BFC Site 2,BFC2,8.71425E+12,"Mechie Trommelenweg 1, 5145 ND Waalwijk",FALSE,TRUE,TRUE,USA,8.87,Plastic,,0.5,21,FSC Certified,FALSE
PROD-2025-0928,Ultra Smart Home Devices Hub,Electronics,Smart Home Devices,67879,8281238,86.48,138,Bol - Ingram Micro,INGRAM,8.71242E+12,"Veerweg 16, 5145 NS Waalwijk",FALSE,TRUE,TRUE,China,61.7,,8,5.6,22,,TRUE
PROD-2025-0929,Zen Fragrances Cleanser,Beauty & Skincare,Fragrances,77067,11059114.5,95.68,168.36,Bol - BFC Site 1,BFC1,8.71425E+12,"Mechie Trommelenweg 1, 5145 ND Waalwijk",FALSE,TRUE,TRUE,USA,7.22,Recyclable Cardboard,1,,,,FALSE
PROD-2025-0930,Zen Biodegradable Products Sponge,Eco-Friendly,Biodegradable Products,79208,2811884,13.8,51.52,Bol - BFC Site 1,BFC1,8.71425E+12,"Mechie Trommelenweg 1, 5145 ND Waalwijk",FALSE,TRUE,TRUE,Denmark,19.7,Recyclable Cardboard,4,,,Cradle to Cradle,
PROD-2025-0931,Sustainable E-books Guide,Digital Goods,E-books,91499,8783904,50.6,126.04,Bol - BFC Site 2,BFC2,8.71425E+12,"Mechie Trommelenweg 1, 5145 ND Waalwijk",FALSE,FALSE,FALSE,USA,0,Digital - No Packaging,,,,,
PROD-2025-0932,Vital Korean Skincare Oil,Beauty & Skincare,Korean Skincare,45600,1664400,19.32,47.84,Bol - BFC Site 1,BFC1,8.71425E+12,"Mechie Trommelenweg 1, 5145 ND Waalwijk",FALSE,TRUE,TRUE,South Korea,8.99,Biodegradable,1,1.2,69,,FALSE
PROD-2025-0933,Aura Yoga Gear Bench,Fitness,Yoga Gear,98580,12913980,114.08,126.96,Bol - BFC XL,BFCXL,8.71425E+12,"Divisiedok 1, 3439 JM Nieuwegein",FALSE,TRUE,TRUE,China,,Recyclable Cardboard,6,,,,
PROD-2025-0934,Premium Charging Solutions Speaker,Electronics,Charging Solutions,59592,9296352,132.48,154.56,Bol - Ingram Micro,INGRAM,8.71242E+12,"Veerweg 16, 5145 NS Waalwijk",FALSE,FALSE,TRUE,China,247.75,Foam + Plastic,,,13,,FALSE
PROD-2025-0935,Zen Hair Care Tools Oil,Beauty & Skincare,Hair Care Tools,30107,5313885.5,122.36,202.4,Bol - BFC Site 2,BFC2,8.71425E+12,"Mechie Trommelenweg 1, 5145 ND Waalwijk",FALSE,FALSE,TRUE,South Korea,5.9,Foam + Plastic,3,0.8,,,FALSE
PROD-2025-0936,Vital Hair Care Tools Lipstick,Beauty & Skincare,Hair Care Tools,63283,9460808.5,128.8,146.28,Bol - BFC Site 2,BFC2,8.71425E+12,"Mechie Trommelenweg 1, 5145 ND Waalwijk",FALSE,TRUE,TRUE,,5.26,Mixed Plastic+Cardboard,4,,37,,
PROD-2025-0937,Luxe Wearable Tech Stand,Electronics,Wearable Tech,83088,14124960,127.88,184.92,Bol - Ingram Micro,INGRAM,8.71242E+12,"Veerweg 16, 5145 NS Waalwijk",FALSE,FALSE,TRUE,,232.62,Mixed Plastic+Cardboard,6,4.6,,,FALSE
PROD-2025-0938,Sustainable Organic Baby Clothing Pacifier,Baby,Organic Baby Clothing,70884,7265610,53.36,135.24,Bol - Ingram Micro,INGRAM,8.71242E+12,"Veerweg 16, 5145 NS Waalwijk",FALSE,FALSE,TRUE,USA,,Recyclable Cardboard,1,,67,,FALSE
PROD-2025-0939,Pure Yoga Gear Dumbbell,Fitness,Yoga Gear,99364,8594986,36.8,122.36,Bol - BFC Site 2,BFC2,8.71425E+12,"Mechie Trommelenweg 1, 5145 ND Waalwijk",FALSE,FALSE,TRUE,USA,86.05,,,4.4,,,FALSE
PROD-2025-0940,Sustainable Footwear T-Shirt,Fashion,Footwear,10395,1398127.5,111.32,136.16,Bol - BFC Site 1,BFC1,8.71425E+12,"Mechie Trommelenweg 1, 5145 ND Waalwijk",TRUE,TRUE,TRUE,Bangladesh,,Mixed Plastic+Cardboard,3,1.4,,,
PROD-2025-0941,Aura Organic Makeup Cleanser,Beauty & Skincare,Organic Makeup,11596,1693016,89.24,179.4,Bol - BFC XL 2,BFCXL2,8.71425E+12,"Rietgraaf 10, 6678 PJ Oosterhout",FALSE,TRUE,TRUE,,11.95,Minimal Packaging,3,1.3,41,,FALSE
PROD-2025-0942,Luxe Personal Care Gadgets Oil,Beauty & Skincare,Personal Care Gadgets,69299,10429499.5,131.56,145.36,Bol - BFC Site 1,BFC1,8.71425E+12,"Mechie Trommelenweg 1, 5145 ND Waalwijk",FALSE,TRUE,TRUE,France,,Plastic,,1,44,,FALSE
PROD-2025-0943,Premium Educational Toys Stroller,Baby,Educational Toys,79301,5590720.5,50.6,79.12,Bol - BFC XL,BFCXL,8.71425E+12,"Divisiedok 1, 3439 JM Nieuwegein",FALSE,FALSE,TRUE,Germany,,,,,20,,FALSE
PROD-2025-0944,Sustainable Portable Audio Power Bank,Electronics,Portable Audio,70105,2628937.5,14.72,54.28,Bol - BFC Site 2,BFC2,8.71425E+12,"Mechie Trommelenweg 1, 5145 ND Waalwijk",FALSE,TRUE,TRUE,China,111.32,Mixed Plastic+Cardboard,8,9.5,,,
PROD-2025-0945,Ultra Fragrances Serum,Beauty & Skincare,Fragrances,95535,13518202.5,109.48,150.88,Bol - BFC Site 1,BFC1,8.71425E+12,"Mechie Trommelenweg 1, 5145 ND Waalwijk",FALSE,TRUE,TRUE,,4.16,Mixed Plastic+Cardboard,4,1.8,,,FALSE
PROD-2025-0946,Premium Wearable Tech Adapter,Electronics,Wearable Tech,24847,3528274,113.16,148.12,Bol - BFC XL 2,BFCXL2,8.71425E+12,"Rietgraaf 10, 6678 PJ Oosterhout",FALSE,FALSE,TRUE,,53.58,Recyclable Cardboard,5,,35,,FALSE
PROD-2025-0947,Minimalist Stock Media Tool,Digital Goods,Stock Media,10610,684345,43.24,75.44,Bol - BFC Site 1,BFC1,8.71425E+12,"Mechie Trommelenweg 1, 5145 ND Waalwijk",FALSE,FALSE,FALSE,,0,Digital - No Packaging,,,,,
PROD-2025-0948,Nano Kitchen Gadgets Planter,Home & Garden,Kitchen Gadgets,20455,3487577.5,130.64,183.08,Bol - BFC XL,BFCXL,8.71425E+12,"Divisiedok 1, 3439 JM Nieuwegein",FALSE,FALSE,TRUE,China,194.16,Recyclable Cardboard,8,12.6,72,,FALSE
PROD-2025-0949,Luxe Smart Home Devices Power Bank,Electronics,Smart Home Devices,41528,3571408,69,89.24,Bol - BFC XL,BFCXL,8.71425E+12,"Divisiedok 1, 3439 JM Nieuwegein",FALSE,TRUE,TRUE,China,192.61,,,7,65,,FALSE
PROD-2025-0950,Organic Personal Care Gadgets Brush,Beauty & Skincare,Personal Care Gadgets,85236,12188748,87.4,175.72,Bol - BFC Site 2,BFC2,8.71425E+12,"Mechie Trommelenweg 1, 5145 ND Waalwijk",FALSE,FALSE,TRUE,,,Minimal Packaging,3,,,,FALSE
PROD-2025-0951,Ultra Accessories Dress,Fashion,Accessories,92420,14094050,116.84,163.76,Bol - BFC Site 1,BFC1,8.71425E+12,"Mechie Trommelenweg 1, 5145 ND Waalwijk",TRUE,TRUE,TRUE,,,Mixed Plastic+Cardboard,4,,44,,FALSE
PROD-2025-0952,Glow Baby Safety Gear Diaper,Baby,Baby Safety Gear,94983,16099618.5,121.44,190.44,Bol - BFC Site 2,BFC2,8.71425E+12,"Mechie Trommelenweg 1, 5145 ND Waalwijk",FALSE,FALSE,TRUE,Denmark,22.32,Mixed Plastic+Cardboard,,2.3,,,
PROD-2025-0953,Ergonomic Baby Safety Gear Stroller,Baby,Baby Safety Gear,36116,2221134,11.04,102.12,Bol - BFC XL 2,BFCXL2,8.71425E+12,"Rietgraaf 10, 6678 PJ Oosterhout",FALSE,TRUE,TRUE,Germany,,Biodegradable,3,,75,Fair Trade,
PROD-2025-0954,Portable E-books Guide,Digital Goods,E-books,82656,12522384,111.32,167.44,Bol - BFC Site 1,BFC1,8.71425E+12,"Mechie Trommelenweg 1, 5145 ND Waalwijk",FALSE,FALSE,FALSE,UK,0,Digital - No Packaging,,,,,
PROD-2025-0955,Aura Digital Planners Template,Digital Goods,Digital Planners,54395,9519125,132.48,189.52,Bol - BFC Site 2,BFC2,8.71425E+12,"Mechie Trommelenweg 1, 5145 ND Waalwijk",FALSE,FALSE,FALSE,USA,0,Digital - No Packaging,,,,,
PROD-2025-0956,Smart Eco-friendly Diapers Swaddle,Baby,Eco-friendly Diapers,93622,17320070,126.96,213.44,Bol - BFC Site 2,BFC2,8.71425E+12,"Mechie Trommelenweg 1, 5145 ND Waalwijk",FALSE,TRUE,TRUE,China,15.47,Biodegradable,1,,,,FALSE
PROD-2025-0957,Eco SaaS Subscriptions Template,Digital Goods,SaaS Subscriptions,41206,7726125,127.88,217.12,Bol - BFC XL,BFCXL,8.71425E+12,"Divisiedok 1, 3439 JM Nieuwegein",FALSE,FALSE,FALSE,UK,0,Digital - No Packaging,,,,,
PROD-2025-0958,Premium Hair Care Tools Cleanser,Beauty & Skincare,Hair Care Tools,96023,13971346.5,97.52,170.2,Bol - BFC Site 1,BFC1,8.71425E+12,"Mechie Trommelenweg 1, 5145 ND Waalwijk",FALSE,TRUE,TRUE,France,11.48,Plastic,4,,56,,
PROD-2025-0959,Luxe Sustainable Apparel Bag,Fashion,Sustainable Apparel,60329,3529246.5,30.36,77.28,Bol - BFC Site 2,BFC2,8.71425E+12,"Mechie Trommelenweg 1, 5145 ND Waalwijk",FALSE,FALSE,TRUE,,13.66,Foam + Plastic,4,,30,EU Ecolabel,
PROD-2025-0960,Sustainable Korean Skincare Cleanser,Beauty & Skincare,Korean Skincare,90871,16992877,135.24,208.84,Bol - BFC Site 2,BFC2,8.71425E+12,"Mechie Trommelenweg 1, 5145 ND Waalwijk",TRUE,TRUE,TRUE,South Korea,11.37,,,0.4,,,FALSE
PROD-2025-0961,Sustainable Interactive Pet Toys Toy,Pet,Interactive Pet Toys,35400,1610700,15.64,68.08,Bol - BFC Site 2,BFC2,8.71425E+12,"Mechie Trommelenweg 1, 5145 ND Waalwijk",FALSE,FALSE,TRUE,,15.94,Plastic,4,,12,,FALSE
PROD-2025-0962,Flex Interactive Pet Toys Collar,Pet,Interactive Pet Toys,24852,2373366,58.88,116.84,Bol - BFC XL,BFCXL,8.71425E+12,"Divisiedok 1, 3439 JM Nieuwegein",FALSE,TRUE,TRUE,Netherlands,7.91,Biodegradable,1,2.3,22,,FALSE
PROD-2025-0963,Vital Solar Powered Gadgets Sponge,Eco-Friendly,Solar Powered Gadgets,63091,7287010.5,99.36,113.16,Bol - Ingram Micro,INGRAM,8.71242E+12,"Veerweg 16, 5145 NS Waalwijk",FALSE,TRUE,TRUE,Netherlands,,Recyclable Cardboard,,6.4,94,,FALSE
PROD-2025-0964,Portable Charging Solutions Speaker,Electronics,Charging Solutions,56369,3917645.5,28.52,99.36,Bol - BFC XL,BFCXL,8.71425E+12,"Divisiedok 1, 3439 JM Nieuwegein",FALSE,TRUE,TRUE,Taiwan,221.32,,,3.1,,EU Ecolabel,TRUE
PROD-2025-0965,Pure Reusable Packaging Bag,Eco-Friendly,Reusable Packaging,16396,1032948,27.6,88.32,Bol - BFC Site 1,BFC1,8.71425E+12,"Mechie Trommelenweg 1, 5145 ND Waalwijk",FALSE,TRUE,TRUE,USA,,Recyclable Cardboard,8,7,,,FALSE
PROD-2025-0966,Pro SaaS Subscriptions Tool,Digital Goods,SaaS Subscriptions,65496,6746088,77.28,112.24,Bol - BFC XL 2,BFCXL2,8.71425E+12,"Rietgraaf 10, 6678 PJ Oosterhout",FALSE,FALSE,FALSE,Netherlands,0,Digital - No Packaging,,,,EU Ecolabel,
PROD-2025-0967,Ultra Recovery Tools Bottle,Fitness,Recovery Tools,72219,8919046.5,82.8,144.44,Bol - BFC XL,BFCXL,8.71425E+12,"Divisiedok 1, 3439 JM Nieuwegein",FALSE,FALSE,TRUE,China,10.64,Mixed Plastic+Cardboard,,6.1,,,FALSE
PROD-2025-0968,Flex Hair Care Tools Lotion,Beauty & Skincare,Hair Care Tools,70717,8981059,76.36,157.32,Bol - BFC XL,BFCXL,8.71425E+12,"Divisiedok 1, 3439 JM Nieuwegein",FALSE,TRUE,TRUE,USA,6.38,Plastic,,,20,,FALSE
PROD-2025-0969,Portable Home Office Decor Planter,Home & Garden,Home Office Decor,90683,6393151.5,32.2,97.52,Bol - BFC Site 2,BFC2,8.71425E+12,"Mechie Trommelenweg 1, 5145 ND Waalwijk",TRUE,TRUE,TRUE,,193.39,Recyclable Cardboard,,,,,FALSE
PROD-2025-0970,Pro Smart Fitness Trackers Roller,Fitness,Smart Fitness Trackers,174345,30597547.5,128.8,194.12,Bol - BFC Site 1,BFC1,8.71425E+12,"Mechie Trommelenweg 1, 5145 ND Waalwijk",FALSE,TRUE,TRUE,Germany,54.29,Mixed Plastic+Cardboard,4,,,,FALSE
PROD-2025-0971,Sustainable Yoga Gear Bench,Fitness,Yoga Gear,82476,2886660,12.88,51.52,Bol - BFC XL 2,BFCXL2,8.71425E+12,"Rietgraaf 10, 6678 PJ Oosterhout",FALSE,TRUE,TRUE,China,84.2,Mixed Plastic+Cardboard,,,,,
PROD-2025-0972,Vital Menswear Sneakers,Fashion,Menswear,62976,10233600,118.68,180.32,Bol - BFC Site 2,BFC2,8.71425E+12,"Mechie Trommelenweg 1, 5145 ND Waalwijk",FALSE,FALSE,TRUE,,17.25,Plastic,4,2.1,61,EU Ecolabel,FALSE
PROD-2025-0973,Ergonomic Yoga Gear Dumbbell,Fitness,Yoga Gear,51344,7290848,115,146.28,Bol - BFC Site 2,BFC2,8.71425E+12,"Mechie Trommelenweg 1, 5145 ND Waalwijk",FALSE,TRUE,TRUE,China,54.59,Plastic,5,3.2,18,,FALSE
PROD-2025-0974,Premium Smart Pet Feeders Toy,Pet,Smart Pet Feeders,188901,19456803,80.96,108.56,Bol - BFC Site 2,BFC2,8.71425E+12,"Mechie Trommelenweg 1, 5145 ND Waalwijk",FALSE,TRUE,TRUE,Germany,4.48,Mixed Plastic+Cardboard,,,75,,FALSE
PROD-2025-0975,Nano Biodegradable Products Kit,Eco-Friendly,Biodegradable Products,89229,11867457,94.76,149.96,Bol - BFC Site 1,BFC1,8.71425E+12,"Mechie Trommelenweg 1, 5145 ND Waalwijk",FALSE,FALSE,TRUE,Sweden,,Plastic,7,4.9,,,FALSE
PROD-2025-0976,Ergonomic Home Office Decor Lamp,Home & Garden,Home Office Decor,77610,2173080,13.8,37.72,Bol - BFC XL,BFCXL,8.71425E+12,"Divisiedok 1, 3439 JM Nieuwegein",FALSE,TRUE,TRUE,Netherlands,141.05,,3,5.7,73,Fair Trade,FALSE
PROD-2025-0977,Pro Footwear Belt,Fashion,Footwear,484417,45050781,63.48,107.64,Bol - BFC Site 1,BFC1,8.71425E+12,"Mechie Trommelenweg 1, 5145 ND Waalwijk",FALSE,TRUE,TRUE,,,Foam + Plastic,3,4.6,16,,FALSE
PROD-2025-0978,Vital Home Gym Equipment Gloves,Fitness,Home Gym Equipment,62958,3777480,30.36,80.04,Bol - BFC XL 2,BFCXL2,8.71425E+12,"Rietgraaf 10, 6678 PJ Oosterhout",FALSE,TRUE,TRUE,Taiwan,,Mixed Plastic+Cardboard,3,7.4,57,Energy Star,FALSE
PROD-2025-0979,Vital Smart Pet Feeders Toy,Pet,Smart Pet Feeders,93371,7049510.5,38.64,100.28,Bol - BFC Site 2,BFC2,8.71425E+12,"Mechie Trommelenweg 1, 5145 ND Waalwijk",TRUE,TRUE,TRUE,Netherlands,11.57,Biodegradable,5,,,,
PROD-2025-0980,Ergonomic Interactive Pet Toys Collar,Pet,Interactive Pet Toys,450514,69379156,125.12,158.24,Bol - BFC Site 2,BFC2,8.71425E+12,"Mechie Trommelenweg 1, 5145 ND Waalwijk",FALSE,TRUE,TRUE,,,Mixed Plastic+Cardboard,,,,FSC Certified,FALSE
PROD-2025-0981,Smart Organic Baby Clothing Pacifier,Baby,Organic Baby Clothing,37321,5523508,95.68,176.64,Bol - BFC Site 1,BFC1,8.71425E+12,"Mechie Trommelenweg 1, 5145 ND Waalwijk",FALSE,TRUE,TRUE,,15.26,,5,,58,,FALSE
PROD-2025-0982,Pure Korean Skincare Serum,Beauty & Skincare,Korean Skincare,82043,12839729.5,116.84,171.12,Bol - BFC Site 1,BFC1,8.71425E+12,"Mechie Trommelenweg 1, 5145 ND Waalwijk",FALSE,TRUE,TRUE,South Korea,8.55,Foam + Plastic,3,0.5,73,,FALSE
PROD-2025-0983,Sustainable E-books Software,Digital Goods,E-books,12035,704047.5,31.28,76.36,Bol - BFC Site 2,BFC2,8.71425E+12,"Mechie Trommelenweg 1, 5145 ND Waalwijk",FALSE,FALSE,FALSE,USA,0,Digital - No Packaging,,,,,
PROD-2025-0984,Wireless Womenswear Jacket,Fashion,Womenswear,123380,15237430,95.68,131.56,Bol - BFC Site 2,BFC2,8.71425E+12,"Mechie Trommelenweg 1, 5145 ND Waalwijk",FALSE,TRUE,TRUE,Turkey,7.28,Biodegradable,,,73,Energy Star,FALSE
PROD-2025-0985,Smart Footwear Dress,Fashion,Footwear,64208,5971344,45.08,126.04,Bol - BFC Site 2,BFC2,8.71425E+12,"Mechie Trommelenweg 1, 5145 ND Waalwijk",FALSE,TRUE,TRUE,China,,,5,3.2,,Fair Trade,FALSE
PROD-2025-0986,Swift Charging Solutions Hub,Electronics,Charging Solutions,10147,867568.5,69.92,87.4,Bol - Ingram Micro,INGRAM,8.71242E+12,"Veerweg 16, 5145 NS Waalwijk",FALSE,FALSE,TRUE,,211.91,,8,6.1,14,,FALSE
PROD-2025-0987,Organic Baby Safety Gear Monitor,Baby,Baby Safety Gear,100781,8465604,42.32,112.24,Bol - BFC Site 2,BFC2,8.71425E+12,"Mechie Trommelenweg 1, 5145 ND Waalwijk",FALSE,TRUE,TRUE,Germany,,,,1.1,8,,
PROD-2025-0988,Luxe Solar Powered Gadgets Kit,Eco-Friendly,Solar Powered Gadgets,325694,24264203,36.8,100.28,Bol - BFC Site 2,BFC2,8.71425E+12,"Mechie Trommelenweg 1, 5145 ND Waalwijk",FALSE,TRUE,TRUE,Denmark,35.88,Recyclable Cardboard,7,,,,FALSE
PROD-2025-0989,Aura Stock Media Course,Digital Goods,Stock Media,49309,7667549.5,101.2,184.92,Bol - BFC XL,BFCXL,8.71425E+12,"Divisiedok 1, 3439 JM Nieuwegein",FALSE,FALSE,FALSE,Germany,0,Digital - No Packaging,,,,,
PROD-2025-0990,Eco Pet Apparel Brush,Pet,Pet Apparel,59304,3291372,25.76,76.36,Bol - Ingram Micro,INGRAM,8.71242E+12,"Veerweg 16, 5145 NS Waalwijk",FALSE,FALSE,TRUE,USA,18.29,,,3,45,,
PROD-2025-0991,Pro Womenswear T-Shirt,Fashion,Womenswear,90461,6377500.5,47.84,81.88,Bol - BFC Site 1,BFC1,8.71425E+12,"Mechie Trommelenweg 1, 5145 ND Waalwijk",TRUE,TRUE,TRUE,Bangladesh,,Plastic,,,72,,FALSE
PROD-2025-0992,Smart Smart Lighting Blender,Home & Garden,Smart Lighting,28632,4695648,130.64,171.12,Bol - BFC XL,BFCXL,8.71425E+12,"Divisiedok 1, 3439 JM Nieuwegein",FALSE,TRUE,TRUE,China,,Recyclable Cardboard,7,,65,,FALSE
PROD-2025-0993,Zen Organic Pet Food Leash,Pet,Organic Pet Food,30587,4893920,132.48,161.92,Bol - BFC XL,BFCXL,8.71425E+12,"Divisiedok 1, 3439 JM Nieuwegein",FALSE,FALSE,TRUE,China,13.09,Foam + Plastic,,,,,
PROD-2025-0994,Ergonomic Yoga Gear Bottle,Fitness,Yoga Gear,26479,3680581,92.92,162.84,Bol - BFC XL,BFCXL,8.71425E+12,"Divisiedok 1, 3439 JM Nieuwegein",FALSE,TRUE,TRUE,USA,,Plastic,4,7.3,36,,FALSE
PROD-2025-0995,Organic SaaS Subscriptions Tool,Digital Goods,SaaS Subscriptions,95966,7629297,29.44,116.84,Bol - Ingram Micro,INGRAM,8.71242E+12,"Veerweg 16, 5145 NS Waalwijk",FALSE,FALSE,FALSE,USA,0,Digital - No Packaging,,,,,
PROD-2025-0996,Glow Baby Safety Gear Crib,Baby,Baby Safety Gear,295113,43529167.5,124.2,147.2,Bol - BFC Site 2,BFC2,8.71425E+12,"Mechie Trommelenweg 1, 5145 ND Waalwijk",FALSE,TRUE,TRUE,,20.75,Plastic,,,,,FALSE
PROD-2025-0997,Ergonomic Upcycled Fashion Sponge,Eco-Friendly,Upcycled Fashion,97345,18349532.5,136.16,210.68,Bol - BFC Site 1,BFC1,8.71425E+12,"Mechie Trommelenweg 1, 5145 ND Waalwijk",FALSE,FALSE,TRUE,,12.37,Recyclable Cardboard,5,8.9,,,FALSE
PROD-2025-0998,Ultra Accessories Scarf,Fashion,Accessories,88171,5246174.5,22.08,87.4,Bol - BFC Site 1,BFC1,8.71425E+12,"Mechie Trommelenweg 1, 5145 ND Waalwijk",FALSE,TRUE,TRUE,Portugal,,,4,4.5,72,,FALSE
PROD-2025-0999,Flex Home Office Decor Diffuser,Home & Garden,Home Office Decor,10488,1284780,87.4,138,Bol - BFC XL,BFCXL,8.71425E+12,"Divisiedok 1, 3439 JM Nieuwegein",FALSE,TRUE,TRUE,,72.99,Mixed Plastic+Cardboard,2,10.1,,,FALSE
PROD-2025-1000,Pro Educational Toys Stroller,Baby,Educational Toys,46039,874741,14.72,20.24,Bol - BFC Site 1,BFC1,8.71425E+12,"Mechie Trommelenweg 1, 5145 ND Waalwijk",FALSE,FALSE,TRUE,,18.44,Recyclable Cardboard,2,1.4,63,,FALSE
